[05:51:46] [INFO] [1779659506.127677]: ==================================================
[05:51:46] [INFO] [1779659506.131189]: [Fusion] 節點啟動
[05:51:46] [INFO] [1779659506.133765]: [Fusion] 防守線 Y = 0.50 m
[05:51:46] [INFO] [1779659506.136650]: [Fusion] 訂閱 /ball_camera_world, /ball_lidar_world, /robot_pose
[05:51:46] [INFO] [1779659506.140532]: [Fusion] 發布 /cmd_vel
[05:51:46] [INFO] [1779659506.143783]: ==================================================
[05:51:46] [33m[WARN] [1779659506.164645]: [Fusion] 定位收斂！var_x=0.0002 → 切換至絕對位置控制
[05:51:46] [INFO] [1779659506.186809]: [Fusion] odom 原點記錄：X=-0.615
[05:51:46] [INFO] [1779659506.198903]: [EKF] 初始化完成，球的初始位置: X=1.505 Y=1.942
[05:51:46] [0m[33m[WARN] [1779659506.201960]: [Fusion] 球在場外 (1.50, 1.94)，維持巡邏
[05:51:46] [INFO] [1779659506.205472]: [PATROL-ABS] 目標X=+0.45 機器人X=+0.16 誤差=+0.29
[05:51:46] [INFO] [1779659506.706292]: [PATROL-ABS] 目標X=+0.45 機器人X=+0.12 誤差=+0.33
[05:51:47] [0m[33m[WARN] [1779659507.209839]: [Fusion] 球在場外 (1.50, 1.94)，維持巡邏
[05:51:47] [INFO] [1779659507.308577]: [PATROL-ABS] 目標X=+0.45 機器人X=+0.01 誤差=+0.44
[05:51:47] [INFO] [1779659507.905475]: [PATROL-ABS] 目標X=+0.45 機器人X=-0.10 誤差=+0.55
[05:51:48] [0m[33m[WARN] [1779659508.236035]: [Fusion] 球在場外 (1.50, 1.94)，維持巡邏
[05:51:48] [INFO] [1779659508.405864]: [PATROL-ABS] 目標X=+0.45 機器人X=-0.20 誤差=+0.65
[05:51:49] [INFO] [1779659509.006059]: [PATROL-ABS] 目標X=+0.45 機器人X=-0.31 誤差=+0.76
[05:51:49] [0m[33m[WARN] [1779659509.254508]: [Fusion] 球在場外 (1.50, 1.94)，維持巡邏
[05:51:49] [INFO] [1779659509.605873]: [PATROL-ABS] 目標X=+0.45 機器人X=-0.42 誤差=+0.87
[05:51:50] [INFO] [1779659510.205617]: [PATROL-ABS] 目標X=+0.45 機器人X=-0.53 誤差=+0.98
[05:51:50] [0m[33m[WARN] [1779659510.258551]: [Fusion] 球在場外 (1.51, 1.94)，維持巡邏
[05:51:50] [INFO] [1779659510.805926]: [PATROL-ABS] 目標X=+0.45 機器人X=-0.64 誤差=+1.09
[05:51:51] [0m[33m[WARN] [1779659511.053965]: [Fusion] 節點關閉，發送停止指令
[05:54:12] [INFO] [1779659652.397158]: ==================================================
[05:54:12] [INFO] [1779659652.401355]: [Fusion] 節點啟動
[05:54:12] [INFO] [1779659652.407023]: [Fusion] 防守線 Y = 0.50 m
[05:54:12] [INFO] [1779659652.412891]: [Fusion] 訂閱 /ball_camera_world, /ball_lidar_world, /robot_pose
[05:54:12] [33m[WARN] [1779659652.415074]: [Fusion] 定位收斂！var_x=0.0003 → 切換至絕對位置控制
[05:54:12] [INFO] [1779659652.421227]: [Fusion] 發布 /cmd_vel
[05:54:12] [INFO] [1779659652.426730]: [EKF] 初始化完成，球的初始位置: X=1.512 Y=1.955
[05:54:12] [INFO] [1779659652.429628]: ==================================================
[05:54:12] [0m[33m[WARN] [1779659652.434808]: [Fusion] 球在場外 (1.51, 1.96)，維持巡邏
[05:54:12] [INFO] [1779659652.444328]: [Fusion] odom 原點記錄：X=0.169
[05:54:12] [INFO] [1779659652.473176]: [PATROL-ABS] 目標X=+0.45 機器人X=-0.73 誤差=+1.18
[05:54:12] [INFO] [1779659652.973335]: [PATROL-ABS] 目標X=+0.45 機器人X=-0.70 誤差=+1.15
[05:54:13] [0m[33m[WARN] [1779659653.437158]: [Fusion] 球在場外 (1.51, 1.95)，維持巡邏
[05:54:13] [INFO] [1779659653.475026]: [PATROL-ABS] 目標X=+0.45 機器人X=-0.61 誤差=+1.06
[05:54:14] [INFO] [1779659654.073288]: [PATROL-ABS] 目標X=+0.45 機器人X=-0.50 誤差=+0.95
[05:54:14] [0m[33m[WARN] [1779659654.446662]: [Fusion] 球在場外 (1.51, 1.96)，維持巡邏
[05:54:14] [INFO] [1779659654.573684]: [PATROL-ABS] 目標X=+0.45 機器人X=-0.41 誤差=+0.86
[05:54:15] [INFO] [1779659655.173646]: [PATROL-ABS] 目標X=+0.45 機器人X=-0.30 誤差=+0.75
[05:54:15] [0m[33m[WARN] [1779659655.482191]: [Fusion] 球在場外 (1.51, 1.96)，維持巡邏
[05:54:15] [INFO] [1779659655.773481]: [PATROL-ABS] 目標X=+0.45 機器人X=-0.19 誤差=+0.64
[05:54:16] [INFO] [1779659656.365469]: [TRACK] 球(+1.47, 1.94) v=(-0.05, -0.02) | 機器人X=-0.08 誤差=+0.53 | 速度=+0.22 θ=-0.013
[05:54:16] [0m[33m[WARN] [1779659656.373251]: [Fusion] 球在場外 (1.51, 1.95)，立即切換至巡邏
[05:54:16] [0m[33m[WARN] [1779659656.417659]: [Fusion] 球在場外 (1.51, 1.96)，立即切換至巡邏
[05:54:16] [0m[33m[WARN] [1779659656.490205]: [Fusion] 球在場外 (1.51, 1.95)，立即切換至巡邏
[05:54:16] [0m[33m[WARN] [1779659656.525203]: [Fusion] 球在場外 (1.51, 1.95)，維持巡邏
[05:54:16] [INFO] [1779659656.573673]: [PATROL-ABS] 目標X=+0.45 機器人X=-0.06 誤差=+0.51
[05:54:16] [INFO] [1779659656.667657]: [TRACK] 球(+1.45, 1.93) v=(-0.06, -0.02) | 機器人X=-0.06 誤差=+0.51 | 速度=+0.07 θ=-0.025
[05:54:16] [0m[33m[WARN] [1779659656.679833]: [Fusion] 球在場外 (1.51, 1.96)，立即切換至巡邏
[05:54:16] [0m[33m[WARN] [1779659656.725499]: [Fusion] 球在場外 (1.51, 1.95)，立即切換至巡邏
[05:54:16] [INFO] [1779659656.916399]: [TRACK] 球(+1.45, 1.94) v=(-0.04, -0.00) | 機器人X=-0.07 誤差=+0.52 | 速度=+0.11 θ=-0.026
[05:54:16] [0m[33m[WARN] [1779659656.937523]: [Fusion] 球在場外 (1.53, 1.99)，立即切換至巡邏
[05:54:16] [0m[33m[WARN] [1779659656.982703]: [Fusion] 球在場外 (1.55, 2.03)，立即切換至巡邏
[05:54:17] [INFO] [1779659657.165866]: [TRACK] 球(+1.46, 1.97) v=(-0.03, +0.02) | 機器人X=-0.05 誤差=+0.50 | 速度=+0.07 θ=-0.037
[05:54:17] [0m[33m[WARN] [1779659657.172104]: [Fusion] 球在場外 (1.54, 2.00)，立即切換至巡邏
[05:54:17] [0m[33m[WARN] [1779659657.217189]: [Fusion] 球在場外 (1.51, 1.96)，立即切換至巡邏
[05:54:17] [0m[33m[WARN] [1779659657.301280]: [Fusion] 球在場外 (1.51, 1.95)，立即切換至巡邏
[05:54:17] [0m[33m[WARN] [1779659657.354216]: [Fusion] 球在場外 (1.52, 1.97)，立即切換至巡邏
[05:54:17] [INFO] [1779659657.367718]: [TRACK] 球(+1.40, 1.93) v=(-0.09, -0.03) | 機器人X=-0.06 誤差=+0.51 | 速度=+0.00 θ=-0.038
[05:54:17] [0m[33m[WARN] [1779659657.411766]: [Fusion] 球在場外 (1.52, 1.97)，立即切換至巡邏
[05:54:17] [0m[33m[WARN] [1779659657.483183]: [Fusion] 球在場外 (1.52, 1.96)，立即切換至巡邏
[05:54:17] [0m[33m[WARN] [1779659657.517457]: [Fusion] 球在場外 (1.52, 1.96)，立即切換至巡邏
[05:54:17] [0m[33m[WARN] [1779659657.544531]: [Fusion] 球在場外 (1.52, 1.96)，維持巡邏
[05:54:17] [INFO] [1779659657.568355]: [TRACK] 球(+1.40, 1.92) v=(-0.08, -0.03) | 機器人X=-0.06 誤差=+0.51 | 速度=+0.00 θ=-0.041
[05:54:17] [0m[33m[WARN] [1779659657.594495]: [Fusion] 球在場外 (1.51, 1.95)，立即切換至巡邏
[05:54:17] [0m[33m[WARN] [1779659657.658485]: [Fusion] 球在場外 (1.51, 1.96)，立即切換至巡邏
[05:54:17] [0m[33m[WARN] [1779659657.706230]: [Fusion] 球在場外 (1.51, 1.95)，立即切換至巡邏
[05:54:17] [0m[33m[WARN] [1779659657.749534]: [Fusion] 球在場外 (1.51, 1.95)，立即切換至巡邏
[05:54:17] [0m[33m[WARN] [1779659657.787856]: [Fusion] 球在場外 (1.51, 1.95)，立即切換至巡邏
[05:54:17] [INFO] [1779659657.815786]: [TRACK] 球(+1.37, 1.91) v=(-0.09, -0.04) | 機器人X=-0.06 誤差=+0.51 | 速度=+0.00 θ=-0.047
[05:54:17] [0m[33m[WARN] [1779659657.825905]: [Fusion] 球在場外 (1.51, 1.96)，立即切換至巡邏
[05:54:17] [0m[33m[WARN] [1779659657.871445]: [Fusion] 球在場外 (1.52, 1.96)，立即切換至巡邏
[05:54:17] [0m[33m[WARN] [1779659657.943084]: [Fusion] 球在場外 (1.52, 1.96)，立即切換至巡邏
[05:54:17] [0m[33m[WARN] [1779659657.982269]: [Fusion] 球在場外 (1.51, 1.95)，立即切換至巡邏
[05:54:18] [INFO] [1779659658.015992]: [TRACK] 球(+1.38, 1.91) v=(-0.07, -0.03) | 機器人X=-0.06 誤差=+0.51 | 速度=+0.00 θ=-0.051
[05:54:18] [0m[33m[WARN] [1779659658.017995]: [Fusion] 球在場外 (1.51, 1.95)，立即切換至巡邏
[05:54:18] [0m[33m[WARN] [1779659658.088051]: [Fusion] 球在場外 (1.51, 1.95)，立即切換至巡邏
[05:54:18] [0m[33m[WARN] [1779659658.128399]: [Fusion] 球在場外 (1.52, 1.96)，立即切換至巡邏
[05:54:18] [0m[33m[WARN] [1779659658.204112]: [Fusion] 球在場外 (1.51, 1.96)，立即切換至巡邏
[05:54:18] [INFO] [1779659658.216165]: [TRACK] 球(+1.41, 1.92) v=(-0.03, -0.02) | 機器人X=-0.06 誤差=+0.51 | 速度=+0.00 θ=-0.054
[05:54:18] [0m[33m[WARN] [1779659658.243786]: [Fusion] 球在場外 (1.51, 1.95)，立即切換至巡邏
[05:54:18] [0m[33m[WARN] [1779659658.282333]: [Fusion] 球在場外 (1.52, 1.96)，立即切換至巡邏
[05:54:18] [0m[33m[WARN] [1779659658.316633]: [Fusion] 球在場外 (1.51, 1.95)，立即切換至巡邏
[05:54:18] [0m[33m[WARN] [1779659658.398141]: [Fusion] 球在場外 (1.51, 1.95)，立即切換至巡邏
[05:54:18] [INFO] [1779659658.416458]: [TRACK] 球(+1.40, 1.92) v=(-0.04, -0.02) | 機器人X=-0.06 誤差=+0.51 | 速度=+0.00 θ=-0.057
[05:54:18] [0m[33m[WARN] [1779659658.427287]: [Fusion] 球在場外 (1.51, 1.95)，立即切換至巡邏
[05:54:18] [0m[33m[WARN] [1779659658.498125]: [Fusion] 球在場外 (1.51, 1.95)，立即切換至巡邏
[05:54:18] [0m[33m[WARN] [1779659658.530565]: [Fusion] 球在場外 (1.52, 1.96)，立即切換至巡邏
[05:54:18] [0m[33m[WARN] [1779659658.567280]: [Fusion] 球在場外 (1.51, 1.95)，立即切換至巡邏
[05:54:18] [INFO] [1779659658.573190]: [PATROL-ABS] 目標X=+0.45 機器人X=-0.06 誤差=+0.51
[05:54:18] [0m[33m[WARN] [1779659658.602146]: [Fusion] 球在場外 (1.51, 1.95)，維持巡邏
[05:54:18] [0m[33m[WARN] [1779659658.639538]: [Fusion] 球在場外 (1.51, 1.95)，立即切換至巡邏
[05:54:18] [INFO] [1779659658.666329]: [TRACK] 球(+1.40, 1.92) v=(-0.04, -0.02) | 機器人X=-0.06 誤差=+0.51 | 速度=+0.00 θ=-0.060
[05:54:18] [0m[33m[WARN] [1779659658.674612]: [Fusion] 球在場外 (1.52, 1.96)，立即切換至巡邏
[05:54:18] [0m[33m[WARN] [1779659658.747197]: [Fusion] 球在場外 (1.51, 1.95)，立即切換至巡邏
[05:54:18] [0m[33m[WARN] [1779659658.783391]: [Fusion] 球在場外 (1.51, 1.95)，立即切換至巡邏
[05:54:18] [0m[33m[WARN] [1779659658.818149]: [Fusion] 球在場外 (1.51, 1.95)，立即切換至巡邏
[05:54:18] [0m[33m[WARN] [1779659658.888357]: [Fusion] 球在場外 (1.52, 1.96)，立即切換至巡邏
[05:54:18] [INFO] [1779659658.916332]: [TRACK] 球(+1.40, 1.92) v=(-0.03, -0.01) | 機器人X=-0.06 誤差=+0.51 | 速度=+0.00 θ=-0.056
[05:54:18] [0m[33m[WARN] [1779659658.925161]: [Fusion] 球在場外 (1.52, 1.96)，立即切換至巡邏
[05:54:18] [0m[33m[WARN] [1779659658.992924]: [Fusion] 球在場外 (1.52, 1.96)，立即切換至巡邏
[05:54:19] [0m[33m[WARN] [1779659659.025236]: [Fusion] 球在場外 (1.51, 1.95)，立即切換至巡邏
[05:54:19] [0m[33m[WARN] [1779659659.095840]: [Fusion] 球在場外 (1.51, 1.95)，立即切換至巡邏
[05:54:19] [0m[33m[WARN] [1779659659.131923]: [Fusion] 球在場外 (1.51, 1.95)，立即切換至巡邏
[05:54:19] [INFO] [1779659659.166908]: [TRACK] 球(+1.43, 1.92) v=(-0.00, -0.00) | 機器人X=-0.06 誤差=+0.51 | 速度=+0.00 θ=-0.057
[05:54:19] [0m[33m[WARN] [1779659659.204278]: [Fusion] 球在場外 (1.51, 1.95)，立即切換至巡邏
[05:54:19] [0m[33m[WARN] [1779659659.236683]: [Fusion] 球在場外 (1.51, 1.96)，立即切換至巡邏
[05:54:19] [0m[33m[WARN] [1779659659.274210]: [Fusion] 球在場外 (1.51, 1.96)，立即切換至巡邏
[05:54:19] [0m[33m[WARN] [1779659659.342864]: [Fusion] 球在場外 (1.51, 1.95)，立即切換至巡邏
[05:54:19] [0m[33m[WARN] [1779659659.376701]: [Fusion] 球在場外 (1.51, 1.96)，立即切換至巡邏
[05:54:19] [INFO] [1779659659.415743]: [TRACK] 球(+1.42, 1.93) v=(-0.01, -0.00) | 機器人X=-0.07 誤差=+0.52 | 速度=+0.00 θ=-0.060
[05:54:19] [0m[33m[WARN] [1779659659.443954]: [Fusion] 球在場外 (1.51, 1.95)，立即切換至巡邏
[05:54:19] [INFO] [1779659659.473273]: [PATROL-ABS] 目標X=+0.45 機器人X=-0.07 誤差=+0.52
[05:54:19] [0m[33m[WARN] [1779659659.615733]: [Fusion] 球在場外 (1.51, 1.96)，維持巡邏
[05:54:19] [INFO] [1779659659.717919]: [TRACK] 球(+1.47, 1.94) v=(+0.03, +0.01) | 機器人X=-0.07 誤差=+0.52 | 速度=+0.19 θ=-0.067
[05:54:19] [0m[33m[WARN] [1779659659.735440]: [Fusion] 球在場外 (1.51, 1.95)，立即切換至巡邏
[05:54:19] [0m[33m[WARN] [1779659659.787902]: [Fusion] 球在場外 (1.51, 1.95)，立即切換至巡邏
[05:54:19] [0m[33m[WARN] [1779659659.839280]: [Fusion] 球在場外 (1.52, 1.96)，立即切換至巡邏
[05:54:19] [0m[33m[WARN] [1779659659.880784]: [Fusion] 球在場外 (1.52, 1.96)，立即切換至巡邏
[05:54:19] [0m[33m[WARN] [1779659659.923014]: [Fusion] 球在場外 (1.51, 1.95)，立即切換至巡邏
[05:54:19] [INFO] [1779659659.966341]: [TRACK] 球(+1.38, 1.91) v=(-0.07, -0.02) | 機器人X=-0.06 誤差=+0.51 | 速度=+0.00 θ=-0.057
[05:54:19] [0m[33m[WARN] [1779659659.974266]: [Fusion] 球在場外 (1.52, 1.96)，立即切換至巡邏
[05:54:20] [0m[33m[WARN] [1779659660.058313]: [Fusion] 球在場外 (1.52, 1.96)，立即切換至巡邏
[05:54:20] [0m[33m[WARN] [1779659660.118677]: [Fusion] 球在場外 (1.51, 1.95)，立即切換至巡邏
[05:54:20] [INFO] [1779659660.173283]: [PATROL-ABS] 目標X=+0.45 機器人X=-0.07 誤差=+0.52
[05:54:20] [INFO] [1779659660.216219]: [TRACK] 球(+1.43, 1.93) v=(-0.01, -0.00) | 機器人X=-0.07 誤差=+0.52 | 速度=+0.03 θ=-0.079
[05:54:20] [0m[33m[WARN] [1779659660.239770]: [Fusion] 球在場外 (1.52, 1.96)，立即切換至巡邏
[05:54:20] [0m[33m[WARN] [1779659660.279523]: [Fusion] 球在場外 (1.52, 1.96)，立即切換至巡邏
[05:54:20] [0m[33m[WARN] [1779659660.348706]: [Fusion] 球在場外 (1.52, 1.96)，立即切換至巡邏
[05:54:20] [INFO] [1779659660.416591]: [TRACK] 球(+1.36, 1.89) v=(-0.09, -0.05) | 機器人X=-0.05 誤差=+0.50 | 速度=+0.04 θ=-0.130
[05:54:20] [0m[33m[WARN] [1779659660.424045]: [Fusion] 球在場外 (1.52, 1.96)，立即切換至巡邏
[05:54:20] [0m[33m[WARN] [1779659660.478416]: [Fusion] 球在場外 (1.52, 1.96)，立即切換至巡邏
[05:54:20] [0m[33m[WARN] [1779659660.520490]: [Fusion] 球在場外 (1.51, 1.96)，立即切換至巡邏
[05:54:20] [0m[33m[WARN] [1779659660.585951]: [Fusion] 球在場外 (1.51, 1.95)，立即切換至巡邏
[05:54:20] [INFO] [1779659660.618809]: [TRACK] 球(+1.40, 1.89) v=(-0.03, -0.03) | 機器人X=-0.04 誤差=+0.49 | 速度=+0.00 θ=-0.140
[05:54:20] [0m[33m[WARN] [1779659660.636402]: [Fusion] 球在場外 (1.51, 1.95)，立即切換至巡邏
[05:54:20] [0m[33m[WARN] [1779659660.695844]: [Fusion] 球在場外 (1.51, 1.95)，立即切換至巡邏
[05:54:20] [0m[33m[WARN] [1779659660.746123]: [Fusion] 球在場外 (1.51, 1.95)，維持巡邏
[05:54:20] [INFO] [1779659660.773481]: [PATROL-ABS] 目標X=+0.45 機器人X=-0.04 誤差=+0.49
[05:54:20] [INFO] [1779659660.866978]: [TRACK] 球(+1.47, 1.92) v=(+0.04, +0.00) | 機器人X=-0.03 誤差=+0.48 | 速度=+0.07 θ=-0.180
[05:54:20] [0m[33m[WARN] [1779659660.891892]: [Fusion] 球在場外 (1.52, 1.96)，立即切換至巡邏
[05:54:20] [0m[33m[WARN] [1779659660.930915]: [Fusion] 球在場外 (1.52, 1.96)，立即切換至巡邏
[05:54:20] [0m[33m[WARN] [1779659660.999208]: [Fusion] 球在場外 (1.52, 1.96)，立即切換至巡邏
[05:54:21] [INFO] [1779659661.266186]: [TRACK] 球(+1.49, 1.93) v=(+0.04, +0.00) | 機器人X=-0.01 誤差=+0.46 | 速度=+0.15 θ=-0.156
[05:54:21] [0m[33m[WARN] [1779659661.274076]: [Fusion] 球在場外 (1.52, 1.96)，立即切換至巡邏
[05:54:21] [0m[33m[WARN] [1779659661.351125]: [Fusion] 球在場外 (1.52, 1.97)，立即切換至巡邏
[05:54:21] [INFO] [1779659661.373260]: [PATROL-ABS] 目標X=+0.45 機器人X=-0.00 誤差=+0.45
[05:54:21] [INFO] [1779659661.973268]: [PATROL-ABS] 目標X=+0.45 機器人X=+0.06 誤差=+0.39
[05:54:21] [0m[33m[WARN] [1779659661.990190]: [Fusion] 球在場外 (1.52, 1.95)，維持巡邏
[05:54:22] [INFO] [1779659662.573203]: [PATROL-ABS] 目標X=+0.45 機器人X=+0.18 誤差=+0.27
[05:54:22] [0m[33m[WARN] [1779659662.816535]: [Fusion] 球消失超過 1.5 秒，重置 EKF
[05:54:22] [INFO] [1779659662.821962]: [EKF] 初始化完成，球的初始位置: X=1.514 Y=1.953
[05:54:22] [0m[33m[WARN] [1779659662.865572]: [Fusion] 球消失超過 1.5 秒，重置 EKF
[05:54:22] [INFO] [1779659662.873649]: [EKF] 初始化完成，球的初始位置: X=1.515 Y=1.955
[05:54:22] [0m[33m[WARN] [1779659662.915470]: [Fusion] 球消失超過 1.5 秒，重置 EKF
[05:54:22] [INFO] [1779659662.946645]: [EKF] 初始化完成，球的初始位置: X=1.513 Y=1.952
[05:54:22] [0m[33m[WARN] [1779659662.965001]: [Fusion] 球消失超過 1.5 秒，重置 EKF
[05:54:22] [INFO] [1779659662.984116]: [EKF] 初始化完成，球的初始位置: X=1.515 Y=1.954
[05:54:23] [0m[33m[WARN] [1779659663.016469]: [Fusion] 球消失超過 1.5 秒，重置 EKF
[05:54:23] [INFO] [1779659663.030141]: [EKF] 初始化完成，球的初始位置: X=1.515 Y=1.954
[05:54:23] [0m[33m[WARN] [1779659663.033275]: [Fusion] 球在場外 (1.51, 1.95)，維持巡邏
[05:54:23] [0m[33m[WARN] [1779659663.066633]: [Fusion] 球消失超過 1.5 秒，重置 EKF
[05:54:23] [INFO] [1779659663.073548]: [PATROL-ABS] 目標X=+0.45 機器人X=+0.26 誤差=+0.19
[05:54:23] [INFO] [1779659663.075078]: [EKF] 初始化完成，球的初始位置: X=1.514 Y=1.954
[05:54:23] [0m[33m[WARN] [1779659663.116663]: [Fusion] 球消失超過 1.5 秒，重置 EKF
[05:54:23] [INFO] [1779659663.160783]: [EKF] 初始化完成，球的初始位置: X=1.515 Y=1.956
[05:54:23] [0m[33m[WARN] [1779659663.164822]: [Fusion] 球消失超過 1.5 秒，重置 EKF
[05:54:23] [INFO] [1779659663.201121]: [EKF] 初始化完成，球的初始位置: X=1.514 Y=1.953
[05:54:23] [0m[33m[WARN] [1779659663.215318]: [Fusion] 球消失超過 1.5 秒，重置 EKF
[05:54:23] [INFO] [1779659663.237609]: [EKF] 初始化完成，球的初始位置: X=1.514 Y=1.954
[05:54:23] [0m[33m[WARN] [1779659663.265204]: [Fusion] 球消失超過 1.5 秒，重置 EKF
[05:54:23] [INFO] [1779659663.272972]: [EKF] 初始化完成，球的初始位置: X=1.514 Y=1.954
[05:54:23] [0m[33m[WARN] [1779659663.315245]: [Fusion] 球消失超過 1.5 秒，重置 EKF
[05:54:23] [INFO] [1779659663.383838]: [EKF] 初始化完成，球的初始位置: X=1.516 Y=1.956
[05:54:23] [0m[33m[WARN] [1779659663.416187]: [Fusion] 球消失超過 1.5 秒，重置 EKF
[05:54:23] [INFO] [1779659663.673306]: [PATROL-ABS] 目標X=+0.45 機器人X=+0.36 誤差=+0.09
[05:54:23] [INFO] [1779659663.685984]: [EKF] 初始化完成，球的初始位置: X=1.448 Y=2.035
[05:54:23] [0m[33m[WARN] [1779659663.715774]: [Fusion] 球消失超過 1.5 秒，重置 EKF
[05:54:23] [INFO] [1779659663.908896]: [EKF] 初始化完成，球的初始位置: X=1.443 Y=1.934
[05:54:23] [0m[33m[WARN] [1779659663.914948]: [Fusion] 球消失超過 1.5 秒，重置 EKF
[05:54:23] [INFO] [1779659663.943874]: [EKF] 初始化完成，球的初始位置: X=1.456 Y=1.942
[05:54:23] [0m[33m[WARN] [1779659663.965209]: [Fusion] 球消失超過 1.5 秒，重置 EKF
[05:54:23] [INFO] [1779659663.977884]: [EKF] 初始化完成，球的初始位置: X=1.456 Y=1.924
[05:54:24] [0m[33m[WARN] [1779659664.015537]: [Fusion] 球消失超過 1.5 秒，重置 EKF
[05:54:24] [INFO] [1779659664.053495]: [EKF] 初始化完成，球的初始位置: X=1.477 Y=1.939
[05:54:24] [0m[33m[WARN] [1779659664.056520]: [Fusion] 球在場外 (1.48, 1.94)，維持巡邏
[05:54:24] [0m[33m[WARN] [1779659664.065640]: [Fusion] 球消失超過 1.5 秒，重置 EKF
[05:54:24] [INFO] [1779659664.091527]: [EKF] 初始化完成，球的初始位置: X=1.486 Y=1.944
[05:54:24] [0m[33m[WARN] [1779659664.115272]: [Fusion] 球消失超過 1.5 秒，重置 EKF
[05:54:24] [INFO] [1779659664.129021]: [EKF] 初始化完成，球的初始位置: X=1.486 Y=1.937
[05:54:24] [0m[33m[WARN] [1779659664.165633]: [Fusion] 球消失超過 1.5 秒，重置 EKF
[05:54:24] [INFO] [1779659664.201038]: [EKF] 初始化完成，球的初始位置: X=1.488 Y=1.933
[05:54:24] [0m[33m[WARN] [1779659664.215012]: [Fusion] 球消失超過 1.5 秒，重置 EKF
[05:54:24] [INFO] [1779659664.244459]: [EKF] 初始化完成，球的初始位置: X=1.493 Y=1.939
[05:54:24] [0m[33m[WARN] [1779659664.265635]: [Fusion] 球消失超過 1.5 秒，重置 EKF
[05:54:24] [INFO] [1779659664.273537]: [PATROL-ABS] 目標X=-0.45 機器人X=+0.38 誤差=-0.83
[05:54:24] [INFO] [1779659664.284120]: [EKF] 初始化完成，球的初始位置: X=1.505 Y=1.938
[05:54:24] [0m[33m[WARN] [1779659664.315263]: [Fusion] 球消失超過 1.5 秒，重置 EKF
[05:54:24] [INFO] [1779659664.321953]: [EKF] 初始化完成，球的初始位置: X=1.505 Y=1.938
[05:54:24] [0m[33m[WARN] [1779659664.364923]: [Fusion] 球消失超過 1.5 秒，重置 EKF
[05:54:24] [INFO] [1779659664.395069]: [EKF] 初始化完成，球的初始位置: X=1.508 Y=1.943
[05:54:24] [0m[33m[WARN] [1779659664.415081]: [Fusion] 球消失超過 1.5 秒，重置 EKF
[05:54:24] [INFO] [1779659664.429885]: [EKF] 初始化完成，球的初始位置: X=1.511 Y=1.945
[05:54:24] [0m[33m[WARN] [1779659664.464799]: [Fusion] 球消失超過 1.5 秒，重置 EKF
[05:54:24] [INFO] [1779659664.501230]: [EKF] 初始化完成，球的初始位置: X=1.507 Y=1.942
[05:54:24] [0m[33m[WARN] [1779659664.515067]: [Fusion] 球消失超過 1.5 秒，重置 EKF
[05:54:24] [INFO] [1779659664.539495]: [EKF] 初始化完成，球的初始位置: X=1.507 Y=1.942
[05:54:24] [0m[33m[WARN] [1779659664.564873]: [Fusion] 球消失超過 1.5 秒，重置 EKF
[05:54:24] [INFO] [1779659664.577475]: [EKF] 初始化完成，球的初始位置: X=1.510 Y=1.946
[05:54:24] [0m[33m[WARN] [1779659664.615143]: [Fusion] 球消失超過 1.5 秒，重置 EKF
[05:54:24] [INFO] [1779659664.621007]: [EKF] 初始化完成，球的初始位置: X=1.507 Y=1.942
[05:54:24] [0m[33m[WARN] [1779659664.664634]: [Fusion] 球消失超過 1.5 秒，重置 EKF
[05:54:24] [INFO] [1779659664.692038]: [EKF] 初始化完成，球的初始位置: X=1.509 Y=1.945
[05:54:24] [0m[33m[WARN] [1779659664.715748]: [Fusion] 球消失超過 1.5 秒，重置 EKF
[05:54:24] [INFO] [1779659664.729139]: [EKF] 初始化完成，球的初始位置: X=1.508 Y=1.944
[05:54:24] [0m[33m[WARN] [1779659664.764927]: [Fusion] 球消失超過 1.5 秒，重置 EKF
[05:54:24] [INFO] [1779659664.801418]: [EKF] 初始化完成，球的初始位置: X=1.509 Y=1.943
[05:54:24] [0m[33m[WARN] [1779659664.815035]: [Fusion] 球消失超過 1.5 秒，重置 EKF
[05:54:24] [INFO] [1779659664.842001]: [EKF] 初始化完成，球的初始位置: X=1.507 Y=1.940
[05:54:24] [0m[33m[WARN] [1779659664.865205]: [Fusion] 球消失超過 1.5 秒，重置 EKF
[05:54:24] [INFO] [1779659664.873509]: [PATROL-ABS] 目標X=-0.45 機器人X=+0.26 誤差=-0.71
[05:54:24] [INFO] [1779659664.878613]: [EKF] 初始化完成，球的初始位置: X=1.508 Y=1.942
[05:54:24] [0m[33m[WARN] [1779659664.915041]: [Fusion] 球消失超過 1.5 秒，重置 EKF
[05:54:24] [INFO] [1779659664.919862]: [EKF] 初始化完成，球的初始位置: X=1.508 Y=1.942
[05:54:24] [0m[33m[WARN] [1779659664.965164]: [Fusion] 球消失超過 1.5 秒，重置 EKF
[05:54:24] [INFO] [1779659664.991207]: [EKF] 初始化完成，球的初始位置: X=1.508 Y=1.942
[05:54:25] [0m[33m[WARN] [1779659665.015645]: [Fusion] 球消失超過 1.5 秒，重置 EKF
[05:54:25] [INFO] [1779659665.023159]: [EKF] 初始化完成，球的初始位置: X=1.511 Y=1.948
[05:54:25] [0m[33m[WARN] [1779659665.061792]: [Fusion] 球在場外 (1.51, 1.94)，維持巡邏
[05:54:25] [0m[33m[WARN] [1779659665.065461]: [Fusion] 球消失超過 1.5 秒，重置 EKF
[05:54:25] [INFO] [1779659665.095290]: [EKF] 初始化完成，球的初始位置: X=1.510 Y=1.947
[05:54:25] [0m[33m[WARN] [1779659665.115208]: [Fusion] 球消失超過 1.5 秒，重置 EKF
[05:54:25] [INFO] [1779659665.131902]: [EKF] 初始化完成，球的初始位置: X=1.509 Y=1.943
[05:54:25] [0m[33m[WARN] [1779659665.164928]: [Fusion] 球消失超過 1.5 秒，重置 EKF
[05:54:25] [INFO] [1779659665.202489]: [EKF] 初始化完成，球的初始位置: X=1.510 Y=1.946
[05:54:25] [0m[33m[WARN] [1779659665.215166]: [Fusion] 球消失超過 1.5 秒，重置 EKF
[05:54:25] [INFO] [1779659665.234848]: [EKF] 初始化完成，球的初始位置: X=1.513 Y=1.950
[05:54:25] [0m[33m[WARN] [1779659665.264882]: [Fusion] 球消失超過 1.5 秒，重置 EKF
[05:54:25] [INFO] [1779659665.299894]: [EKF] 初始化完成，球的初始位置: X=1.512 Y=1.951
[05:54:25] [0m[33m[WARN] [1779659665.315338]: [Fusion] 球消失超過 1.5 秒，重置 EKF
[05:54:25] [INFO] [1779659665.336688]: [EKF] 初始化完成，球的初始位置: X=1.511 Y=1.946
[05:54:25] [0m[33m[WARN] [1779659665.364905]: [Fusion] 球消失超過 1.5 秒，重置 EKF
[05:54:25] [INFO] [1779659665.371601]: [EKF] 初始化完成，球的初始位置: X=1.510 Y=1.946
[05:54:25] [0m[33m[WARN] [1779659665.414793]: [Fusion] 球消失超過 1.5 秒，重置 EKF
[05:54:25] [INFO] [1779659665.441217]: [EKF] 初始化完成，球的初始位置: X=1.510 Y=1.947
[05:54:25] [0m[33m[WARN] [1779659665.464836]: [Fusion] 球消失超過 1.5 秒，重置 EKF
[05:54:25] [INFO] [1779659665.473557]: [PATROL-ABS] 目標X=-0.45 機器人X=+0.14 誤差=-0.59
[05:54:25] [INFO] [1779659665.479537]: [EKF] 初始化完成，球的初始位置: X=1.510 Y=1.946
[05:54:25] [0m[33m[WARN] [1779659665.515446]: [Fusion] 球消失超過 1.5 秒，重置 EKF
[05:54:25] [INFO] [1779659665.556364]: [EKF] 初始化完成，球的初始位置: X=1.508 Y=1.943
[05:54:25] [0m[33m[WARN] [1779659665.564724]: [Fusion] 球消失超過 1.5 秒，重置 EKF
[05:54:25] [INFO] [1779659665.598316]: [EKF] 初始化完成，球的初始位置: X=1.510 Y=1.946
[05:54:25] [0m[33m[WARN] [1779659665.615499]: [Fusion] 球消失超過 1.5 秒，重置 EKF
[05:54:25] [INFO] [1779659665.655355]: [EKF] 初始化完成，球的初始位置: X=1.509 Y=1.944
[05:54:25] [0m[33m[WARN] [1779659665.665271]: [Fusion] 球消失超過 1.5 秒，重置 EKF
[05:54:25] [INFO] [1779659665.700774]: [EKF] 初始化完成，球的初始位置: X=1.514 Y=1.952
[05:54:25] [0m[33m[WARN] [1779659665.715584]: [Fusion] 球消失超過 1.5 秒，重置 EKF
[05:54:25] [INFO] [1779659665.753195]: [EKF] 初始化完成，球的初始位置: X=1.510 Y=1.947
[05:54:25] [0m[33m[WARN] [1779659665.765563]: [Fusion] 球消失超過 1.5 秒，重置 EKF
[05:54:25] [INFO] [1779659665.800995]: [EKF] 初始化完成，球的初始位置: X=1.510 Y=1.947
[05:54:25] [0m[33m[WARN] [1779659665.815568]: [Fusion] 球消失超過 1.5 秒，重置 EKF
[05:54:25] [INFO] [1779659665.853401]: [EKF] 初始化完成，球的初始位置: X=1.511 Y=1.949
[05:54:25] [0m[33m[WARN] [1779659665.865211]: [Fusion] 球消失超過 1.5 秒，重置 EKF
[05:54:25] [INFO] [1779659665.893327]: [EKF] 初始化完成，球的初始位置: X=1.507 Y=1.940
[05:54:25] [0m[33m[WARN] [1779659665.915735]: [Fusion] 球消失超過 1.5 秒，重置 EKF
[05:54:25] [INFO] [1779659665.935331]: [EKF] 初始化完成，球的初始位置: X=1.513 Y=1.951
[05:54:25] [0m[33m[WARN] [1779659665.966088]: [Fusion] 球消失超過 1.5 秒，重置 EKF
[05:54:25] [INFO] [1779659665.973526]: [PATROL-ABS] 目標X=-0.45 機器人X=+0.04 誤差=-0.49
[05:54:26] [INFO] [1779659666.012462]: [EKF] 初始化完成，球的初始位置: X=1.511 Y=1.949
[05:54:26] [0m[33m[WARN] [1779659666.014953]: [Fusion] 球消失超過 1.5 秒，重置 EKF
[05:54:26] [INFO] [1779659666.056471]: [EKF] 初始化完成，球的初始位置: X=1.510 Y=1.945
[05:54:26] [0m[33m[WARN] [1779659666.066023]: [Fusion] 球消失超過 1.5 秒，重置 EKF
[05:54:26] [INFO] [1779659666.108608]: [EKF] 初始化完成，球的初始位置: X=1.507 Y=1.941
[05:54:26] [0m[33m[WARN] [1779659666.115499]: [Fusion] 球消失超過 1.5 秒，重置 EKF
[05:54:26] [0m[33m[WARN] [1779659666.117023]: [Fusion] 球在場外 (1.51, 1.94)，維持巡邏
[05:54:26] [INFO] [1779659666.161628]: [EKF] 初始化完成，球的初始位置: X=1.514 Y=1.953
[05:54:26] [0m[33m[WARN] [1779659666.166837]: [Fusion] 球消失超過 1.5 秒，重置 EKF
[05:54:26] [INFO] [1779659666.201872]: [EKF] 初始化完成，球的初始位置: X=1.514 Y=1.953
[05:54:26] [0m[33m[WARN] [1779659666.215519]: [Fusion] 球消失超過 1.5 秒，重置 EKF
[05:54:26] [INFO] [1779659666.234857]: [EKF] 初始化完成，球的初始位置: X=1.509 Y=1.944
[05:54:26] [0m[33m[WARN] [1779659666.264916]: [Fusion] 球消失超過 1.5 秒，重置 EKF
[05:54:26] [INFO] [1779659666.275706]: [EKF] 初始化完成，球的初始位置: X=1.508 Y=1.942
[05:54:26] [0m[33m[WARN] [1779659666.315013]: [Fusion] 球消失超過 1.5 秒，重置 EKF
[05:54:26] [INFO] [1779659666.357201]: [EKF] 初始化完成，球的初始位置: X=1.512 Y=1.949
[05:54:26] [0m[33m[WARN] [1779659666.365179]: [Fusion] 球消失超過 1.5 秒，重置 EKF
[05:54:26] [INFO] [1779659666.403915]: [EKF] 初始化完成，球的初始位置: X=1.513 Y=1.950
[05:54:26] [0m[33m[WARN] [1779659666.415930]: [Fusion] 球消失超過 1.5 秒，重置 EKF
[05:54:26] [INFO] [1779659666.453559]: [EKF] 初始化完成，球的初始位置: X=1.513 Y=1.950
[05:54:26] [0m[33m[WARN] [1779659666.465531]: [Fusion] 球消失超過 1.5 秒，重置 EKF
[05:54:26] [INFO] [1779659666.503839]: [EKF] 初始化完成，球的初始位置: X=1.505 Y=1.937
[05:54:26] [0m[33m[WARN] [1779659666.515621]: [Fusion] 球消失超過 1.5 秒，重置 EKF
[05:54:26] [INFO] [1779659666.559835]: [EKF] 初始化完成，球的初始位置: X=1.510 Y=1.945
[05:54:26] [0m[33m[WARN] [1779659666.565101]: [Fusion] 球消失超過 1.5 秒，重置 EKF
[05:54:26] [INFO] [1779659666.573608]: [PATROL-ABS] 目標X=-0.45 機器人X=-0.08 誤差=-0.37
[05:54:26] [INFO] [1779659666.610249]: [EKF] 初始化完成，球的初始位置: X=1.509 Y=1.944
[05:54:26] [0m[33m[WARN] [1779659666.617613]: [Fusion] 球消失超過 1.5 秒，重置 EKF
[05:54:26] [INFO] [1779659666.663440]: [EKF] 初始化完成，球的初始位置: X=1.508 Y=1.944
[05:54:26] [0m[33m[WARN] [1779659666.666294]: [Fusion] 球消失超過 1.5 秒，重置 EKF
[05:54:26] [INFO] [1779659666.708673]: [EKF] 初始化完成，球的初始位置: X=1.511 Y=1.946
[05:54:26] [0m[33m[WARN] [1779659666.715990]: [Fusion] 球消失超過 1.5 秒，重置 EKF
[05:54:26] [INFO] [1779659666.760706]: [EKF] 初始化完成，球的初始位置: X=1.511 Y=1.948
[05:54:26] [0m[33m[WARN] [1779659666.765862]: [Fusion] 球消失超過 1.5 秒，重置 EKF
[05:54:26] [INFO] [1779659666.805258]: [EKF] 初始化完成，球的初始位置: X=1.512 Y=1.950
[05:54:26] [0m[33m[WARN] [1779659666.815171]: [Fusion] 球消失超過 1.5 秒，重置 EKF
[05:54:26] [INFO] [1779659666.845754]: [EKF] 初始化完成，球的初始位置: X=1.507 Y=1.942
[05:54:26] [0m[33m[WARN] [1779659666.864824]: [Fusion] 球消失超過 1.5 秒，重置 EKF
[05:54:26] [INFO] [1779659666.881415]: [EKF] 初始化完成，球的初始位置: X=1.511 Y=1.948
[05:54:26] [0m[33m[WARN] [1779659666.915672]: [Fusion] 球消失超過 1.5 秒，重置 EKF
[05:54:26] [INFO] [1779659666.921650]: [EKF] 初始化完成，球的初始位置: X=1.510 Y=1.947
[05:54:26] [0m[33m[WARN] [1779659666.964804]: [Fusion] 球消失超過 1.5 秒，重置 EKF
[05:54:26] [INFO] [1779659666.996897]: [EKF] 初始化完成，球的初始位置: X=1.509 Y=1.945
[05:54:27] [0m[33m[WARN] [1779659667.015662]: [Fusion] 球消失超過 1.5 秒，重置 EKF
[05:54:27] [INFO] [1779659667.030881]: [EKF] 初始化完成，球的初始位置: X=1.509 Y=1.945
[05:54:27] [0m[33m[WARN] [1779659667.064685]: [Fusion] 球消失超過 1.5 秒，重置 EKF
[05:54:27] [INFO] [1779659667.073584]: [PATROL-ABS] 目標X=-0.45 機器人X=-0.18 誤差=-0.27
[05:54:27] [INFO] [1779659667.101758]: [EKF] 初始化完成，球的初始位置: X=1.513 Y=1.953
[05:54:27] [0m[33m[WARN] [1779659667.114689]: [Fusion] 球消失超過 1.5 秒，重置 EKF
[05:54:27] [INFO] [1779659667.138515]: [EKF] 初始化完成，球的初始位置: X=1.514 Y=1.953
[05:54:27] [0m[33m[WARN] [1779659667.143255]: [Fusion] 球在場外 (1.51, 1.95)，維持巡邏
[05:54:27] [0m[33m[WARN] [1779659667.165540]: [Fusion] 球消失超過 1.5 秒，重置 EKF
[05:54:27] [INFO] [1779659667.174810]: [EKF] 初始化完成，球的初始位置: X=1.513 Y=1.949
[05:54:27] [0m[33m[WARN] [1779659667.215948]: [Fusion] 球消失超過 1.5 秒，重置 EKF
[05:54:27] [INFO] [1779659667.251822]: [EKF] 初始化完成，球的初始位置: X=1.509 Y=1.945
[05:54:27] [0m[33m[WARN] [1779659667.265107]: [Fusion] 球消失超過 1.5 秒，重置 EKF
[05:54:27] [INFO] [1779659667.288584]: [EKF] 初始化完成，球的初始位置: X=1.509 Y=1.945
[05:54:27] [0m[33m[WARN] [1779659667.315680]: [Fusion] 球消失超過 1.5 秒，重置 EKF
[05:54:27] [INFO] [1779659667.329538]: [EKF] 初始化完成，球的初始位置: X=1.507 Y=1.941
[05:54:27] [0m[33m[WARN] [1779659667.365307]: [Fusion] 球消失超過 1.5 秒，重置 EKF
[05:54:27] [INFO] [1779659667.370599]: [EKF] 初始化完成，球的初始位置: X=1.510 Y=1.945
[05:54:27] [0m[33m[WARN] [1779659667.414806]: [Fusion] 球消失超過 1.5 秒，重置 EKF
[05:54:27] [INFO] [1779659667.441037]: [EKF] 初始化完成，球的初始位置: X=1.509 Y=1.943
[05:54:27] [0m[33m[WARN] [1779659667.465238]: [Fusion] 球消失超過 1.5 秒，重置 EKF
[05:54:27] [INFO] [1779659667.474299]: [EKF] 初始化完成，球的初始位置: X=1.509 Y=1.944
[05:54:27] [0m[33m[WARN] [1779659667.515253]: [Fusion] 球消失超過 1.5 秒，重置 EKF
[05:54:27] [INFO] [1779659667.547150]: [EKF] 初始化完成，球的初始位置: X=1.509 Y=1.944
[05:54:27] [0m[33m[WARN] [1779659667.565501]: [Fusion] 球消失超過 1.5 秒，重置 EKF
[05:54:27] [INFO] [1779659667.588932]: [EKF] 初始化完成，球的初始位置: X=1.510 Y=1.946
[05:54:27] [0m[33m[WARN] [1779659667.615216]: [Fusion] 球消失超過 1.5 秒，重置 EKF
[05:54:27] [INFO] [1779659667.625463]: [EKF] 初始化完成，球的初始位置: X=1.508 Y=1.942
[05:54:27] [0m[33m[WARN] [1779659667.664736]: [Fusion] 球消失超過 1.5 秒，重置 EKF
[05:54:27] [INFO] [1779659667.673266]: [PATROL-ABS] 目標X=-0.45 機器人X=-0.30 誤差=-0.15
[05:54:27] [INFO] [1779659667.701778]: [EKF] 初始化完成，球的初始位置: X=1.509 Y=1.946
[05:54:27] [0m[33m[WARN] [1779659667.716007]: [Fusion] 球消失超過 1.5 秒，重置 EKF
[05:54:27] [INFO] [1779659667.739839]: [EKF] 初始化完成，球的初始位置: X=1.510 Y=1.945
[05:54:27] [0m[33m[WARN] [1779659667.765519]: [Fusion] 球消失超過 1.5 秒，重置 EKF
[05:54:27] [INFO] [1779659667.775289]: [EKF] 初始化完成，球的初始位置: X=1.509 Y=1.943
[05:54:27] [0m[33m[WARN] [1779659667.815035]: [Fusion] 球消失超過 1.5 秒，重置 EKF
[05:54:27] [INFO] [1779659667.851838]: [EKF] 初始化完成，球的初始位置: X=1.508 Y=1.942
[05:54:27] [0m[33m[WARN] [1779659667.865779]: [Fusion] 球消失超過 1.5 秒，重置 EKF
[05:54:27] [INFO] [1779659667.895137]: [EKF] 初始化完成，球的初始位置: X=1.514 Y=1.952
[05:54:27] [0m[33m[WARN] [1779659667.914879]: [Fusion] 球消失超過 1.5 秒，重置 EKF
[05:54:27] [INFO] [1779659667.935031]: [EKF] 初始化完成，球的初始位置: X=1.510 Y=1.946
[05:54:27] [0m[33m[WARN] [1779659667.965017]: [Fusion] 球消失超過 1.5 秒，重置 EKF
[05:54:27] [INFO] [1779659667.980838]: [EKF] 初始化完成，球的初始位置: X=1.510 Y=1.946
[05:54:28] [0m[33m[WARN] [1779659668.014904]: [Fusion] 球消失超過 1.5 秒，重置 EKF
[05:54:28] [INFO] [1779659668.032115]: [EKF] 初始化完成，球的初始位置: X=1.510 Y=1.945
[05:54:28] [0m[33m[WARN] [1779659668.065882]: [Fusion] 球消失超過 1.5 秒，重置 EKF
[05:54:28] [INFO] [1779659668.086523]: [EKF] 初始化完成，球的初始位置: X=1.510 Y=1.946
[05:54:28] [0m[33m[WARN] [1779659668.115316]: [Fusion] 球消失超過 1.5 秒，重置 EKF
[05:54:28] [INFO] [1779659668.127934]: [EKF] 初始化完成，球的初始位置: X=1.511 Y=1.949
[05:54:28] [0m[33m[WARN] [1779659668.165000]: [Fusion] 球消失超過 1.5 秒，重置 EKF
[05:54:28] [0m[33m[WARN] [1779659668.167139]: [Fusion] 球在場外 (1.51, 1.95)，維持巡邏
[05:54:28] [INFO] [1779659668.173646]: [PATROL-ABS] 目標X=+0.45 機器人X=-0.40 誤差=+0.85
[05:54:28] [INFO] [1779659668.195881]: [EKF] 初始化完成，球的初始位置: X=1.512 Y=1.950
[05:54:28] [0m[33m[WARN] [1779659668.215014]: [Fusion] 球消失超過 1.5 秒，重置 EKF
[05:54:28] [INFO] [1779659668.226100]: [EKF] 初始化完成，球的初始位置: X=1.512 Y=1.950
[05:54:28] [0m[33m[WARN] [1779659668.265047]: [Fusion] 球消失超過 1.5 秒，重置 EKF
[05:54:28] [INFO] [1779659668.283681]: [EKF] 初始化完成，球的初始位置: X=1.511 Y=1.948
[05:54:28] [0m[33m[WARN] [1779659668.314911]: [Fusion] 球消失超過 1.5 秒，重置 EKF
[05:54:28] [INFO] [1779659668.329755]: [EKF] 初始化完成，球的初始位置: X=1.509 Y=1.946
[05:54:28] [0m[33m[WARN] [1779659668.364549]: [Fusion] 球消失超過 1.5 秒，重置 EKF
[05:54:28] [INFO] [1779659668.371360]: [EKF] 初始化完成，球的初始位置: X=1.511 Y=1.947
[05:54:28] [0m[33m[WARN] [1779659668.414913]: [Fusion] 球消失超過 1.5 秒，重置 EKF
[05:54:28] [INFO] [1779659668.451885]: [EKF] 初始化完成，球的初始位置: X=1.507 Y=1.942
[05:54:28] [0m[33m[WARN] [1779659668.465138]: [Fusion] 球消失超過 1.5 秒，重置 EKF
[05:54:28] [INFO] [1779659668.484865]: [EKF] 初始化完成，球的初始位置: X=1.513 Y=1.952
[05:54:28] [0m[33m[WARN] [1779659668.515017]: [Fusion] 球消失超過 1.5 秒，重置 EKF
[05:54:28] [INFO] [1779659668.522000]: [EKF] 初始化完成，球的初始位置: X=1.513 Y=1.951
[05:54:28] [0m[33m[WARN] [1779659668.564819]: [Fusion] 球消失超過 1.5 秒，重置 EKF
[05:54:28] [INFO] [1779659668.591968]: [EKF] 初始化完成，球的初始位置: X=1.492 Y=1.937
[05:54:28] [0m[33m[WARN] [1779659668.615148]: [Fusion] 球消失超過 1.5 秒，重置 EKF
[05:54:28] [INFO] [1779659668.773301]: [PATROL-ABS] 目標X=+0.45 機器人X=-0.37 誤差=+0.82
[05:54:28] [INFO] [1779659668.859426]: [EKF] 初始化完成，球的初始位置: X=1.508 Y=1.944
[05:54:28] [0m[33m[WARN] [1779659668.864817]: [Fusion] 球消失超過 1.5 秒，重置 EKF
[05:54:28] [INFO] [1779659668.964650]: [EKF] 初始化完成，球的初始位置: X=1.513 Y=1.948
[05:54:28] [0m[33m[WARN] [1779659668.965962]: [Fusion] 球消失超過 1.5 秒，重置 EKF
[05:54:29] [INFO] [1779659669.002764]: [EKF] 初始化完成，球的初始位置: X=1.517 Y=1.957
[05:54:29] [0m[33m[WARN] [1779659669.014833]: [Fusion] 球消失超過 1.5 秒，重置 EKF
[05:54:29] [INFO] [1779659669.035634]: [EKF] 初始化完成，球的初始位置: X=1.514 Y=1.951
[05:54:29] [0m[33m[WARN] [1779659669.066202]: [Fusion] 球消失超過 1.5 秒，重置 EKF
[05:54:29] [INFO] [1779659669.085543]: [EKF] 初始化完成，球的初始位置: X=1.514 Y=1.951
[05:54:29] [0m[33m[WARN] [1779659669.115985]: [Fusion] 球消失超過 1.5 秒，重置 EKF
[05:54:29] [INFO] [1779659669.135458]: [EKF] 初始化完成，球的初始位置: X=1.511 Y=1.947
[05:54:29] [0m[33m[WARN] [1779659669.165991]: [Fusion] 球消失超過 1.5 秒，重置 EKF
[05:54:29] [INFO] [1779659669.183277]: [EKF] 初始化完成，球的初始位置: X=1.512 Y=1.949
[05:54:29] [0m[33m[WARN] [1779659669.187537]: [Fusion] 球在場外 (1.51, 1.95)，維持巡邏
[05:54:29] [0m[33m[WARN] [1779659669.214990]: [Fusion] 球消失超過 1.5 秒，重置 EKF
[05:54:29] [INFO] [1779659669.227921]: [EKF] 初始化完成，球的初始位置: X=1.513 Y=1.951
[05:54:29] [0m[33m[WARN] [1779659669.265276]: [Fusion] 球消失超過 1.5 秒，重置 EKF
[05:54:29] [INFO] [1779659669.302984]: [EKF] 初始化完成，球的初始位置: X=1.510 Y=1.946
[05:54:29] [0m[33m[WARN] [1779659669.315310]: [Fusion] 球消失超過 1.5 秒，重置 EKF
[05:54:29] [INFO] [1779659669.342993]: [EKF] 初始化完成，球的初始位置: X=1.512 Y=1.947
[05:54:29] [0m[33m[WARN] [1779659669.365123]: [Fusion] 球消失超過 1.5 秒，重置 EKF
[05:54:29] [INFO] [1779659669.373222]: [PATROL-ABS] 目標X=+0.45 機器人X=-0.27 誤差=+0.72
[05:54:29] [INFO] [1779659669.389152]: [EKF] 初始化完成，球的初始位置: X=1.512 Y=1.948
[05:54:29] [0m[33m[WARN] [1779659669.415301]: [Fusion] 球消失超過 1.5 秒，重置 EKF
[05:54:29] [INFO] [1779659669.439077]: [EKF] 初始化完成，球的初始位置: X=1.512 Y=1.948
[05:54:29] [0m[33m[WARN] [1779659669.465190]: [Fusion] 球消失超過 1.5 秒，重置 EKF
[05:54:29] [INFO] [1779659669.484585]: [EKF] 初始化完成，球的初始位置: X=1.507 Y=1.937
[05:54:29] [0m[33m[WARN] [1779659669.516318]: [Fusion] 球消失超過 1.5 秒，重置 EKF
[05:54:29] [INFO] [1779659669.551672]: [EKF] 初始化完成，球的初始位置: X=1.509 Y=1.942
[05:54:29] [0m[33m[WARN] [1779659669.565310]: [Fusion] 球消失超過 1.5 秒，重置 EKF
[05:54:29] [INFO] [1779659669.764761]: [EKF] 初始化完成，球的初始位置: X=0.852 Y=0.635
[05:54:29] [INFO] [1779659669.768597]: [TRACK] 球(+0.85, 0.64) v=(+0.00, +0.00) | 機器人X=-0.20 誤差=+0.65 | 速度=+0.22 θ=+0.048
[05:54:29] [0m[33m[WARN] [1779659669.844548]: [Fusion] 球在場外 (1.31, 1.49)，立即切換至巡邏
[05:54:29] [0m[33m[WARN] [1779659669.915207]: [Fusion] 光達：球在場外 (1.01, 0.52)，立即切換至巡邏
[05:54:29] [INFO] [1779659669.973261]: [PATROL-ABS] 目標X=+0.45 機器人X=-0.16 誤差=+0.61
[05:54:30] [0m[33m[WARN] [1779659670.207995]: [Fusion] 球在場外 (1.51, 1.94)，維持巡邏
[05:54:30] [INFO] [1779659670.573205]: [PATROL-ABS] 目標X=+0.45 機器人X=-0.13 誤差=+0.58
[05:54:31] [INFO] [1779659671.073986]: [PATROL-ABS] 目標X=+0.45 機器人X=-0.14 誤差=+0.59
[05:54:31] [0m[33m[WARN] [1779659671.217661]: [Fusion] 球在場外 (1.52, 1.96)，維持巡邏
[05:54:31] [0m[33m[WARN] [1779659671.414785]: [Fusion] 球消失超過 1.5 秒，重置 EKF
[05:54:31] [INFO] [1779659671.454363]: [EKF] 初始化完成，球的初始位置: X=1.516 Y=1.957
[05:54:31] [0m[33m[WARN] [1779659671.464737]: [Fusion] 球消失超過 1.5 秒，重置 EKF
[05:54:31] [INFO] [1779659671.487422]: [EKF] 初始化完成，球的初始位置: X=1.515 Y=1.956
[05:54:31] [0m[33m[WARN] [1779659671.515280]: [Fusion] 球消失超過 1.5 秒，重置 EKF
[05:54:31] [INFO] [1779659671.525184]: [EKF] 初始化完成，球的初始位置: X=1.510 Y=1.949
[05:54:31] [0m[33m[WARN] [1779659671.564737]: [Fusion] 球消失超過 1.5 秒，重置 EKF
[05:54:31] [INFO] [1779659671.607815]: [EKF] 初始化完成，球的初始位置: X=1.512 Y=1.949
[05:54:31] [0m[33m[WARN] [1779659671.615192]: [Fusion] 球消失超過 1.5 秒，重置 EKF
[05:54:31] [INFO] [1779659671.650015]: [EKF] 初始化完成，球的初始位置: X=1.514 Y=1.954
[05:54:31] [0m[33m[WARN] [1779659671.665556]: [Fusion] 球消失超過 1.5 秒，重置 EKF
[05:54:31] [INFO] [1779659671.673753]: [PATROL-ABS] 目標X=+0.45 機器人X=-0.09 誤差=+0.54
[05:54:31] [INFO] [1779659671.710722]: [EKF] 初始化完成，球的初始位置: X=1.517 Y=1.961
[05:54:31] [0m[33m[WARN] [1779659671.716081]: [Fusion] 球消失超過 1.5 秒，重置 EKF
[05:54:31] [INFO] [1779659671.777834]: [EKF] 初始化完成，球的初始位置: X=1.515 Y=1.956
[05:54:31] [0m[33m[WARN] [1779659671.814851]: [Fusion] 球消失超過 1.5 秒，重置 EKF
[05:54:31] [INFO] [1779659671.847559]: [EKF] 初始化完成，球的初始位置: X=1.513 Y=1.953
[05:54:31] [0m[33m[WARN] [1779659671.864835]: [Fusion] 球消失超過 1.5 秒，重置 EKF
[05:54:31] [INFO] [1779659671.886182]: [EKF] 初始化完成，球的初始位置: X=1.515 Y=1.956
[05:54:31] [0m[33m[WARN] [1779659671.915831]: [Fusion] 球消失超過 1.5 秒，重置 EKF
[05:54:31] [INFO] [1779659671.937164]: [EKF] 初始化完成，球的初始位置: X=1.515 Y=1.956
[05:54:31] [0m[33m[WARN] [1779659671.966579]: [Fusion] 球消失超過 1.5 秒，重置 EKF
[05:54:32] [INFO] [1779659672.000050]: [EKF] 初始化完成，球的初始位置: X=1.514 Y=1.954
[05:54:32] [0m[33m[WARN] [1779659672.016269]: [Fusion] 球消失超過 1.5 秒，重置 EKF
[05:54:32] [INFO] [1779659672.061211]: [EKF] 初始化完成，球的初始位置: X=1.514 Y=1.954
[05:54:32] [0m[33m[WARN] [1779659672.066444]: [Fusion] 球消失超過 1.5 秒，重置 EKF
[05:54:32] [INFO] [1779659672.118192]: [EKF] 初始化完成，球的初始位置: X=1.512 Y=1.951
[05:54:32] [0m[33m[WARN] [1779659672.165566]: [Fusion] 球消失超過 1.5 秒，重置 EKF
[05:54:32] [INFO] [1779659672.192123]: [EKF] 初始化完成，球的初始位置: X=1.514 Y=1.955
[05:54:32] [0m[33m[WARN] [1779659672.215605]: [Fusion] 球消失超過 1.5 秒，重置 EKF
[05:54:32] [INFO] [1779659672.240909]: [EKF] 初始化完成，球的初始位置: X=1.513 Y=1.952
[05:54:32] [0m[33m[WARN] [1779659672.247095]: [Fusion] 球在場外 (1.51, 1.95)，維持巡邏
[05:54:32] [0m[33m[WARN] [1779659672.265985]: [Fusion] 球消失超過 1.5 秒，重置 EKF
[05:54:32] [INFO] [1779659672.275081]: [PATROL-ABS] 目標X=+0.45 機器人X=+0.01 誤差=+0.44
[05:54:32] [INFO] [1779659672.305891]: [EKF] 初始化完成，球的初始位置: X=1.513 Y=1.952
[05:54:32] [0m[33m[WARN] [1779659672.316329]: [Fusion] 球消失超過 1.5 秒，重置 EKF
[05:54:32] [INFO] [1779659672.366687]: [EKF] 初始化完成，球的初始位置: X=1.515 Y=1.956
[05:54:32] [0m[33m[WARN] [1779659672.415175]: [Fusion] 球消失超過 1.5 秒，重置 EKF
[05:54:32] [INFO] [1779659672.438360]: [EKF] 初始化完成，球的初始位置: X=1.512 Y=1.950
[05:54:32] [0m[33m[WARN] [1779659672.465091]: [Fusion] 球消失超過 1.5 秒，重置 EKF
[05:54:32] [INFO] [1779659672.472245]: [EKF] 初始化完成，球的初始位置: X=1.512 Y=1.952
[05:54:32] [0m[33m[WARN] [1779659672.515501]: [Fusion] 球消失超過 1.5 秒，重置 EKF
[05:54:32] [INFO] [1779659672.552723]: [EKF] 初始化完成，球的初始位置: X=1.516 Y=1.958
[05:54:32] [0m[33m[WARN] [1779659672.565611]: [Fusion] 球消失超過 1.5 秒，重置 EKF
[05:54:32] [INFO] [1779659672.607034]: [EKF] 初始化完成，球的初始位置: X=1.514 Y=1.953
[05:54:32] [0m[33m[WARN] [1779659672.615850]: [Fusion] 球消失超過 1.5 秒，重置 EKF
[05:54:32] [INFO] [1779659672.658295]: [EKF] 初始化完成，球的初始位置: X=1.514 Y=1.954
[05:54:32] [0m[33m[WARN] [1779659672.664974]: [Fusion] 球消失超過 1.5 秒，重置 EKF
[05:54:32] [INFO] [1779659672.701580]: [EKF] 初始化完成，球的初始位置: X=1.514 Y=1.954
[05:54:32] [0m[33m[WARN] [1779659672.715244]: [Fusion] 球消失超過 1.5 秒，重置 EKF
[05:54:32] [INFO] [1779659672.734234]: [EKF] 初始化完成，球的初始位置: X=1.515 Y=1.957
[05:54:32] [0m[33m[WARN] [1779659672.765128]: [Fusion] 球消失超過 1.5 秒，重置 EKF
[05:54:32] [INFO] [1779659672.771945]: [EKF] 初始化完成，球的初始位置: X=1.516 Y=1.958
[05:54:32] [0m[33m[WARN] [1779659672.815316]: [Fusion] 球消失超過 1.5 秒，重置 EKF
[05:54:32] [INFO] [1779659672.844427]: [EKF] 初始化完成，球的初始位置: X=1.513 Y=1.952
[05:54:32] [0m[33m[WARN] [1779659672.865037]: [Fusion] 球消失超過 1.5 秒，重置 EKF
[05:54:32] [INFO] [1779659672.873414]: [PATROL-ABS] 目標X=+0.45 機器人X=+0.04 誤差=+0.41
[05:54:32] [INFO] [1779659672.878519]: [EKF] 初始化完成，球的初始位置: X=1.517 Y=1.960
[05:54:32] [0m[33m[WARN] [1779659672.914881]: [Fusion] 球消失超過 1.5 秒，重置 EKF
[05:54:32] [INFO] [1779659672.953817]: [EKF] 初始化完成，球的初始位置: X=1.513 Y=1.952
[05:54:32] [0m[33m[WARN] [1779659672.965098]: [Fusion] 球消失超過 1.5 秒，重置 EKF
[05:54:32] [INFO] [1779659672.989102]: [EKF] 初始化完成，球的初始位置: X=1.513 Y=1.953
[05:54:33] [0m[33m[WARN] [1779659673.015110]: [Fusion] 球消失超過 1.5 秒，重置 EKF
[05:54:33] [INFO] [1779659673.025501]: [EKF] 初始化完成，球的初始位置: X=1.514 Y=1.953
[05:54:33] [0m[33m[WARN] [1779659673.067134]: [Fusion] 球消失超過 1.5 秒，重置 EKF
[05:54:33] [INFO] [1779659673.098970]: [EKF] 初始化完成，球的初始位置: X=1.515 Y=1.954
[05:54:33] [0m[33m[WARN] [1779659673.115006]: [Fusion] 球消失超過 1.5 秒，重置 EKF
[05:54:33] [INFO] [1779659673.137150]: [EKF] 初始化完成，球的初始位置: X=1.516 Y=1.958
[05:54:33] [0m[33m[WARN] [1779659673.165217]: [Fusion] 球消失超過 1.5 秒，重置 EKF
[05:54:33] [INFO] [1779659673.173049]: [EKF] 初始化完成，球的初始位置: X=1.514 Y=1.953
[05:54:33] [0m[33m[WARN] [1779659673.214784]: [Fusion] 球消失超過 1.5 秒，重置 EKF
[05:54:33] [INFO] [1779659673.247482]: [EKF] 初始化完成，球的初始位置: X=1.513 Y=1.954
[05:54:33] [0m[33m[WARN] [1779659673.252546]: [Fusion] 球在場外 (1.51, 1.95)，維持巡邏
[05:54:33] [0m[33m[WARN] [1779659673.265290]: [Fusion] 球消失超過 1.5 秒，重置 EKF
[05:54:33] [INFO] [1779659673.287871]: [EKF] 初始化完成，球的初始位置: X=1.511 Y=1.949
[05:54:33] [0m[33m[WARN] [1779659673.315274]: [Fusion] 球消失超過 1.5 秒，重置 EKF
[05:54:33] [INFO] [1779659673.327759]: [EKF] 初始化完成，球的初始位置: X=1.511 Y=1.949
[05:54:33] [0m[33m[WARN] [1779659673.365104]: [Fusion] 球消失超過 1.5 秒，重置 EKF
[05:54:33] [INFO] [1779659673.374150]: [EKF] 初始化完成，球的初始位置: X=1.515 Y=1.957
[05:54:33] [INFO] [1779659673.375526]: [PATROL-ABS] 目標X=+0.45 機器人X=+0.04 誤差=+0.41
[05:54:33] [0m[33m[WARN] [1779659673.414993]: [Fusion] 球消失超過 1.5 秒，重置 EKF
[05:54:33] [INFO] [1779659673.457288]: [EKF] 初始化完成，球的初始位置: X=1.514 Y=1.954
[05:54:33] [0m[33m[WARN] [1779659673.464290]: [Fusion] 球消失超過 1.5 秒，重置 EKF
[05:54:33] [INFO] [1779659673.509098]: [EKF] 初始化完成，球的初始位置: X=1.513 Y=1.953
[05:54:33] [0m[33m[WARN] [1779659673.514501]: [Fusion] 球消失超過 1.5 秒，重置 EKF
[05:54:33] [INFO] [1779659673.548519]: [EKF] 初始化完成，球的初始位置: X=1.513 Y=1.953
[05:54:33] [0m[33m[WARN] [1779659673.564689]: [Fusion] 球消失超過 1.5 秒，重置 EKF
[05:54:33] [INFO] [1779659673.590469]: [EKF] 初始化完成，球的初始位置: X=1.514 Y=1.954
[05:54:33] [0m[33m[WARN] [1779659673.615395]: [Fusion] 球消失超過 1.5 秒，重置 EKF
[05:54:33] [INFO] [1779659673.637295]: [EKF] 初始化完成，球的初始位置: X=1.514 Y=1.955
[05:54:33] [0m[33m[WARN] [1779659673.664494]: [Fusion] 球消失超過 1.5 秒，重置 EKF
[05:54:33] [INFO] [1779659673.688607]: [EKF] 初始化完成，球的初始位置: X=1.514 Y=1.954
[05:54:33] [0m[33m[WARN] [1779659673.715518]: [Fusion] 球消失超過 1.5 秒，重置 EKF
[05:54:33] [INFO] [1779659673.741340]: [EKF] 初始化完成，球的初始位置: X=1.515 Y=1.955
[05:54:33] [0m[33m[WARN] [1779659673.765585]: [Fusion] 球消失超過 1.5 秒，重置 EKF
[05:54:33] [INFO] [1779659673.785051]: [EKF] 初始化完成，球的初始位置: X=1.513 Y=1.951
[05:54:33] [0m[33m[WARN] [1779659673.815139]: [Fusion] 球消失超過 1.5 秒，重置 EKF
[05:54:33] [INFO] [1779659673.830113]: [EKF] 初始化完成，球的初始位置: X=1.513 Y=1.953
[05:54:33] [0m[33m[WARN] [1779659673.865904]: [Fusion] 球消失超過 1.5 秒，重置 EKF
[05:54:33] [INFO] [1779659673.884006]: [EKF] 初始化完成，球的初始位置: X=1.513 Y=1.952
[05:54:33] [0m[33m[WARN] [1779659673.914647]: [Fusion] 球消失超過 1.5 秒，重置 EKF
[05:54:33] [INFO] [1779659673.929089]: [EKF] 初始化完成，球的初始位置: X=1.512 Y=1.952
[05:54:33] [0m[33m[WARN] [1779659673.965528]: [Fusion] 球消失超過 1.5 秒，重置 EKF
[05:54:33] [INFO] [1779659673.970817]: [EKF] 初始化完成，球的初始位置: X=1.515 Y=1.955
[05:54:33] [INFO] [1779659673.974436]: [PATROL-ABS] 目標X=+0.45 機器人X=+0.14 誤差=+0.31
[05:54:34] [0m[33m[WARN] [1779659674.015089]: [Fusion] 球消失超過 1.5 秒，重置 EKF
[05:54:34] [INFO] [1779659674.057464]: [EKF] 初始化完成，球的初始位置: X=1.511 Y=1.949
[05:54:34] [0m[33m[WARN] [1779659674.065286]: [Fusion] 球消失超過 1.5 秒，重置 EKF
[05:54:34] [INFO] [1779659674.115962]: [EKF] 初始化完成，球的初始位置: X=1.515 Y=1.956
[05:54:34] [0m[33m[WARN] [1779659674.118577]: [Fusion] 球消失超過 1.5 秒，重置 EKF
[05:54:34] [INFO] [1779659674.171997]: [EKF] 初始化完成，球的初始位置: X=1.514 Y=1.956
[05:54:34] [0m[33m[WARN] [1779659674.216713]: [Fusion] 球消失超過 1.5 秒，重置 EKF
[05:54:34] [INFO] [1779659674.259165]: [EKF] 初始化完成，球的初始位置: X=1.514 Y=1.956
[05:54:34] [0m[33m[WARN] [1779659674.262662]: [Fusion] 球在場外 (1.51, 1.96)，維持巡邏
[05:54:34] [0m[33m[WARN] [1779659674.264762]: [Fusion] 球消失超過 1.5 秒，重置 EKF
[05:54:34] [INFO] [1779659674.294550]: [EKF] 初始化完成，球的初始位置: X=1.516 Y=1.959
[05:54:34] [0m[33m[WARN] [1779659674.315209]: [Fusion] 球消失超過 1.5 秒，重置 EKF
[05:54:34] [INFO] [1779659674.322288]: [EKF] 初始化完成，球的初始位置: X=1.515 Y=1.956
[05:54:34] [0m[33m[WARN] [1779659674.364686]: [Fusion] 球消失超過 1.5 秒，重置 EKF
[05:54:34] [INFO] [1779659674.380548]: [EKF] 初始化完成，球的初始位置: X=1.513 Y=1.953
[05:54:34] [0m[33m[WARN] [1779659674.415847]: [Fusion] 球消失超過 1.5 秒，重置 EKF
[05:54:34] [INFO] [1779659674.453597]: [EKF] 初始化完成，球的初始位置: X=1.518 Y=1.961
[05:54:34] [0m[33m[WARN] [1779659674.465811]: [Fusion] 球消失超過 1.5 秒，重置 EKF
[05:54:34] [INFO] [1779659674.523757]: [EKF] 初始化完成，球的初始位置: X=1.512 Y=1.951
[05:54:34] [0m[33m[WARN] [1779659674.566195]: [Fusion] 球消失超過 1.5 秒，重置 EKF
[05:54:34] [INFO] [1779659674.573315]: [PATROL-ABS] 目標X=+0.45 機器人X=+0.25 誤差=+0.20
[05:54:34] [INFO] [1779659674.575068]: [EKF] 初始化完成，球的初始位置: X=1.508 Y=1.944
[05:54:34] [0m[33m[WARN] [1779659674.616572]: [Fusion] 球消失超過 1.5 秒，重置 EKF
[05:54:34] [INFO] [1779659674.661540]: [EKF] 初始化完成，球的初始位置: X=1.512 Y=1.951
[05:54:34] [0m[33m[WARN] [1779659674.668069]: [Fusion] 球消失超過 1.5 秒，重置 EKF
[05:54:34] [INFO] [1779659674.756665]: [EKF] 初始化完成，球的初始位置: X=1.517 Y=1.961
[05:54:34] [0m[33m[WARN] [1779659674.766290]: [Fusion] 球消失超過 1.5 秒，重置 EKF
[05:54:34] [INFO] [1779659674.847275]: [EKF] 初始化完成，球的初始位置: X=1.513 Y=1.953
[05:54:34] [0m[33m[WARN] [1779659674.866486]: [Fusion] 球消失超過 1.5 秒，重置 EKF
[05:54:34] [INFO] [1779659674.937311]: [EKF] 初始化完成，球的初始位置: X=1.514 Y=1.955
[05:54:34] [0m[33m[WARN] [1779659674.966481]: [Fusion] 球消失超過 1.5 秒，重置 EKF
[05:54:35] [INFO] [1779659675.029101]: [EKF] 初始化完成，球的初始位置: X=1.518 Y=1.962
[05:54:35] [0m[33m[WARN] [1779659675.066532]: [Fusion] 球消失超過 1.5 秒，重置 EKF
[05:54:35] [INFO] [1779659675.075114]: [PATROL-ABS] 目標X=+0.45 機器人X=+0.34 誤差=+0.11
[05:54:35] [INFO] [1779659675.123960]: [EKF] 初始化完成，球的初始位置: X=1.515 Y=1.957
[05:54:35] [0m[33m[WARN] [1779659675.166091]: [Fusion] 球消失超過 1.5 秒，重置 EKF
[05:54:35] [INFO] [1779659675.206613]: [EKF] 初始化完成，球的初始位置: X=1.517 Y=1.960
[05:54:35] [0m[33m[WARN] [1779659675.215446]: [Fusion] 球消失超過 1.5 秒，重置 EKF
[05:54:35] [INFO] [1779659675.261066]: [EKF] 初始化完成，球的初始位置: X=1.514 Y=1.953
[05:54:35] [0m[33m[WARN] [1779659675.266007]: [Fusion] 球消失超過 1.5 秒，重置 EKF
[05:54:35] [0m[33m[WARN] [1779659675.267176]: [Fusion] 球在場外 (1.51, 1.95)，維持巡邏
[05:54:35] [INFO] [1779659675.315579]: [EKF] 初始化完成，球的初始位置: X=1.514 Y=1.953
[05:54:35] [0m[33m[WARN] [1779659675.317690]: [Fusion] 球消失超過 1.5 秒，重置 EKF
[05:54:35] [INFO] [1779659675.374800]: [EKF] 初始化完成，球的初始位置: X=1.511 Y=1.950
[05:54:35] [0m[33m[WARN] [1779659675.416189]: [Fusion] 球消失超過 1.5 秒，重置 EKF
[05:54:35] [INFO] [1779659675.428491]: [EKF] 初始化完成，球的初始位置: X=1.512 Y=1.951
[05:54:35] [0m[33m[WARN] [1779659675.466265]: [Fusion] 球消失超過 1.5 秒，重置 EKF
[05:54:35] [INFO] [1779659675.482961]: [EKF] 初始化完成，球的初始位置: X=1.513 Y=1.952
[05:54:35] [0m[33m[WARN] [1779659675.516341]: [Fusion] 球消失超過 1.5 秒，重置 EKF
[05:54:35] [INFO] [1779659675.540230]: [EKF] 初始化完成，球的初始位置: X=1.511 Y=1.947
[05:54:35] [0m[33m[WARN] [1779659675.566342]: [Fusion] 球消失超過 1.5 秒，重置 EKF
[05:54:35] [INFO] [1779659675.593547]: [EKF] 初始化完成，球的初始位置: X=1.514 Y=1.954
[05:54:35] [0m[33m[WARN] [1779659675.616524]: [Fusion] 球消失超過 1.5 秒，重置 EKF
[05:54:35] [INFO] [1779659675.652428]: [EKF] 初始化完成，球的初始位置: X=1.515 Y=1.956
[05:54:35] [0m[33m[WARN] [1779659675.666407]: [Fusion] 球消失超過 1.5 秒，重置 EKF
[05:54:35] [INFO] [1779659675.674798]: [PATROL-ABS] 目標X=-0.45 機器人X=+0.40 誤差=-0.85
[05:54:35] [INFO] [1779659675.710493]: [EKF] 初始化完成，球的初始位置: X=1.513 Y=1.952
[05:54:35] [0m[33m[WARN] [1779659675.715146]: [Fusion] 球消失超過 1.5 秒，重置 EKF
[05:54:35] [INFO] [1779659675.763416]: [EKF] 初始化完成，球的初始位置: X=1.513 Y=1.952
[05:54:35] [0m[33m[WARN] [1779659675.765195]: [Fusion] 球消失超過 1.5 秒，重置 EKF
[05:54:35] [INFO] [1779659675.807040]: [EKF] 初始化完成，球的初始位置: X=1.512 Y=1.950
[05:54:35] [0m[33m[WARN] [1779659675.815566]: [Fusion] 球消失超過 1.5 秒，重置 EKF
[05:54:35] [INFO] [1779659675.848780]: [EKF] 初始化完成，球的初始位置: X=1.514 Y=1.954
[05:54:35] [0m[33m[WARN] [1779659675.865226]: [Fusion] 球消失超過 1.5 秒，重置 EKF
[05:54:35] [INFO] [1779659675.891722]: [EKF] 初始化完成，球的初始位置: X=1.514 Y=1.956
[05:54:35] [0m[33m[WARN] [1779659675.915866]: [Fusion] 球消失超過 1.5 秒，重置 EKF
[05:54:35] [INFO] [1779659675.943899]: [EKF] 初始化完成，球的初始位置: X=1.511 Y=1.948
[05:54:35] [0m[33m[WARN] [1779659675.964964]: [Fusion] 球消失超過 1.5 秒，重置 EKF
[05:54:35] [INFO] [1779659675.985601]: [EKF] 初始化完成，球的初始位置: X=1.515 Y=1.957
[05:54:36] [0m[33m[WARN] [1779659676.015453]: [Fusion] 球消失超過 1.5 秒，重置 EKF
[05:54:36] [INFO] [1779659676.028304]: [EKF] 初始化完成，球的初始位置: X=1.515 Y=1.957
[05:54:36] [0m[33m[WARN] [1779659676.065779]: [Fusion] 球消失超過 1.5 秒，重置 EKF
[05:54:36] [INFO] [1779659676.078752]: [EKF] 初始化完成，球的初始位置: X=1.513 Y=1.952
[05:54:36] [0m[33m[WARN] [1779659676.115007]: [Fusion] 球消失超過 1.5 秒，重置 EKF
[05:54:36] [INFO] [1779659676.125799]: [EKF] 初始化完成，球的初始位置: X=1.512 Y=1.953
[05:54:36] [0m[33m[WARN] [1779659676.165663]: [Fusion] 球消失超過 1.5 秒，重置 EKF
[05:54:36] [INFO] [1779659676.208470]: [EKF] 初始化完成，球的初始位置: X=1.512 Y=1.952
[05:54:36] [0m[33m[WARN] [1779659676.215563]: [Fusion] 球消失超過 1.5 秒，重置 EKF
[05:54:36] [INFO] [1779659676.249478]: [EKF] 初始化完成，球的初始位置: X=1.516 Y=1.958
[05:54:36] [0m[33m[WARN] [1779659676.265579]: [Fusion] 球消失超過 1.5 秒，重置 EKF
[05:54:36] [INFO] [1779659676.273293]: [PATROL-ABS] 目標X=-0.45 機器人X=+0.28 誤差=-0.73
[05:54:36] [INFO] [1779659676.289005]: [EKF] 初始化完成，球的初始位置: X=1.512 Y=1.951
[05:54:36] [0m[33m[WARN] [1779659676.296288]: [Fusion] 球在場外 (1.51, 1.95)，維持巡邏
[05:54:36] [0m[33m[WARN] [1779659676.315518]: [Fusion] 球消失超過 1.5 秒，重置 EKF
[05:54:36] [INFO] [1779659676.335202]: [EKF] 初始化完成，球的初始位置: X=1.512 Y=1.951
[05:54:36] [0m[33m[WARN] [1779659676.365226]: [Fusion] 球消失超過 1.5 秒，重置 EKF
[05:54:36] [INFO] [1779659676.386668]: [EKF] 初始化完成，球的初始位置: X=1.516 Y=1.958
[05:54:36] [0m[33m[WARN] [1779659676.415817]: [Fusion] 球消失超過 1.5 秒，重置 EKF
[05:54:36] [INFO] [1779659676.435674]: [EKF] 初始化完成，球的初始位置: X=1.514 Y=1.955
[05:54:36] [0m[33m[WARN] [1779659676.465029]: [Fusion] 球消失超過 1.5 秒，重置 EKF
[05:54:36] [INFO] [1779659676.494588]: [EKF] 初始化完成，球的初始位置: X=1.514 Y=1.955
[05:54:36] [0m[33m[WARN] [1779659676.515280]: [Fusion] 球消失超過 1.5 秒，重置 EKF
[05:54:36] [INFO] [1779659676.526023]: [EKF] 初始化完成，球的初始位置: X=1.515 Y=1.957
[05:54:36] [0m[33m[WARN] [1779659676.565827]: [Fusion] 球消失超過 1.5 秒，重置 EKF
[05:54:36] [INFO] [1779659676.590750]: [EKF] 初始化完成，球的初始位置: X=1.509 Y=1.945
[05:54:36] [0m[33m[WARN] [1779659676.615448]: [Fusion] 球消失超過 1.5 秒，重置 EKF
[05:54:36] [INFO] [1779659676.635046]: [EKF] 初始化完成，球的初始位置: X=1.516 Y=1.958
[05:54:36] [0m[33m[WARN] [1779659676.665115]: [Fusion] 球消失超過 1.5 秒，重置 EKF
[05:54:36] [INFO] [1779659676.676868]: [EKF] 初始化完成，球的初始位置: X=1.515 Y=1.956
[05:54:36] [0m[33m[WARN] [1779659676.716860]: [Fusion] 球消失超過 1.5 秒，重置 EKF
[05:54:36] [INFO] [1779659676.724028]: [EKF] 初始化完成，球的初始位置: X=1.516 Y=1.959
[05:54:36] [0m[33m[WARN] [1779659676.766150]: [Fusion] 球消失超過 1.5 秒，重置 EKF
[05:54:36] [INFO] [1779659676.774610]: [PATROL-ABS] 目標X=-0.45 機器人X=+0.19 誤差=-0.64
[05:54:36] [INFO] [1779659676.781774]: [EKF] 初始化完成，球的初始位置: X=1.514 Y=1.955
[05:54:36] [0m[33m[WARN] [1779659676.816406]: [Fusion] 球消失超過 1.5 秒，重置 EKF
[05:54:36] [INFO] [1779659676.834830]: [EKF] 初始化完成，球的初始位置: X=1.513 Y=1.952
[05:54:36] [0m[33m[WARN] [1779659676.865541]: [Fusion] 球消失超過 1.5 秒，重置 EKF
[05:54:36] [INFO] [1779659676.894754]: [EKF] 初始化完成，球的初始位置: X=1.511 Y=1.951
[05:54:36] [0m[33m[WARN] [1779659676.915994]: [Fusion] 球消失超過 1.5 秒，重置 EKF
[05:54:36] [INFO] [1779659676.969526]: [EKF] 初始化完成，球的初始位置: X=1.512 Y=1.950
[05:54:37] [0m[33m[WARN] [1779659677.016589]: [Fusion] 球消失超過 1.5 秒，重置 EKF
[05:54:37] [INFO] [1779659677.026835]: [EKF] 初始化完成，球的初始位置: X=1.516 Y=1.958
[05:54:37] [0m[33m[WARN] [1779659677.066255]: [Fusion] 球消失超過 1.5 秒，重置 EKF
[05:54:37] [INFO] [1779659677.078451]: [EKF] 初始化完成，球的初始位置: X=1.517 Y=1.959
[05:54:37] [0m[33m[WARN] [1779659677.116526]: [Fusion] 球消失超過 1.5 秒，重置 EKF
[05:54:37] [INFO] [1779659677.135545]: [EKF] 初始化完成，球的初始位置: X=1.512 Y=1.949
[05:54:37] [0m[33m[WARN] [1779659677.165715]: [Fusion] 球消失超過 1.5 秒，重置 EKF
[05:54:37] [INFO] [1779659677.190871]: [EKF] 初始化完成，球的初始位置: X=1.515 Y=1.954
[05:54:37] [0m[33m[WARN] [1779659677.216490]: [Fusion] 球消失超過 1.5 秒，重置 EKF
[05:54:37] [INFO] [1779659677.250785]: [EKF] 初始化完成，球的初始位置: X=1.512 Y=1.949
[05:54:37] [0m[33m[WARN] [1779659677.266601]: [Fusion] 球消失超過 1.5 秒，重置 EKF
[05:54:37] [INFO] [1779659677.274894]: [PATROL-ABS] 目標X=-0.45 機器人X=+0.09 誤差=-0.54
[05:54:37] [INFO] [1779659677.308853]: [EKF] 初始化完成，球的初始位置: X=1.515 Y=1.956
[05:54:37] [0m[33m[WARN] [1779659677.313990]: [Fusion] 球在場外 (1.51, 1.96)，維持巡邏
[05:54:37] [0m[33m[WARN] [1779659677.315832]: [Fusion] 球消失超過 1.5 秒，重置 EKF
[05:54:37] [INFO] [1779659677.359797]: [EKF] 初始化完成，球的初始位置: X=1.515 Y=1.956
[05:54:37] [0m[33m[WARN] [1779659677.366074]: [Fusion] 球消失超過 1.5 秒，重置 EKF
[05:54:37] [INFO] [1779659677.415831]: [EKF] 初始化完成，球的初始位置: X=1.515 Y=1.956
[05:54:37] [0m[33m[WARN] [1779659677.418031]: [Fusion] 球消失超過 1.5 秒，重置 EKF
[05:54:37] [INFO] [1779659677.475402]: [EKF] 初始化完成，球的初始位置: X=1.513 Y=1.953
[05:54:37] [0m[33m[WARN] [1779659677.516731]: [Fusion] 球消失超過 1.5 秒，重置 EKF
[05:54:37] [INFO] [1779659677.529094]: [EKF] 初始化完成，球的初始位置: X=1.513 Y=1.951
[05:54:37] [0m[33m[WARN] [1779659677.566084]: [Fusion] 球消失超過 1.5 秒，重置 EKF
[05:54:37] [INFO] [1779659677.587893]: [EKF] 初始化完成，球的初始位置: X=1.516 Y=1.959
[05:54:37] [0m[33m[WARN] [1779659677.615960]: [Fusion] 球消失超過 1.5 秒，重置 EKF
[05:54:37] [INFO] [1779659677.638574]: [EKF] 初始化完成，球的初始位置: X=1.513 Y=1.953
[05:54:37] [0m[33m[WARN] [1779659677.666409]: [Fusion] 球消失超過 1.5 秒，重置 EKF
[05:54:37] [INFO] [1779659677.699292]: [EKF] 初始化完成，球的初始位置: X=1.510 Y=1.946
[05:54:37] [0m[33m[WARN] [1779659677.715508]: [Fusion] 球消失超過 1.5 秒，重置 EKF
[05:54:37] [INFO] [1779659677.749158]: [EKF] 初始化完成，球的初始位置: X=1.513 Y=1.954
[05:54:37] [0m[33m[WARN] [1779659677.766697]: [Fusion] 球消失超過 1.5 秒，重置 EKF
[05:54:37] [INFO] [1779659677.775013]: [PATROL-ABS] 目標X=-0.45 機器人X=-0.01 誤差=-0.44
[05:54:37] [INFO] [1779659677.814143]: [EKF] 初始化完成，球的初始位置: X=1.511 Y=1.948
[05:54:37] [0m[33m[WARN] [1779659677.816107]: [Fusion] 球消失超過 1.5 秒，重置 EKF
[05:54:37] [INFO] [1779659677.868599]: [EKF] 初始化完成，球的初始位置: X=1.513 Y=1.952
[05:54:37] [0m[33m[WARN] [1779659677.916451]: [Fusion] 球消失超過 1.5 秒，重置 EKF
[05:54:37] [INFO] [1779659677.931218]: [EKF] 初始化完成，球的初始位置: X=1.510 Y=1.947
[05:54:37] [0m[33m[WARN] [1779659677.966417]: [Fusion] 球消失超過 1.5 秒，重置 EKF
[05:54:37] [INFO] [1779659677.990069]: [EKF] 初始化完成，球的初始位置: X=1.514 Y=1.954
[05:54:38] [0m[33m[WARN] [1779659678.016505]: [Fusion] 球消失超過 1.5 秒，重置 EKF
[05:54:38] [INFO] [1779659678.067881]: [EKF] 初始化完成，球的初始位置: X=1.514 Y=1.954
[05:54:38] [0m[33m[WARN] [1779659678.116331]: [Fusion] 球消失超過 1.5 秒，重置 EKF
[05:54:38] [INFO] [1779659678.191574]: [EKF] 初始化完成，球的初始位置: X=1.515 Y=1.956
[05:54:38] [0m[33m[WARN] [1779659678.216143]: [Fusion] 球消失超過 1.5 秒，重置 EKF
[05:54:38] [INFO] [1779659678.276555]: [EKF] 初始化完成，球的初始位置: X=1.515 Y=1.956
[05:54:38] [0m[33m[WARN] [1779659678.316180]: [Fusion] 球消失超過 1.5 秒，重置 EKF
[05:54:38] [INFO] [1779659678.356448]: [EKF] 初始化完成，球的初始位置: X=1.515 Y=1.956
[05:54:38] [0m[33m[WARN] [1779659678.360291]: [Fusion] 球在場外 (1.52, 1.96)，維持巡邏
[05:54:38] [0m[33m[WARN] [1779659678.364733]: [Fusion] 球消失超過 1.5 秒，重置 EKF
[05:54:38] [INFO] [1779659678.373502]: [PATROL-ABS] 目標X=-0.45 機器人X=-0.12 誤差=-0.33
[05:54:38] [INFO] [1779659678.416092]: [EKF] 初始化完成，球的初始位置: X=1.517 Y=1.959
[05:54:38] [0m[33m[WARN] [1779659678.418895]: [Fusion] 球消失超過 1.5 秒，重置 EKF
[05:54:38] [INFO] [1779659678.496710]: [EKF] 初始化完成，球的初始位置: X=1.517 Y=1.959
[05:54:38] [0m[33m[WARN] [1779659678.518413]: [Fusion] 球消失超過 1.5 秒，重置 EKF
[05:54:38] [INFO] [1779659678.565085]: [EKF] 初始化完成，球的初始位置: X=1.514 Y=1.953
[05:54:38] [0m[33m[WARN] [1779659678.617716]: [Fusion] 球消失超過 1.5 秒，重置 EKF
[05:54:38] [INFO] [1779659678.677794]: [EKF] 初始化完成，球的初始位置: X=1.516 Y=1.957
[05:54:38] [0m[33m[WARN] [1779659678.716812]: [Fusion] 球消失超過 1.5 秒，重置 EKF
[05:54:38] [INFO] [1779659678.733645]: [EKF] 初始化完成，球的初始位置: X=1.517 Y=1.959
[05:54:38] [0m[33m[WARN] [1779659678.765241]: [Fusion] 球消失超過 1.5 秒，重置 EKF
[05:54:38] [INFO] [1779659678.779896]: [EKF] 初始化完成，球的初始位置: X=1.514 Y=1.954
[05:54:38] [0m[33m[WARN] [1779659678.815499]: [Fusion] 球消失超過 1.5 秒，重置 EKF
[05:54:38] [INFO] [1779659678.824997]: [EKF] 初始化完成，球的初始位置: X=1.517 Y=1.959
[05:54:38] [0m[33m[WARN] [1779659678.865657]: [Fusion] 球消失超過 1.5 秒，重置 EKF
[05:54:38] [INFO] [1779659678.890182]: [EKF] 初始化完成，球的初始位置: X=1.513 Y=1.950
[05:54:38] [0m[33m[WARN] [1779659678.915845]: [Fusion] 球消失超過 1.5 秒，重置 EKF
[05:54:38] [INFO] [1779659678.922537]: [EKF] 初始化完成，球的初始位置: X=1.512 Y=1.950
[05:54:38] [0m[33m[WARN] [1779659678.965704]: [Fusion] 球消失超過 1.5 秒，重置 EKF
[05:54:38] [INFO] [1779659678.973247]: [PATROL-ABS] 目標X=-0.45 機器人X=-0.23 誤差=-0.22
[05:54:38] [INFO] [1779659678.982485]: [EKF] 初始化完成，球的初始位置: X=1.513 Y=1.953
[05:54:39] [0m[33m[WARN] [1779659679.015247]: [Fusion] 球消失超過 1.5 秒，重置 EKF
[05:54:39] [INFO] [1779659679.032601]: [EKF] 初始化完成，球的初始位置: X=1.516 Y=1.959
[05:54:39] [0m[33m[WARN] [1779659679.064936]: [Fusion] 球消失超過 1.5 秒，重置 EKF
[05:54:39] [INFO] [1779659679.073959]: [EKF] 初始化完成，球的初始位置: X=1.515 Y=1.956
[05:54:39] [0m[33m[WARN] [1779659679.115552]: [Fusion] 球消失超過 1.5 秒，重置 EKF
[05:54:39] [INFO] [1779659679.135671]: [EKF] 初始化完成，球的初始位置: X=1.512 Y=1.951
[05:54:39] [0m[33m[WARN] [1779659679.165899]: [Fusion] 球消失超過 1.5 秒，重置 EKF
[05:54:39] [INFO] [1779659679.188761]: [EKF] 初始化完成，球的初始位置: X=1.515 Y=1.956
[05:54:39] [0m[33m[WARN] [1779659679.215284]: [Fusion] 球消失超過 1.5 秒，重置 EKF
[05:54:39] [INFO] [1779659679.241145]: [EKF] 初始化完成，球的初始位置: X=1.515 Y=1.955
[05:54:39] [0m[33m[WARN] [1779659679.264933]: [Fusion] 球消失超過 1.5 秒，重置 EKF
[05:54:39] [INFO] [1779659679.289928]: [EKF] 初始化完成，球的初始位置: X=1.511 Y=1.949
[05:54:39] [0m[33m[WARN] [1779659679.315050]: [Fusion] 球消失超過 1.5 秒，重置 EKF
[05:54:39] [INFO] [1779659679.339871]: [EKF] 初始化完成，球的初始位置: X=1.511 Y=1.949
[05:54:39] [0m[33m[WARN] [1779659679.366213]: [Fusion] 球消失超過 1.5 秒，重置 EKF
[05:54:39] [INFO] [1779659679.381946]: [EKF] 初始化完成，球的初始位置: X=1.513 Y=1.952
[05:54:39] [0m[33m[WARN] [1779659679.386673]: [Fusion] 球在場外 (1.51, 1.95)，維持巡邏
[05:54:39] [0m[33m[WARN] [1779659679.416641]: [Fusion] 球消失超過 1.5 秒，重置 EKF
[05:54:39] [INFO] [1779659679.457762]: [EKF] 初始化完成，球的初始位置: X=1.512 Y=1.950
[05:54:39] [0m[33m[WARN] [1779659679.465285]: [Fusion] 球消失超過 1.5 秒，重置 EKF
[05:54:39] [INFO] [1779659679.473747]: [PATROL-ABS] 目標X=-0.45 機器人X=-0.33 誤差=-0.12
[05:54:39] [INFO] [1779659679.498082]: [EKF] 初始化完成，球的初始位置: X=1.514 Y=1.953
[05:54:39] [0m[33m[WARN] [1779659679.515455]: [Fusion] 球消失超過 1.5 秒，重置 EKF
[05:54:39] [INFO] [1779659679.534703]: [EKF] 初始化完成，球的初始位置: X=1.515 Y=1.956
[05:54:39] [0m[33m[WARN] [1779659679.565199]: [Fusion] 球消失超過 1.5 秒，重置 EKF
[05:54:39] [INFO] [1779659679.577577]: [EKF] 初始化完成，球的初始位置: X=1.514 Y=1.956
[05:54:39] [0m[33m[WARN] [1779659679.616272]: [Fusion] 球消失超過 1.5 秒，重置 EKF
[05:54:39] [INFO] [1779659679.660394]: [EKF] 初始化完成，球的初始位置: X=1.513 Y=1.952
[05:54:39] [0m[33m[WARN] [1779659679.665174]: [Fusion] 球消失超過 1.5 秒，重置 EKF
[05:54:39] [INFO] [1779659679.703587]: [EKF] 初始化完成，球的初始位置: X=1.514 Y=1.955
[05:54:39] [0m[33m[WARN] [1779659679.716123]: [Fusion] 球消失超過 1.5 秒，重置 EKF
[05:54:39] [INFO] [1779659679.742739]: [EKF] 初始化完成，球的初始位置: X=1.517 Y=1.960
[05:54:39] [0m[33m[WARN] [1779659679.765801]: [Fusion] 球消失超過 1.5 秒，重置 EKF
[05:54:39] [INFO] [1779659679.788079]: [EKF] 初始化完成，球的初始位置: X=1.510 Y=1.946
[05:54:39] [0m[33m[WARN] [1779659679.815931]: [Fusion] 球消失超過 1.5 秒，重置 EKF
[05:54:39] [INFO] [1779659679.828762]: [EKF] 初始化完成，球的初始位置: X=1.516 Y=1.958
[05:54:39] [0m[33m[WARN] [1779659679.865976]: [Fusion] 球消失超過 1.5 秒，重置 EKF
[05:54:39] [INFO] [1779659679.875684]: [EKF] 初始化完成，球的初始位置: X=1.514 Y=1.953
[05:54:39] [0m[33m[WARN] [1779659679.915662]: [Fusion] 球消失超過 1.5 秒，重置 EKF
[05:54:39] [INFO] [1779659679.959760]: [EKF] 初始化完成，球的初始位置: X=1.515 Y=1.955
[05:54:39] [0m[33m[WARN] [1779659679.965711]: [Fusion] 球消失超過 1.5 秒，重置 EKF
[05:54:40] [INFO] [1779659680.000341]: [EKF] 初始化完成，球的初始位置: X=1.515 Y=1.955
[05:54:40] [0m[33m[WARN] [1779659680.015219]: [Fusion] 球消失超過 1.5 秒，重置 EKF
[05:54:40] [INFO] [1779659680.045412]: [EKF] 初始化完成，球的初始位置: X=1.514 Y=1.954
[05:54:40] [0m[33m[WARN] [1779659680.065483]: [Fusion] 球消失超過 1.5 秒，重置 EKF
[05:54:40] [INFO] [1779659680.073186]: [PATROL-ABS] 目標X=+0.45 機器人X=-0.42 誤差=+0.87
[05:54:40] [INFO] [1779659680.086091]: [EKF] 初始化完成，球的初始位置: X=1.512 Y=1.950
[05:54:40] [0m[33m[WARN] [1779659680.115456]: [Fusion] 球消失超過 1.5 秒，重置 EKF
[05:54:40] [INFO] [1779659680.132505]: [EKF] 初始化完成，球的初始位置: X=1.515 Y=1.955
[05:54:40] [0m[33m[WARN] [1779659680.165920]: [Fusion] 球消失超過 1.5 秒，重置 EKF
[05:54:40] [INFO] [1779659680.172522]: [EKF] 初始化完成，球的初始位置: X=1.515 Y=1.954
[05:54:40] [0m[33m[WARN] [1779659680.215649]: [Fusion] 球消失超過 1.5 秒，重置 EKF
[05:54:40] [INFO] [1779659680.244836]: [EKF] 初始化完成，球的初始位置: X=1.513 Y=1.951
[05:54:40] [0m[33m[WARN] [1779659680.265601]: [Fusion] 球消失超過 1.5 秒，重置 EKF
[05:54:40] [INFO] [1779659680.318438]: [EKF] 初始化完成，球的初始位置: X=1.516 Y=1.957
[05:54:40] [0m[33m[WARN] [1779659680.365304]: [Fusion] 球消失超過 1.5 秒，重置 EKF
[05:54:40] [INFO] [1779659680.388625]: [EKF] 初始化完成，球的初始位置: X=1.512 Y=1.950
[05:54:40] [0m[33m[WARN] [1779659680.395072]: [Fusion] 球在場外 (1.51, 1.95)，維持巡邏
[05:54:40] [0m[33m[WARN] [1779659680.415388]: [Fusion] 球消失超過 1.5 秒，重置 EKF
[05:54:40] [INFO] [1779659680.452150]: [EKF] 初始化完成，球的初始位置: X=1.517 Y=1.960
[05:54:40] [0m[33m[WARN] [1779659680.465566]: [Fusion] 球消失超過 1.5 秒，重置 EKF
[05:54:40] [INFO] [1779659680.507045]: [EKF] 初始化完成，球的初始位置: X=1.514 Y=1.955
[05:54:40] [0m[33m[WARN] [1779659680.515445]: [Fusion] 球消失超過 1.5 秒，重置 EKF
[05:54:40] [INFO] [1779659680.559041]: [EKF] 初始化完成，球的初始位置: X=1.509 Y=1.947
[05:54:40] [0m[33m[WARN] [1779659680.564638]: [Fusion] 球消失超過 1.5 秒，重置 EKF
[05:54:40] [INFO] [1779659680.573412]: [PATROL-ABS] 目標X=+0.45 機器人X=-0.36 誤差=+0.81
[05:54:40] [INFO] [1779659680.593277]: [EKF] 初始化完成，球的初始位置: X=1.509 Y=1.947
[05:54:40] [0m[33m[WARN] [1779659680.615264]: [Fusion] 球消失超過 1.5 秒，重置 EKF
[05:54:40] [INFO] [1779659680.632987]: [EKF] 初始化完成，球的初始位置: X=1.514 Y=1.956
[05:54:40] [0m[33m[WARN] [1779659680.665585]: [Fusion] 球消失超過 1.5 秒，重置 EKF
[05:54:40] [INFO] [1779659680.699090]: [EKF] 初始化完成，球的初始位置: X=1.514 Y=1.953
[05:54:40] [0m[33m[WARN] [1779659680.715625]: [Fusion] 球消失超過 1.5 秒，重置 EKF
[05:54:40] [INFO] [1779659680.769863]: [EKF] 初始化完成，球的初始位置: X=1.515 Y=1.956
[05:54:40] [0m[33m[WARN] [1779659680.816349]: [Fusion] 球消失超過 1.5 秒，重置 EKF
[05:54:40] [INFO] [1779659680.833857]: [EKF] 初始化完成，球的初始位置: X=1.515 Y=1.956
[05:54:40] [0m[33m[WARN] [1779659680.865566]: [Fusion] 球消失超過 1.5 秒，重置 EKF
[05:54:40] [INFO] [1779659680.893265]: [EKF] 初始化完成，球的初始位置: X=1.513 Y=1.952
[05:54:40] [0m[33m[WARN] [1779659680.916588]: [Fusion] 球消失超過 1.5 秒，重置 EKF
[05:54:40] [INFO] [1779659680.988908]: [EKF] 初始化完成，球的初始位置: X=1.510 Y=1.945
[05:54:41] [0m[33m[WARN] [1779659681.017206]: [Fusion] 球消失超過 1.5 秒，重置 EKF
[05:54:41] [INFO] [1779659681.073569]: [PATROL-ABS] 目標X=+0.45 機器人X=-0.27 誤差=+0.72
[05:54:41] [INFO] [1779659681.085172]: [EKF] 初始化完成，球的初始位置: X=1.515 Y=1.957
[05:54:41] [0m[33m[WARN] [1779659681.116431]: [Fusion] 球消失超過 1.5 秒，重置 EKF
[05:54:41] [INFO] [1779659681.177002]: [EKF] 初始化完成，球的初始位置: X=1.513 Y=1.951
[05:54:41] [0m[33m[WARN] [1779659681.216832]: [Fusion] 球消失超過 1.5 秒，重置 EKF
[05:54:41] [INFO] [1779659681.231797]: [EKF] 初始化完成，球的初始位置: X=1.511 Y=1.949
[05:54:41] [0m[33m[WARN] [1779659681.266068]: [Fusion] 球消失超過 1.5 秒，重置 EKF
[05:54:41] [INFO] [1779659681.311994]: [EKF] 初始化完成，球的初始位置: X=1.511 Y=1.949
[05:54:41] [0m[33m[WARN] [1779659681.316677]: [Fusion] 球消失超過 1.5 秒，重置 EKF
[05:54:41] [INFO] [1779659681.367226]: [EKF] 初始化完成，球的初始位置: X=1.512 Y=1.951
[05:54:41] [0m[33m[WARN] [1779659681.416194]: [Fusion] 球消失超過 1.5 秒，重置 EKF
[05:54:41] [0m[33m[WARN] [1779659681.419473]: [Fusion] 球在場外 (1.52, 1.96)，維持巡邏
[05:54:41] [INFO] [1779659681.465523]: [EKF] 初始化完成，球的初始位置: X=1.519 Y=1.963
[05:54:41] [0m[33m[WARN] [1779659681.467821]: [Fusion] 球消失超過 1.5 秒，重置 EKF
[05:54:41] [INFO] [1779659681.517953]: [EKF] 初始化完成，球的初始位置: X=1.513 Y=1.952
[05:54:41] [0m[33m[WARN] [1779659681.566422]: [Fusion] 球消失超過 1.5 秒，重置 EKF
[05:54:41] [INFO] [1779659681.576046]: [PATROL-ABS] 目標X=+0.45 機器人X=-0.18 誤差=+0.63
[05:54:41] [INFO] [1779659681.656488]: [EKF] 初始化完成，球的初始位置: X=1.517 Y=1.959
[05:54:41] [0m[33m[WARN] [1779659681.666322]: [Fusion] 球消失超過 1.5 秒，重置 EKF
[05:54:41] [INFO] [1779659681.728991]: [EKF] 初始化完成，球的初始位置: X=1.517 Y=1.960
[05:54:41] [0m[33m[WARN] [1779659681.765266]: [Fusion] 球消失超過 1.5 秒，重置 EKF
[05:54:41] [INFO] [1779659681.792964]: [EKF] 初始化完成，球的初始位置: X=1.515 Y=1.957
[05:54:41] [0m[33m[WARN] [1779659681.815045]: [Fusion] 球消失超過 1.5 秒，重置 EKF
[05:54:41] [INFO] [1779659681.844105]: [EKF] 初始化完成，球的初始位置: X=1.513 Y=1.950
[05:54:41] [0m[33m[WARN] [1779659681.865731]: [Fusion] 球消失超過 1.5 秒，重置 EKF
[05:54:41] [INFO] [1779659681.919872]: [EKF] 初始化完成，球的初始位置: X=1.510 Y=1.946
[05:54:41] [0m[33m[WARN] [1779659681.965127]: [Fusion] 球消失超過 1.5 秒，重置 EKF
[05:54:41] [INFO] [1779659681.978408]: [EKF] 初始化完成，球的初始位置: X=1.512 Y=1.949
[05:54:42] [0m[33m[WARN] [1779659682.015404]: [Fusion] 球消失超過 1.5 秒，重置 EKF
[05:54:42] [INFO] [1779659682.035522]: [EKF] 初始化完成，球的初始位置: X=1.510 Y=1.945
[05:54:42] [0m[33m[WARN] [1779659682.065828]: [Fusion] 球消失超過 1.5 秒，重置 EKF
[05:54:42] [INFO] [1779659682.094004]: [EKF] 初始化完成，球的初始位置: X=1.510 Y=1.945
[05:54:42] [0m[33m[WARN] [1779659682.115899]: [Fusion] 球消失超過 1.5 秒，重置 EKF
[05:54:42] [INFO] [1779659682.147313]: [EKF] 初始化完成，球的初始位置: X=1.512 Y=1.950
[05:54:42] [0m[33m[WARN] [1779659682.165259]: [Fusion] 球消失超過 1.5 秒，重置 EKF
[05:54:42] [INFO] [1779659682.173591]: [PATROL-ABS] 目標X=+0.45 機器人X=-0.07 誤差=+0.52
[05:54:42] [INFO] [1779659682.193825]: [EKF] 初始化完成，球的初始位置: X=1.511 Y=1.948
[05:54:42] [0m[33m[WARN] [1779659682.215195]: [Fusion] 球消失超過 1.5 秒，重置 EKF
[05:54:42] [INFO] [1779659682.237535]: [EKF] 初始化完成，球的初始位置: X=1.511 Y=1.949
[05:54:42] [0m[33m[WARN] [1779659682.266193]: [Fusion] 球消失超過 1.5 秒，重置 EKF
[05:54:42] [INFO] [1779659682.296352]: [EKF] 初始化完成，球的初始位置: X=1.508 Y=1.941
[05:54:42] [0m[33m[WARN] [1779659682.315495]: [Fusion] 球消失超過 1.5 秒，重置 EKF
[05:54:42] [INFO] [1779659682.342280]: [EKF] 初始化完成，球的初始位置: X=1.511 Y=1.946
[05:54:42] [0m[33m[WARN] [1779659682.366004]: [Fusion] 球消失超過 1.5 秒，重置 EKF
[05:54:42] [INFO] [1779659682.389792]: [EKF] 初始化完成，球的初始位置: X=1.511 Y=1.946
[05:54:42] [0m[33m[WARN] [1779659682.415879]: [Fusion] 球消失超過 1.5 秒，重置 EKF
[05:54:42] [INFO] [1779659682.445701]: [EKF] 初始化完成，球的初始位置: X=1.511 Y=1.948
[05:54:42] [0m[33m[WARN] [1779659682.452105]: [Fusion] 球在場外 (1.51, 1.95)，維持巡邏
[05:54:42] [0m[33m[WARN] [1779659682.465707]: [Fusion] 球消失超過 1.5 秒，重置 EKF
[05:54:42] [INFO] [1779659682.498444]: [EKF] 初始化完成，球的初始位置: X=1.511 Y=1.947
[05:54:42] [0m[33m[WARN] [1779659682.515356]: [Fusion] 球消失超過 1.5 秒，重置 EKF
[05:54:42] [INFO] [1779659682.540474]: [EKF] 初始化完成，球的初始位置: X=1.509 Y=1.943
[05:54:42] [0m[33m[WARN] [1779659682.565725]: [Fusion] 球消失超過 1.5 秒，重置 EKF
[05:54:42] [INFO] [1779659682.586788]: [EKF] 初始化完成，球的初始位置: X=1.511 Y=1.946
[05:54:42] [0m[33m[WARN] [1779659682.615433]: [Fusion] 球消失超過 1.5 秒，重置 EKF
[05:54:42] [INFO] [1779659682.651662]: [EKF] 初始化完成，球的初始位置: X=1.510 Y=1.944
[05:54:42] [0m[33m[WARN] [1779659682.665604]: [Fusion] 球消失超過 1.5 秒，重置 EKF
[05:54:42] [INFO] [1779659682.687094]: [EKF] 初始化完成，球的初始位置: X=1.510 Y=1.945
[05:54:42] [0m[33m[WARN] [1779659682.715253]: [Fusion] 球消失超過 1.5 秒，重置 EKF
[05:54:42] [INFO] [1779659682.759552]: [EKF] 初始化完成，球的初始位置: X=1.509 Y=1.943
[05:54:42] [0m[33m[WARN] [1779659682.764681]: [Fusion] 球消失超過 1.5 秒，重置 EKF
[05:54:42] [INFO] [1779659682.773317]: [PATROL-ABS] 目標X=+0.45 機器人X=+0.04 誤差=+0.41
[05:54:42] [INFO] [1779659682.809950]: [EKF] 初始化完成，球的初始位置: X=1.508 Y=1.943
[05:54:42] [0m[33m[WARN] [1779659682.816355]: [Fusion] 球消失超過 1.5 秒，重置 EKF
[05:54:42] [INFO] [1779659682.855326]: [EKF] 初始化完成，球的初始位置: X=1.507 Y=1.939
[05:54:42] [0m[33m[WARN] [1779659682.865362]: [Fusion] 球消失超過 1.5 秒，重置 EKF
[05:54:42] [INFO] [1779659682.914024]: [EKF] 初始化完成，球的初始位置: X=1.507 Y=1.939
[05:54:42] [0m[33m[WARN] [1779659682.915990]: [Fusion] 球消失超過 1.5 秒，重置 EKF
[05:54:42] [INFO] [1779659682.952098]: [EKF] 初始化完成，球的初始位置: X=1.510 Y=1.945
[05:54:42] [0m[33m[WARN] [1779659682.964818]: [Fusion] 球消失超過 1.5 秒，重置 EKF
[05:54:42] [INFO] [1779659682.992235]: [EKF] 初始化完成，球的初始位置: X=1.510 Y=1.946
[05:54:43] [0m[33m[WARN] [1779659683.015368]: [Fusion] 球消失超過 1.5 秒，重置 EKF
[05:54:43] [INFO] [1779659683.056426]: [EKF] 初始化完成，球的初始位置: X=1.507 Y=1.940
[05:54:43] [0m[33m[WARN] [1779659683.064921]: [Fusion] 球消失超過 1.5 秒，重置 EKF
[05:54:43] [INFO] [1779659683.115704]: [EKF] 初始化完成，球的初始位置: X=1.511 Y=1.948
[05:54:43] [0m[33m[WARN] [1779659683.165927]: [Fusion] 球消失超過 1.5 秒，重置 EKF
[05:54:43] [INFO] [1779659683.219136]: [EKF] 初始化完成，球的初始位置: X=1.511 Y=1.948
[05:54:43] [0m[33m[WARN] [1779659683.265983]: [Fusion] 球消失超過 1.5 秒，重置 EKF
[05:54:43] [INFO] [1779659683.273651]: [PATROL-ABS] 目標X=+0.45 機器人X=+0.14 誤差=+0.31
[05:54:43] [INFO] [1779659683.324162]: [EKF] 初始化完成，球的初始位置: X=1.511 Y=1.947
[05:54:43] [0m[33m[WARN] [1779659683.365029]: [Fusion] 球消失超過 1.5 秒，重置 EKF
[05:54:43] [INFO] [1779659683.385962]: [EKF] 初始化完成，球的初始位置: X=1.511 Y=1.949
[05:54:43] [0m[33m[WARN] [1779659683.415729]: [Fusion] 球消失超過 1.5 秒，重置 EKF
[05:54:43] [INFO] [1779659683.437248]: [EKF] 初始化完成，球的初始位置: X=1.511 Y=1.948
[05:54:43] [0m[33m[WARN] [1779659683.465177]: [Fusion] 球消失超過 1.5 秒，重置 EKF
[05:54:43] [0m[33m[WARN] [1779659683.471850]: [Fusion] 球在場外 (1.51, 1.95)，維持巡邏
[05:54:43] [INFO] [1779659683.513589]: [EKF] 初始化完成，球的初始位置: X=1.510 Y=1.945
[05:54:43] [0m[33m[WARN] [1779659683.515115]: [Fusion] 球消失超過 1.5 秒，重置 EKF
[05:54:43] [INFO] [1779659683.559644]: [EKF] 初始化完成，球的初始位置: X=1.511 Y=1.948
[05:54:43] [0m[33m[WARN] [1779659683.564590]: [Fusion] 球消失超過 1.5 秒，重置 EKF
[05:54:43] [INFO] [1779659683.600355]: [EKF] 初始化完成，球的初始位置: X=1.511 Y=1.948
[05:54:43] [0m[33m[WARN] [1779659683.615752]: [Fusion] 球消失超過 1.5 秒，重置 EKF
[05:54:43] [INFO] [1779659683.641901]: [EKF] 初始化完成，球的初始位置: X=1.508 Y=1.943
[05:54:43] [0m[33m[WARN] [1779659683.665750]: [Fusion] 球消失超過 1.5 秒，重置 EKF
[05:54:43] [INFO] [1779659683.685478]: [EKF] 初始化完成，球的初始位置: X=1.508 Y=1.943
[05:54:43] [0m[33m[WARN] [1779659683.715917]: [Fusion] 球消失超過 1.5 秒，重置 EKF
[05:54:43] [INFO] [1779659683.770812]: [EKF] 初始化完成，球的初始位置: X=1.507 Y=1.940
[05:54:43] [INFO] [1779659683.774162]: [PATROL-ABS] 目標X=+0.45 機器人X=+0.23 誤差=+0.22
[05:54:43] [0m[33m[WARN] [1779659683.816426]: [Fusion] 球消失超過 1.5 秒，重置 EKF
[05:54:43] [INFO] [1779659683.863830]: [EKF] 初始化完成，球的初始位置: X=1.509 Y=1.942
[05:54:43] [0m[33m[WARN] [1779659683.865184]: [Fusion] 球消失超過 1.5 秒，重置 EKF
[05:54:43] [INFO] [1779659683.922149]: [EKF] 初始化完成，球的初始位置: X=1.510 Y=1.945
[05:54:43] [0m[33m[WARN] [1779659683.965877]: [Fusion] 球消失超過 1.5 秒，重置 EKF
[05:54:44] [INFO] [1779659684.013016]: [EKF] 初始化完成，球的初始位置: X=1.510 Y=1.945
[05:54:44] [0m[33m[WARN] [1779659684.015075]: [Fusion] 球消失超過 1.5 秒，重置 EKF
[05:54:44] [INFO] [1779659684.075623]: [EKF] 初始化完成，球的初始位置: X=1.511 Y=1.948
[05:54:44] [0m[33m[WARN] [1779659684.116577]: [Fusion] 球消失超過 1.5 秒，重置 EKF
[05:54:44] [INFO] [1779659684.150463]: [EKF] 初始化完成，球的初始位置: X=1.509 Y=1.945
[05:54:44] [0m[33m[WARN] [1779659684.166197]: [Fusion] 球消失超過 1.5 秒，重置 EKF
[05:54:44] [INFO] [1779659684.246953]: [EKF] 初始化完成，球的初始位置: X=1.511 Y=1.948
[05:54:44] [0m[33m[WARN] [1779659684.266102]: [Fusion] 球消失超過 1.5 秒，重置 EKF
[05:54:44] [INFO] [1779659684.275657]: [PATROL-ABS] 目標X=+0.45 機器人X=+0.32 誤差=+0.13
[05:54:44] [INFO] [1779659684.331770]: [EKF] 初始化完成，球的初始位置: X=1.510 Y=1.946
[05:54:44] [0m[33m[WARN] [1779659684.365800]: [Fusion] 球消失超過 1.5 秒，重置 EKF
[05:54:44] [INFO] [1779659684.411637]: [EKF] 初始化完成，球的初始位置: X=1.506 Y=1.938
[05:54:44] [0m[33m[WARN] [1779659684.416541]: [Fusion] 球消失超過 1.5 秒，重置 EKF
[05:54:44] [INFO] [1779659684.483263]: [EKF] 初始化完成，球的初始位置: X=1.506 Y=1.938
[05:54:44] [0m[33m[WARN] [1779659684.489839]: [Fusion] 球在場外 (1.51, 1.94)，維持巡邏
[05:54:44] [0m[33m[WARN] [1779659684.516021]: [Fusion] 球消失超過 1.5 秒，重置 EKF
[05:54:44] [INFO] [1779659684.546874]: [EKF] 初始化完成，球的初始位置: X=1.513 Y=1.952
[05:54:44] [0m[33m[WARN] [1779659684.565956]: [Fusion] 球消失超過 1.5 秒，重置 EKF
[05:54:44] [INFO] [1779659684.601595]: [EKF] 初始化完成，球的初始位置: X=1.510 Y=1.945
[05:54:44] [0m[33m[WARN] [1779659684.617068]: [Fusion] 球消失超過 1.5 秒，重置 EKF
[05:54:44] [INFO] [1779659684.661102]: [EKF] 初始化完成，球的初始位置: X=1.507 Y=1.942
[05:54:44] [0m[33m[WARN] [1779659684.667692]: [Fusion] 球消失超過 1.5 秒，重置 EKF
[05:54:44] [INFO] [1779659684.731459]: [EKF] 初始化完成，球的初始位置: X=1.509 Y=1.944
[05:54:44] [0m[33m[WARN] [1779659684.765553]: [Fusion] 球消失超過 1.5 秒，重置 EKF
[05:54:44] [INFO] [1779659684.774344]: [EKF] 初始化完成，球的初始位置: X=1.509 Y=1.946
[05:54:44] [0m[33m[WARN] [1779659684.815701]: [Fusion] 球消失超過 1.5 秒，重置 EKF
[05:54:44] [INFO] [1779659684.866510]: [EKF] 初始化完成，球的初始位置: X=1.512 Y=1.949
[05:54:44] [INFO] [1779659684.873273]: [PATROL-ABS] 目標X=-0.45 機器人X=+0.41 誤差=-0.86
[05:54:44] [0m[33m[WARN] [1779659684.915825]: [Fusion] 球消失超過 1.5 秒，重置 EKF
[05:54:44] [INFO] [1779659684.929675]: [EKF] 初始化完成，球的初始位置: X=1.509 Y=1.943
[05:54:44] [0m[33m[WARN] [1779659684.965305]: [Fusion] 球消失超過 1.5 秒，重置 EKF
[05:54:44] [INFO] [1779659684.982122]: [EKF] 初始化完成，球的初始位置: X=1.509 Y=1.945
[05:54:45] [0m[33m[WARN] [1779659685.015144]: [Fusion] 球消失超過 1.5 秒，重置 EKF
[05:54:45] [INFO] [1779659685.020916]: [EKF] 初始化完成，球的初始位置: X=1.510 Y=1.946
[05:54:45] [0m[33m[WARN] [1779659685.065081]: [Fusion] 球消失超過 1.5 秒，重置 EKF
[05:54:45] [INFO] [1779659685.100133]: [EKF] 初始化完成，球的初始位置: X=1.509 Y=1.944
[05:54:45] [0m[33m[WARN] [1779659685.115575]: [Fusion] 球消失超過 1.5 秒，重置 EKF
[05:54:45] [INFO] [1779659685.143064]: [EKF] 初始化完成，球的初始位置: X=1.508 Y=1.944
[05:54:45] [0m[33m[WARN] [1779659685.165824]: [Fusion] 球消失超過 1.5 秒，重置 EKF
[05:54:45] [INFO] [1779659685.188842]: [EKF] 初始化完成，球的初始位置: X=1.509 Y=1.943
[05:54:45] [0m[33m[WARN] [1779659685.215318]: [Fusion] 球消失超過 1.5 秒，重置 EKF
[05:54:45] [INFO] [1779659685.233365]: [EKF] 初始化完成，球的初始位置: X=1.509 Y=1.943
[05:54:45] [0m[33m[WARN] [1779659685.267331]: [Fusion] 球消失超過 1.5 秒，重置 EKF
[05:54:45] [INFO] [1779659685.304482]: [EKF] 初始化完成，球的初始位置: X=1.514 Y=1.955
[05:54:45] [0m[33m[WARN] [1779659685.315368]: [Fusion] 球消失超過 1.5 秒，重置 EKF
[05:54:45] [INFO] [1779659685.342858]: [EKF] 初始化完成，球的初始位置: X=1.511 Y=1.948
[05:54:45] [0m[33m[WARN] [1779659685.365233]: [Fusion] 球消失超過 1.5 秒，重置 EKF
[05:54:45] [INFO] [1779659685.373479]: [PATROL-ABS] 目標X=-0.45 機器人X=+0.33 誤差=-0.78
[05:54:45] [INFO] [1779659685.386535]: [EKF] 初始化完成，球的初始位置: X=1.507 Y=1.940
[05:54:45] [0m[33m[WARN] [1779659685.415308]: [Fusion] 球消失超過 1.5 秒，重置 EKF
[05:54:45] [INFO] [1779659685.428216]: [EKF] 初始化完成，球的初始位置: X=1.513 Y=1.951
[05:54:45] [0m[33m[WARN] [1779659685.465597]: [Fusion] 球消失超過 1.5 秒，重置 EKF
[05:54:45] [INFO] [1779659685.476216]: [EKF] 初始化完成，球的初始位置: X=1.510 Y=1.946
[05:54:45] [0m[33m[WARN] [1779659685.515600]: [Fusion] 球消失超過 1.5 秒，重置 EKF
[05:54:45] [INFO] [1779659685.525269]: [EKF] 初始化完成，球的初始位置: X=1.508 Y=1.942
[05:54:45] [0m[33m[WARN] [1779659685.528792]: [Fusion] 球在場外 (1.51, 1.94)，維持巡邏
[05:54:45] [0m[33m[WARN] [1779659685.565328]: [Fusion] 球消失超過 1.5 秒，重置 EKF
[05:54:45] [INFO] [1779659685.595305]: [EKF] 初始化完成，球的初始位置: X=1.507 Y=1.940
[05:54:45] [0m[33m[WARN] [1779659685.616109]: [Fusion] 球消失超過 1.5 秒，重置 EKF
[05:54:45] [INFO] [1779659685.643771]: [EKF] 初始化完成，球的初始位置: X=1.511 Y=1.948
[05:54:45] [0m[33m[WARN] [1779659685.664917]: [Fusion] 球消失超過 1.5 秒，重置 EKF
[05:54:45] [INFO] [1779659685.678918]: [EKF] 初始化完成，球的初始位置: X=1.511 Y=1.948
[05:54:45] [0m[33m[WARN] [1779659685.715794]: [Fusion] 球消失超過 1.5 秒，重置 EKF
[05:54:45] [INFO] [1779659685.722150]: [EKF] 初始化完成，球的初始位置: X=1.508 Y=1.942
[05:54:45] [0m[33m[WARN] [1779659685.765193]: [Fusion] 球消失超過 1.5 秒，重置 EKF
[05:54:45] [INFO] [1779659685.802258]: [EKF] 初始化完成，球的初始位置: X=1.509 Y=1.945
[05:54:45] [0m[33m[WARN] [1779659685.815883]: [Fusion] 球消失超過 1.5 秒，重置 EKF
[05:54:45] [INFO] [1779659685.845834]: [EKF] 初始化完成，球的初始位置: X=1.514 Y=1.954
[05:54:45] [0m[33m[WARN] [1779659685.866687]: [Fusion] 球消失超過 1.5 秒，重置 EKF
[05:54:45] [INFO] [1779659685.873607]: [PATROL-ABS] 目標X=-0.45 機器人X=+0.24 誤差=-0.69
[05:54:45] [INFO] [1779659685.895530]: [EKF] 初始化完成，球的初始位置: X=1.511 Y=1.949
[05:54:45] [0m[33m[WARN] [1779659685.915406]: [Fusion] 球消失超過 1.5 秒，重置 EKF
[05:54:45] [INFO] [1779659685.934565]: [EKF] 初始化完成，球的初始位置: X=1.511 Y=1.948
[05:54:45] [0m[33m[WARN] [1779659685.965986]: [Fusion] 球消失超過 1.5 秒，重置 EKF
[05:54:45] [INFO] [1779659685.982600]: [EKF] 初始化完成，球的初始位置: X=1.514 Y=1.955
[05:54:46] [0m[33m[WARN] [1779659686.015395]: [Fusion] 球消失超過 1.5 秒，重置 EKF
[05:54:46] [INFO] [1779659686.035895]: [EKF] 初始化完成，球的初始位置: X=1.514 Y=1.955
[05:54:46] [0m[33m[WARN] [1779659686.065351]: [Fusion] 球消失超過 1.5 秒，重置 EKF
[05:54:46] [INFO] [1779659686.080187]: [EKF] 初始化完成，球的初始位置: X=1.511 Y=1.947
[05:54:46] [0m[33m[WARN] [1779659686.115787]: [Fusion] 球消失超過 1.5 秒，重置 EKF
[05:54:46] [INFO] [1779659686.135967]: [EKF] 初始化完成，球的初始位置: X=1.507 Y=1.940
[05:54:46] [0m[33m[WARN] [1779659686.164932]: [Fusion] 球消失超過 1.5 秒，重置 EKF
[05:54:46] [INFO] [1779659686.178365]: [EKF] 初始化完成，球的初始位置: X=1.510 Y=1.946
[05:54:46] [0m[33m[WARN] [1779659686.215058]: [Fusion] 球消失超過 1.5 秒，重置 EKF
[05:54:46] [INFO] [1779659686.228524]: [EKF] 初始化完成，球的初始位置: X=1.509 Y=1.943
[05:54:46] [0m[33m[WARN] [1779659686.265172]: [Fusion] 球消失超過 1.5 秒，重置 EKF
[05:54:46] [INFO] [1779659686.272577]: [EKF] 初始化完成，球的初始位置: X=1.509 Y=1.944
[05:54:46] [0m[33m[WARN] [1779659686.315208]: [Fusion] 球消失超過 1.5 秒，重置 EKF
[05:54:46] [INFO] [1779659686.325275]: [EKF] 初始化完成，球的初始位置: X=1.511 Y=1.947
[05:54:46] [0m[33m[WARN] [1779659686.365119]: [Fusion] 球消失超過 1.5 秒，重置 EKF
[05:54:46] [INFO] [1779659686.415929]: [EKF] 初始化完成，球的初始位置: X=1.512 Y=1.949
[05:54:46] [0m[33m[WARN] [1779659686.464836]: [Fusion] 球消失超過 1.5 秒，重置 EKF
[05:54:46] [INFO] [1779659686.472654]: [EKF] 初始化完成，球的初始位置: X=1.509 Y=1.944
[05:54:46] [INFO] [1779659686.474483]: [PATROL-ABS] 目標X=-0.45 機器人X=+0.12 誤差=-0.57
[05:54:46] [0m[33m[WARN] [1779659686.515167]: [Fusion] 球消失超過 1.5 秒，重置 EKF
[05:54:46] [INFO] [1779659686.537961]: [EKF] 初始化完成，球的初始位置: X=1.509 Y=1.944
[05:54:46] [0m[33m[WARN] [1779659686.542584]: [Fusion] 球在場外 (1.51, 1.94)，維持巡邏
[05:54:46] [0m[33m[WARN] [1779659686.564865]: [Fusion] 球消失超過 1.5 秒，重置 EKF
[05:54:46] [INFO] [1779659686.603869]: [EKF] 初始化完成，球的初始位置: X=1.509 Y=1.944
[05:54:46] [0m[33m[WARN] [1779659686.615167]: [Fusion] 球消失超過 1.5 秒，重置 EKF
[05:54:46] [INFO] [1779659686.634673]: [EKF] 初始化完成，球的初始位置: X=1.510 Y=1.946
[05:54:46] [0m[33m[WARN] [1779659686.665692]: [Fusion] 球消失超過 1.5 秒，重置 EKF
[05:54:46] [INFO] [1779659686.675098]: [EKF] 初始化完成，球的初始位置: X=1.509 Y=1.943
[05:54:46] [0m[33m[WARN] [1779659686.716190]: [Fusion] 球消失超過 1.5 秒，重置 EKF
[05:54:46] [INFO] [1779659686.736309]: [EKF] 初始化完成，球的初始位置: X=1.510 Y=1.947
[05:54:46] [0m[33m[WARN] [1779659686.766188]: [Fusion] 球消失超過 1.5 秒，重置 EKF
[05:54:46] [INFO] [1779659686.793545]: [EKF] 初始化完成，球的初始位置: X=1.508 Y=1.942
[05:54:46] [0m[33m[WARN] [1779659686.815451]: [Fusion] 球消失超過 1.5 秒，重置 EKF
[05:54:46] [INFO] [1779659686.848621]: [EKF] 初始化完成，球的初始位置: X=1.510 Y=1.945
[05:54:46] [0m[33m[WARN] [1779659686.866164]: [Fusion] 球消失超過 1.5 秒，重置 EKF
[05:54:46] [INFO] [1779659686.923424]: [EKF] 初始化完成，球的初始位置: X=1.511 Y=1.947
[05:54:46] [0m[33m[WARN] [1779659686.966459]: [Fusion] 球消失超過 1.5 秒，重置 EKF
[05:54:46] [INFO] [1779659686.976053]: [PATROL-ABS] 目標X=-0.45 機器人X=+0.03 誤差=-0.48
[05:54:46] [INFO] [1779659686.984142]: [EKF] 初始化完成，球的初始位置: X=1.511 Y=1.947
[05:54:47] [0m[33m[WARN] [1779659687.017003]: [Fusion] 球消失超過 1.5 秒，重置 EKF
[05:54:47] [INFO] [1779659687.045151]: [EKF] 初始化完成，球的初始位置: X=1.512 Y=1.949
[05:54:47] [0m[33m[WARN] [1779659687.066577]: [Fusion] 球消失超過 1.5 秒，重置 EKF
[05:54:47] [INFO] [1779659687.095907]: [EKF] 初始化完成，球的初始位置: X=1.510 Y=1.945
[05:54:47] [0m[33m[WARN] [1779659687.115239]: [Fusion] 球消失超過 1.5 秒，重置 EKF
[05:54:47] [INFO] [1779659687.154250]: [EKF] 初始化完成，球的初始位置: X=1.510 Y=1.946
[05:54:47] [0m[33m[WARN] [1779659687.164961]: [Fusion] 球消失超過 1.5 秒，重置 EKF
[05:54:47] [INFO] [1779659687.223543]: [EKF] 初始化完成，球的初始位置: X=1.510 Y=1.945
[05:54:47] [0m[33m[WARN] [1779659687.266552]: [Fusion] 球消失超過 1.5 秒，重置 EKF
[05:54:47] [INFO] [1779659687.306443]: [EKF] 初始化完成，球的初始位置: X=1.512 Y=1.949
[05:54:47] [0m[33m[WARN] [1779659687.316014]: [Fusion] 球消失超過 1.5 秒，重置 EKF
[05:54:47] [INFO] [1779659687.390330]: [EKF] 初始化完成，球的初始位置: X=1.508 Y=1.942
[05:54:47] [0m[33m[WARN] [1779659687.416492]: [Fusion] 球消失超過 1.5 秒，重置 EKF
[05:54:47] [INFO] [1779659687.433168]: [EKF] 初始化完成，球的初始位置: X=1.511 Y=1.947
[05:54:47] [0m[33m[WARN] [1779659687.466160]: [Fusion] 球消失超過 1.5 秒，重置 EKF
[05:54:47] [INFO] [1779659687.479182]: [EKF] 初始化完成，球的初始位置: X=1.511 Y=1.947
[05:54:47] [0m[33m[WARN] [1779659687.516288]: [Fusion] 球消失超過 1.5 秒，重置 EKF
[05:54:47] [INFO] [1779659687.524458]: [EKF] 初始化完成，球的初始位置: X=1.509 Y=1.944
[05:54:47] [0m[33m[WARN] [1779659687.566075]: [Fusion] 球消失超過 1.5 秒，重置 EKF
[05:54:47] [0m[33m[WARN] [1779659687.569178]: [Fusion] 球在場外 (1.51, 1.95)，維持巡邏
[05:54:47] [INFO] [1779659687.575589]: [PATROL-ABS] 目標X=-0.45 機器人X=-0.08 誤差=-0.37
[05:54:47] [INFO] [1779659687.615644]: [EKF] 初始化完成，球的初始位置: X=1.507 Y=1.940
[05:54:47] [0m[33m[WARN] [1779659687.618134]: [Fusion] 球消失超過 1.5 秒，重置 EKF
[05:54:47] [INFO] [1779659687.659552]: [EKF] 初始化完成，球的初始位置: X=1.509 Y=1.944
[05:54:47] [0m[33m[WARN] [1779659687.665567]: [Fusion] 球消失超過 1.5 秒，重置 EKF
[05:54:47] [INFO] [1779659687.701741]: [EKF] 初始化完成，球的初始位置: X=1.507 Y=1.941
[05:54:47] [0m[33m[WARN] [1779659687.715427]: [Fusion] 球消失超過 1.5 秒，重置 EKF
[05:54:47] [INFO] [1779659687.752822]: [EKF] 初始化完成，球的初始位置: X=1.511 Y=1.947
[05:54:47] [0m[33m[WARN] [1779659687.765326]: [Fusion] 球消失超過 1.5 秒，重置 EKF
[05:54:47] [INFO] [1779659687.798599]: [EKF] 初始化完成，球的初始位置: X=1.509 Y=1.945
[05:54:47] [0m[33m[WARN] [1779659687.815602]: [Fusion] 球消失超過 1.5 秒，重置 EKF
[05:54:47] [INFO] [1779659687.842768]: [EKF] 初始化完成，球的初始位置: X=1.507 Y=1.941
[05:54:47] [0m[33m[WARN] [1779659687.866262]: [Fusion] 球消失超過 1.5 秒，重置 EKF
[05:54:47] [INFO] [1779659687.886414]: [EKF] 初始化完成，球的初始位置: X=1.511 Y=1.949
[05:54:47] [0m[33m[WARN] [1779659687.916499]: [Fusion] 球消失超過 1.5 秒，重置 EKF
[05:54:47] [INFO] [1779659687.931529]: [EKF] 初始化完成，球的初始位置: X=1.511 Y=1.948
[05:54:47] [0m[33m[WARN] [1779659687.965576]: [Fusion] 球消失超過 1.5 秒，重置 EKF
[05:54:47] [INFO] [1779659687.970366]: [EKF] 初始化完成，球的初始位置: X=1.511 Y=1.947
[05:54:48] [0m[33m[WARN] [1779659688.014992]: [Fusion] 球消失超過 1.5 秒，重置 EKF
[05:54:48] [INFO] [1779659688.047452]: [EKF] 初始化完成，球的初始位置: X=1.508 Y=1.943
[05:54:48] [0m[33m[WARN] [1779659688.064779]: [Fusion] 球消失超過 1.5 秒，重置 EKF
[05:54:48] [INFO] [1779659688.088343]: [EKF] 初始化完成，球的初始位置: X=1.507 Y=1.939
[05:54:48] [0m[33m[WARN] [1779659688.115681]: [Fusion] 球消失超過 1.5 秒，重置 EKF
[05:54:48] [INFO] [1779659688.130050]: [EKF] 初始化完成，球的初始位置: X=1.510 Y=1.946
[05:54:48] [0m[33m[WARN] [1779659688.165428]: [Fusion] 球消失超過 1.5 秒，重置 EKF
[05:54:48] [INFO] [1779659688.173442]: [PATROL-ABS] 目標X=-0.45 機器人X=-0.19 誤差=-0.26
[05:54:48] [INFO] [1779659688.177476]: [EKF] 初始化完成，球的初始位置: X=1.511 Y=1.948
[05:54:48] [0m[33m[WARN] [1779659688.214925]: [Fusion] 球消失超過 1.5 秒，重置 EKF
[05:54:48] [INFO] [1779659688.255199]: [EKF] 初始化完成，球的初始位置: X=1.510 Y=1.946
[05:54:48] [0m[33m[WARN] [1779659688.265118]: [Fusion] 球消失超過 1.5 秒，重置 EKF
[05:54:48] [INFO] [1779659688.291608]: [EKF] 初始化完成，球的初始位置: X=1.507 Y=1.939
[05:54:48] [0m[33m[WARN] [1779659688.315775]: [Fusion] 球消失超過 1.5 秒，重置 EKF
[05:54:48] [INFO] [1779659688.334133]: [EKF] 初始化完成，球的初始位置: X=1.508 Y=1.944
[05:54:48] [0m[33m[WARN] [1779659688.364640]: [Fusion] 球消失超過 1.5 秒，重置 EKF
[05:54:48] [INFO] [1779659688.373727]: [EKF] 初始化完成，球的初始位置: X=1.508 Y=1.942
[05:54:48] [0m[33m[WARN] [1779659688.415395]: [Fusion] 球消失超過 1.5 秒，重置 EKF
[05:54:48] [INFO] [1779659688.452324]: [EKF] 初始化完成，球的初始位置: X=1.509 Y=1.946
[05:54:48] [0m[33m[WARN] [1779659688.465752]: [Fusion] 球消失超過 1.5 秒，重置 EKF
[05:54:48] [INFO] [1779659688.493351]: [EKF] 初始化完成，球的初始位置: X=1.510 Y=1.945
[05:54:48] [0m[33m[WARN] [1779659688.515476]: [Fusion] 球消失超過 1.5 秒，重置 EKF
[05:54:48] [INFO] [1779659688.540555]: [EKF] 初始化完成，球的初始位置: X=1.511 Y=1.948
[05:54:48] [0m[33m[WARN] [1779659688.565132]: [Fusion] 球消失超過 1.5 秒，重置 EKF
[05:54:48] [INFO] [1779659688.592537]: [EKF] 初始化完成，球的初始位置: X=1.511 Y=1.948
[05:54:48] [0m[33m[WARN] [1779659688.597825]: [Fusion] 球在場外 (1.51, 1.95)，維持巡邏
[05:54:48] [0m[33m[WARN] [1779659688.615059]: [Fusion] 球消失超過 1.5 秒，重置 EKF
[05:54:48] [INFO] [1779659688.639318]: [EKF] 初始化完成，球的初始位置: X=1.506 Y=1.938
[05:54:48] [0m[33m[WARN] [1779659688.665255]: [Fusion] 球消失超過 1.5 秒，重置 EKF
[05:54:48] [INFO] [1779659688.702791]: [EKF] 初始化完成，球的初始位置: X=1.512 Y=1.950
[05:54:48] [0m[33m[WARN] [1779659688.715459]: [Fusion] 球消失超過 1.5 秒，重置 EKF
[05:54:48] [INFO] [1779659688.742662]: [EKF] 初始化完成，球的初始位置: X=1.506 Y=1.939
[05:54:48] [0m[33m[WARN] [1779659688.765851]: [Fusion] 球消失超過 1.5 秒，重置 EKF
[05:54:48] [INFO] [1779659688.773479]: [PATROL-ABS] 目標X=-0.45 機器人X=-0.30 誤差=-0.15
[05:54:48] [INFO] [1779659688.776140]: [EKF] 初始化完成，球的初始位置: X=1.513 Y=1.951
[05:54:48] [0m[33m[WARN] [1779659688.816019]: [Fusion] 球消失超過 1.5 秒，重置 EKF
[05:54:48] [INFO] [1779659688.846295]: [EKF] 初始化完成，球的初始位置: X=1.512 Y=1.950
[05:54:48] [0m[33m[WARN] [1779659688.865325]: [Fusion] 球消失超過 1.5 秒，重置 EKF
[05:54:48] [INFO] [1779659688.879407]: [EKF] 初始化完成，球的初始位置: X=1.511 Y=1.948
[05:54:48] [0m[33m[WARN] [1779659688.915660]: [Fusion] 球消失超過 1.5 秒，重置 EKF
[05:54:48] [INFO] [1779659688.924897]: [EKF] 初始化完成，球的初始位置: X=1.510 Y=1.947
[05:54:48] [0m[33m[WARN] [1779659688.966217]: [Fusion] 球消失超過 1.5 秒，重置 EKF
[05:54:49] [INFO] [1779659689.008713]: [EKF] 初始化完成，球的初始位置: X=1.512 Y=1.951
[05:54:49] [0m[33m[WARN] [1779659689.015415]: [Fusion] 球消失超過 1.5 秒，重置 EKF
[05:54:49] [INFO] [1779659689.053229]: [EKF] 初始化完成，球的初始位置: X=1.513 Y=1.954
[05:54:49] [0m[33m[WARN] [1779659689.064971]: [Fusion] 球消失超過 1.5 秒，重置 EKF
[05:54:49] [INFO] [1779659689.109073]: [EKF] 初始化完成，球的初始位置: X=1.513 Y=1.954
[05:54:49] [0m[33m[WARN] [1779659689.115053]: [Fusion] 球消失超過 1.5 秒，重置 EKF
[05:54:49] [INFO] [1779659689.148728]: [EKF] 初始化完成，球的初始位置: X=1.514 Y=1.954
[05:54:49] [0m[33m[WARN] [1779659689.165165]: [Fusion] 球消失超過 1.5 秒，重置 EKF
[05:54:49] [INFO] [1779659689.187760]: [EKF] 初始化完成，球的初始位置: X=1.514 Y=1.955
[05:54:49] [0m[33m[WARN] [1779659689.215420]: [Fusion] 球消失超過 1.5 秒，重置 EKF
[05:54:49] [INFO] [1779659689.227944]: [EKF] 初始化完成，球的初始位置: X=1.508 Y=1.945
[05:54:49] [0m[33m[WARN] [1779659689.266054]: [Fusion] 球消失超過 1.5 秒，重置 EKF
[05:54:49] [INFO] [1779659689.275314]: [PATROL-ABS] 目標X=+0.45 機器人X=-0.39 誤差=+0.84
[05:54:49] [INFO] [1779659689.300626]: [EKF] 初始化完成，球的初始位置: X=1.514 Y=1.954
[05:54:49] [0m[33m[WARN] [1779659689.315496]: [Fusion] 球消失超過 1.5 秒，重置 EKF
[05:54:49] [INFO] [1779659689.344720]: [EKF] 初始化完成，球的初始位置: X=1.514 Y=1.954
[05:54:49] [0m[33m[WARN] [1779659689.365789]: [Fusion] 球消失超過 1.5 秒，重置 EKF
[05:54:49] [INFO] [1779659689.383660]: [EKF] 初始化完成，球的初始位置: X=1.510 Y=1.948
[05:54:49] [0m[33m[WARN] [1779659689.415544]: [Fusion] 球消失超過 1.5 秒，重置 EKF
[05:54:49] [INFO] [1779659689.429734]: [EKF] 初始化完成，球的初始位置: X=1.513 Y=1.952
[05:54:49] [0m[33m[WARN] [1779659689.465207]: [Fusion] 球消失超過 1.5 秒，重置 EKF
[05:54:49] [INFO] [1779659689.469971]: [EKF] 初始化完成，球的初始位置: X=1.511 Y=1.948
[05:54:49] [0m[33m[WARN] [1779659689.515240]: [Fusion] 球消失超過 1.5 秒，重置 EKF
[05:54:49] [INFO] [1779659689.549761]: [EKF] 初始化完成，球的初始位置: X=1.510 Y=1.948
[05:54:49] [0m[33m[WARN] [1779659689.565157]: [Fusion] 球消失超過 1.5 秒，重置 EKF
[05:54:49] [INFO] [1779659689.592096]: [EKF] 初始化完成，球的初始位置: X=1.509 Y=1.944
[05:54:49] [0m[33m[WARN] [1779659689.614892]: [Fusion] 球消失超過 1.5 秒，重置 EKF
[05:54:49] [INFO] [1779659689.631919]: [EKF] 初始化完成，球的初始位置: X=1.510 Y=1.948
[05:54:49] [0m[33m[WARN] [1779659689.635891]: [Fusion] 球在場外 (1.51, 1.95)，維持巡邏
[05:54:49] [0m[33m[WARN] [1779659689.665773]: [Fusion] 球消失超過 1.5 秒，重置 EKF
[05:54:49] [INFO] [1779659689.676717]: [EKF] 初始化完成，球的初始位置: X=1.511 Y=1.948
[05:54:49] [0m[33m[WARN] [1779659689.716331]: [Fusion] 球消失超過 1.5 秒，重置 EKF
[05:54:49] [INFO] [1779659689.775053]: [EKF] 初始化完成，球的初始位置: X=1.512 Y=1.951
[05:54:49] [0m[33m[WARN] [1779659689.815580]: [Fusion] 球消失超過 1.5 秒，重置 EKF
[05:54:49] [INFO] [1779659689.824256]: [EKF] 初始化完成，球的初始位置: X=1.512 Y=1.950
[05:54:49] [0m[33m[WARN] [1779659689.866300]: [Fusion] 球消失超過 1.5 秒，重置 EKF
[05:54:49] [INFO] [1779659689.873615]: [PATROL-ABS] 目標X=+0.45 機器人X=-0.37 誤差=+0.82
[05:54:49] [INFO] [1779659689.881900]: [EKF] 初始化完成，球的初始位置: X=1.512 Y=1.950
[05:54:49] [0m[33m[WARN] [1779659689.915255]: [Fusion] 球消失超過 1.5 秒，重置 EKF
[05:54:49] [INFO] [1779659689.921524]: [EKF] 初始化完成，球的初始位置: X=1.515 Y=1.957
[05:54:49] [0m[33m[WARN] [1779659689.964885]: [Fusion] 球消失超過 1.5 秒，重置 EKF
[05:54:50] [INFO] [1779659690.004700]: [EKF] 初始化完成，球的初始位置: X=1.512 Y=1.950
[05:54:50] [0m[33m[WARN] [1779659690.015772]: [Fusion] 球消失超過 1.5 秒，重置 EKF
[05:54:50] [INFO] [1779659690.061444]: [EKF] 初始化完成，球的初始位置: X=1.512 Y=1.951
[05:54:50] [0m[33m[WARN] [1779659690.067362]: [Fusion] 球消失超過 1.5 秒，重置 EKF
[05:54:50] [INFO] [1779659690.111295]: [EKF] 初始化完成，球的初始位置: X=1.512 Y=1.950
[05:54:50] [0m[33m[WARN] [1779659690.117469]: [Fusion] 球消失超過 1.5 秒，重置 EKF
[05:54:50] [INFO] [1779659690.177411]: [EKF] 初始化完成，球的初始位置: X=1.515 Y=1.956
[05:54:50] [0m[33m[WARN] [1779659690.216661]: [Fusion] 球消失超過 1.5 秒，重置 EKF
[05:54:50] [INFO] [1779659690.232866]: [EKF] 初始化完成，球的初始位置: X=1.514 Y=1.953
[05:54:50] [0m[33m[WARN] [1779659690.266035]: [Fusion] 球消失超過 1.5 秒，重置 EKF
[05:54:50] [INFO] [1779659690.289987]: [EKF] 初始化完成，球的初始位置: X=1.515 Y=1.955
[05:54:50] [0m[33m[WARN] [1779659690.316507]: [Fusion] 球消失超過 1.5 秒，重置 EKF
[05:54:50] [INFO] [1779659690.345216]: [EKF] 初始化完成，球的初始位置: X=1.512 Y=1.951
[05:54:50] [0m[33m[WARN] [1779659690.366925]: [Fusion] 球消失超過 1.5 秒，重置 EKF
[05:54:50] [INFO] [1779659690.376402]: [PATROL-ABS] 目標X=+0.45 機器人X=-0.28 誤差=+0.73
[05:54:50] [INFO] [1779659690.405782]: [EKF] 初始化完成，球的初始位置: X=1.511 Y=1.949
[05:54:50] [0m[33m[WARN] [1779659690.418706]: [Fusion] 球消失超過 1.5 秒，重置 EKF
[05:54:50] [INFO] [1779659690.460449]: [EKF] 初始化完成，球的初始位置: X=1.511 Y=1.948
[05:54:50] [0m[33m[WARN] [1779659690.466100]: [Fusion] 球消失超過 1.5 秒，重置 EKF
[05:54:50] [INFO] [1779659690.522404]: [EKF] 初始化完成，球的初始位置: X=1.513 Y=1.953
[05:54:50] [0m[33m[WARN] [1779659690.564725]: [Fusion] 球消失超過 1.5 秒，重置 EKF
[05:54:50] [INFO] [1779659690.599823]: [EKF] 初始化完成，球的初始位置: X=1.514 Y=1.953
[05:54:50] [0m[33m[WARN] [1779659690.616077]: [Fusion] 球消失超過 1.5 秒，重置 EKF
[05:54:50] [INFO] [1779659690.653087]: [EKF] 初始化完成，球的初始位置: X=1.510 Y=1.947
[05:54:50] [0m[33m[WARN] [1779659690.659143]: [Fusion] 球在場外 (1.51, 1.95)，維持巡邏
[05:54:50] [0m[33m[WARN] [1779659690.666063]: [Fusion] 球消失超過 1.5 秒，重置 EKF
[05:54:50] [INFO] [1779659690.713131]: [EKF] 初始化完成，球的初始位置: X=1.510 Y=1.947
[05:54:50] [0m[33m[WARN] [1779659690.716222]: [Fusion] 球消失超過 1.5 秒，重置 EKF
[05:54:50] [INFO] [1779659690.766815]: [EKF] 初始化完成，球的初始位置: X=1.508 Y=1.942
[05:54:50] [0m[33m[WARN] [1779659690.815858]: [Fusion] 球消失超過 1.5 秒，重置 EKF
[05:54:50] [INFO] [1779659690.854729]: [EKF] 初始化完成，球的初始位置: X=1.512 Y=1.950
[05:54:50] [0m[33m[WARN] [1779659690.865494]: [Fusion] 球消失超過 1.5 秒，重置 EKF
[05:54:50] [INFO] [1779659690.897850]: [EKF] 初始化完成，球的初始位置: X=1.512 Y=1.950
[05:54:50] [0m[33m[WARN] [1779659690.915460]: [Fusion] 球消失超過 1.5 秒，重置 EKF
[05:54:50] [INFO] [1779659690.937754]: [EKF] 初始化完成，球的初始位置: X=1.511 Y=1.949
[05:54:50] [0m[33m[WARN] [1779659690.965364]: [Fusion] 球消失超過 1.5 秒，重置 EKF
[05:54:50] [INFO] [1779659690.973588]: [PATROL-ABS] 目標X=+0.45 機器人X=-0.17 誤差=+0.62
[05:54:50] [INFO] [1779659690.981587]: [EKF] 初始化完成，球的初始位置: X=1.514 Y=1.954
[05:54:51] [0m[33m[WARN] [1779659691.014818]: [Fusion] 球消失超過 1.5 秒，重置 EKF
[05:54:51] [INFO] [1779659691.031236]: [EKF] 初始化完成，球的初始位置: X=1.511 Y=1.949
[05:54:51] [0m[33m[WARN] [1779659691.065694]: [Fusion] 球消失超過 1.5 秒，重置 EKF
[05:54:51] [INFO] [1779659691.075910]: [EKF] 初始化完成，球的初始位置: X=1.511 Y=1.949
[05:54:51] [0m[33m[WARN] [1779659691.114861]: [Fusion] 球消失超過 1.5 秒，重置 EKF
[05:54:51] [INFO] [1779659691.126848]: [EKF] 初始化完成，球的初始位置: X=1.512 Y=1.951
[05:54:51] [0m[33m[WARN] [1779659691.165168]: [Fusion] 球消失超過 1.5 秒，重置 EKF
[05:54:51] [INFO] [1779659691.192186]: [EKF] 初始化完成，球的初始位置: X=1.513 Y=1.953
[05:54:51] [0m[33m[WARN] [1779659691.215654]: [Fusion] 球消失超過 1.5 秒，重置 EKF
[05:54:51] [INFO] [1779659691.234476]: [EKF] 初始化完成，球的初始位置: X=1.514 Y=1.954
[05:54:51] [0m[33m[WARN] [1779659691.264951]: [Fusion] 球消失超過 1.5 秒，重置 EKF
[05:54:51] [INFO] [1779659691.273118]: [EKF] 初始化完成，球的初始位置: X=1.513 Y=1.953
[05:54:51] [0m[33m[WARN] [1779659691.314857]: [Fusion] 球消失超過 1.5 秒，重置 EKF
[05:54:51] [INFO] [1779659691.357047]: [EKF] 初始化完成，球的初始位置: X=1.516 Y=1.959
[05:54:51] [0m[33m[WARN] [1779659691.364938]: [Fusion] 球消失超過 1.5 秒，重置 EKF
[05:54:51] [INFO] [1779659691.398510]: [EKF] 初始化完成，球的初始位置: X=1.512 Y=1.951
[05:54:51] [0m[33m[WARN] [1779659691.415138]: [Fusion] 球消失超過 1.5 秒，重置 EKF
[05:54:51] [INFO] [1779659691.435137]: [EKF] 初始化完成，球的初始位置: X=1.514 Y=1.953
[05:54:51] [0m[33m[WARN] [1779659691.465984]: [Fusion] 球消失超過 1.5 秒，重置 EKF
[05:54:51] [INFO] [1779659691.483275]: [EKF] 初始化完成，球的初始位置: X=1.513 Y=1.953
[05:54:51] [0m[33m[WARN] [1779659691.515496]: [Fusion] 球消失超過 1.5 秒，重置 EKF
[05:54:51] [INFO] [1779659691.558773]: [EKF] 初始化完成，球的初始位置: X=1.515 Y=1.957
[05:54:51] [0m[33m[WARN] [1779659691.564659]: [Fusion] 球消失超過 1.5 秒，重置 EKF
[05:54:51] [INFO] [1779659691.573433]: [PATROL-ABS] 目標X=+0.45 機器人X=-0.06 誤差=+0.51
[05:54:51] [INFO] [1779659691.600190]: [EKF] 初始化完成，球的初始位置: X=1.515 Y=1.956
[05:54:51] [0m[33m[WARN] [1779659691.615229]: [Fusion] 球消失超過 1.5 秒，重置 EKF
[05:54:51] [INFO] [1779659691.642982]: [EKF] 初始化完成，球的初始位置: X=1.516 Y=1.961
[05:54:51] [0m[33m[WARN] [1779659691.665343]: [Fusion] 球消失超過 1.5 秒，重置 EKF
[05:54:51] [INFO] [1779659691.680081]: [EKF] 初始化完成，球的初始位置: X=1.515 Y=1.956
[05:54:51] [0m[33m[WARN] [1779659691.684125]: [Fusion] 球在場外 (1.51, 1.96)，維持巡邏
[05:54:51] [0m[33m[WARN] [1779659691.716471]: [Fusion] 球消失超過 1.5 秒，重置 EKF
[05:54:51] [INFO] [1779659691.721222]: [EKF] 初始化完成，球的初始位置: X=1.515 Y=1.954
[05:54:51] [0m[33m[WARN] [1779659691.765354]: [Fusion] 球消失超過 1.5 秒，重置 EKF
[05:54:51] [INFO] [1779659691.802646]: [EKF] 初始化完成，球的初始位置: X=1.515 Y=1.956
[05:54:51] [0m[33m[WARN] [1779659691.815235]: [Fusion] 球消失超過 1.5 秒，重置 EKF
[05:54:51] [INFO] [1779659691.846252]: [EKF] 初始化完成，球的初始位置: X=1.517 Y=1.960
[05:54:51] [0m[33m[WARN] [1779659691.865404]: [Fusion] 球消失超過 1.5 秒，重置 EKF
[05:54:51] [INFO] [1779659691.892848]: [EKF] 初始化完成，球的初始位置: X=1.517 Y=1.960
[05:54:51] [0m[33m[WARN] [1779659691.915092]: [Fusion] 球消失超過 1.5 秒，重置 EKF
[05:54:51] [INFO] [1779659691.933713]: [EKF] 初始化完成，球的初始位置: X=1.513 Y=1.950
[05:54:51] [0m[33m[WARN] [1779659691.965094]: [Fusion] 球消失超過 1.5 秒，重置 EKF
[05:54:51] [INFO] [1779659691.977146]: [EKF] 初始化完成，球的初始位置: X=1.510 Y=1.946
[05:54:52] [0m[33m[WARN] [1779659692.015984]: [Fusion] 球消失超過 1.5 秒，重置 EKF
[05:54:52] [INFO] [1779659692.060948]: [EKF] 初始化完成，球的初始位置: X=1.511 Y=1.947
[05:54:52] [0m[33m[WARN] [1779659692.065749]: [Fusion] 球消失超過 1.5 秒，重置 EKF
[05:54:52] [INFO] [1779659692.073441]: [PATROL-ABS] 目標X=+0.45 機器人X=+0.03 誤差=+0.42
[05:54:52] [INFO] [1779659692.099699]: [EKF] 初始化完成，球的初始位置: X=1.511 Y=1.947
[05:54:52] [0m[33m[WARN] [1779659692.116153]: [Fusion] 球消失超過 1.5 秒，重置 EKF
[05:54:52] [INFO] [1779659692.144241]: [EKF] 初始化完成，球的初始位置: X=1.510 Y=1.946
[05:54:52] [0m[33m[WARN] [1779659692.165338]: [Fusion] 球消失超過 1.5 秒，重置 EKF
[05:54:52] [INFO] [1779659692.181643]: [EKF] 初始化完成，球的初始位置: X=1.511 Y=1.949
[05:54:52] [0m[33m[WARN] [1779659692.215278]: [Fusion] 球消失超過 1.5 秒，重置 EKF
[05:54:52] [INFO] [1779659692.227781]: [EKF] 初始化完成，球的初始位置: X=1.514 Y=1.953
[05:54:52] [0m[33m[WARN] [1779659692.265628]: [Fusion] 球消失超過 1.5 秒，重置 EKF
[05:54:52] [INFO] [1779659692.314459]: [EKF] 初始化完成，球的初始位置: X=1.507 Y=1.940
[05:54:52] [0m[33m[WARN] [1779659692.316132]: [Fusion] 球消失超過 1.5 秒，重置 EKF
[05:54:52] [INFO] [1779659692.351368]: [EKF] 初始化完成，球的初始位置: X=1.513 Y=1.952
[05:54:52] [0m[33m[WARN] [1779659692.364966]: [Fusion] 球消失超過 1.5 秒，重置 EKF
[05:54:52] [INFO] [1779659692.396192]: [EKF] 初始化完成，球的初始位置: X=1.508 Y=1.942
[05:54:52] [0m[33m[WARN] [1779659692.415717]: [Fusion] 球消失超過 1.5 秒，重置 EKF
[05:54:52] [INFO] [1779659692.435513]: [EKF] 初始化完成，球的初始位置: X=1.513 Y=1.952
[05:54:52] [0m[33m[WARN] [1779659692.465528]: [Fusion] 球消失超過 1.5 秒，重置 EKF
[05:54:52] [INFO] [1779659692.481168]: [EKF] 初始化完成，球的初始位置: X=1.511 Y=1.947
[05:54:52] [0m[33m[WARN] [1779659692.515211]: [Fusion] 球消失超過 1.5 秒，重置 EKF
[05:54:52] [INFO] [1779659692.519670]: [EKF] 初始化完成，球的初始位置: X=1.512 Y=1.950
[05:54:52] [0m[33m[WARN] [1779659692.565978]: [Fusion] 球消失超過 1.5 秒，重置 EKF
[05:54:52] [INFO] [1779659692.606869]: [EKF] 初始化完成，球的初始位置: X=1.508 Y=1.941
[05:54:52] [0m[33m[WARN] [1779659692.615927]: [Fusion] 球消失超過 1.5 秒，重置 EKF
[05:54:52] [INFO] [1779659692.665778]: [EKF] 初始化完成，球的初始位置: X=1.508 Y=1.941
[05:54:52] [0m[33m[WARN] [1779659692.668307]: [Fusion] 球消失超過 1.5 秒，重置 EKF
[05:54:52] [INFO] [1779659692.676809]: [PATROL-ABS] 目標X=+0.45 機器人X=+0.15 誤差=+0.30
[05:54:52] [INFO] [1779659692.714723]: [EKF] 初始化完成，球的初始位置: X=1.509 Y=1.945
[05:54:52] [0m[33m[WARN] [1779659692.716512]: [Fusion] 球消失超過 1.5 秒，重置 EKF
[05:54:52] [0m[33m[WARN] [1779659692.721247]: [Fusion] 球在場外 (1.51, 1.95)，維持巡邏
[05:54:52] [INFO] [1779659692.774473]: [EKF] 初始化完成，球的初始位置: X=1.510 Y=1.945
[05:54:52] [0m[33m[WARN] [1779659692.815722]: [Fusion] 球消失超過 1.5 秒，重置 EKF
[05:54:52] [INFO] [1779659692.825507]: [EKF] 初始化完成，球的初始位置: X=1.510 Y=1.948
[05:54:52] [0m[33m[WARN] [1779659692.866230]: [Fusion] 球消失超過 1.5 秒，重置 EKF
[05:54:52] [INFO] [1779659692.883593]: [EKF] 初始化完成，球的初始位置: X=1.510 Y=1.946
[05:54:52] [0m[33m[WARN] [1779659692.916589]: [Fusion] 球消失超過 1.5 秒，重置 EKF
[05:54:52] [INFO] [1779659692.957712]: [EKF] 初始化完成，球的初始位置: X=1.513 Y=1.951
[05:54:52] [0m[33m[WARN] [1779659692.966522]: [Fusion] 球消失超過 1.5 秒，重置 EKF
[05:54:53] [INFO] [1779659693.020764]: [EKF] 初始化完成，球的初始位置: X=1.513 Y=1.951
[05:54:53] [0m[33m[WARN] [1779659693.065754]: [Fusion] 球消失超過 1.5 秒，重置 EKF
[05:54:53] [INFO] [1779659693.072910]: [EKF] 初始化完成，球的初始位置: X=1.514 Y=1.953
[05:54:53] [0m[33m[WARN] [1779659693.116362]: [Fusion] 球消失超過 1.5 秒，重置 EKF
[05:54:53] [INFO] [1779659693.130621]: [EKF] 初始化完成，球的初始位置: X=1.508 Y=1.942
[05:54:53] [0m[33m[WARN] [1779659693.166309]: [Fusion] 球消失超過 1.5 秒，重置 EKF
[05:54:53] [INFO] [1779659693.174776]: [EKF] 初始化完成，球的初始位置: X=1.511 Y=1.948
[05:54:53] [0m[33m[WARN] [1779659693.216511]: [Fusion] 球消失超過 1.5 秒，重置 EKF
[05:54:53] [INFO] [1779659693.268638]: [EKF] 初始化完成，球的初始位置: X=1.510 Y=1.949
[05:54:53] [INFO] [1779659693.273547]: [PATROL-ABS] 目標X=+0.45 機器人X=+0.26 誤差=+0.19
[05:54:53] [0m[33m[WARN] [1779659693.316846]: [Fusion] 球消失超過 1.5 秒，重置 EKF
[05:54:53] [INFO] [1779659693.356539]: [EKF] 初始化完成，球的初始位置: X=1.511 Y=1.948
[05:54:53] [0m[33m[WARN] [1779659693.366580]: [Fusion] 球消失超過 1.5 秒，重置 EKF
[05:54:53] [INFO] [1779659693.405585]: [EKF] 初始化完成，球的初始位置: X=1.510 Y=1.949
[05:54:53] [0m[33m[WARN] [1779659693.416598]: [Fusion] 球消失超過 1.5 秒，重置 EKF
[05:54:53] [INFO] [1779659693.460627]: [EKF] 初始化完成，球的初始位置: X=1.511 Y=1.947
[05:54:53] [0m[33m[WARN] [1779659693.468253]: [Fusion] 球消失超過 1.5 秒，重置 EKF
[05:54:53] [INFO] [1779659693.512939]: [EKF] 初始化完成，球的初始位置: X=1.508 Y=1.943
[05:54:53] [0m[33m[WARN] [1779659693.515676]: [Fusion] 球消失超過 1.5 秒，重置 EKF
[05:54:53] [INFO] [1779659693.549987]: [EKF] 初始化完成，球的初始位置: X=1.506 Y=1.939
[05:54:53] [0m[33m[WARN] [1779659693.565247]: [Fusion] 球消失超過 1.5 秒，重置 EKF
[05:54:53] [INFO] [1779659693.592689]: [EKF] 初始化完成，球的初始位置: X=1.509 Y=1.943
[05:54:53] [0m[33m[WARN] [1779659693.616241]: [Fusion] 球消失超過 1.5 秒，重置 EKF
[05:54:53] [INFO] [1779659693.641717]: [EKF] 初始化完成，球的初始位置: X=1.513 Y=1.952
[05:54:53] [0m[33m[WARN] [1779659693.666768]: [Fusion] 球消失超過 1.5 秒，重置 EKF
[05:54:53] [INFO] [1779659693.711932]: [EKF] 初始化完成，球的初始位置: X=1.512 Y=1.951
[05:54:53] [0m[33m[WARN] [1779659693.718842]: [Fusion] 球消失超過 1.5 秒，重置 EKF
[05:54:53] [INFO] [1779659693.780040]: [EKF] 初始化完成，球的初始位置: X=1.512 Y=1.951
[05:54:53] [0m[33m[WARN] [1779659693.786135]: [Fusion] 球在場外 (1.51, 1.95)，維持巡邏
[05:54:53] [0m[33m[WARN] [1779659693.815610]: [Fusion] 球消失超過 1.5 秒，重置 EKF
[05:54:53] [INFO] [1779659693.836509]: [EKF] 初始化完成，球的初始位置: X=1.508 Y=1.943
[05:54:53] [0m[33m[WARN] [1779659693.865708]: [Fusion] 球消失超過 1.5 秒，重置 EKF
[05:54:53] [INFO] [1779659693.873277]: [PATROL-ABS] 目標X=+0.45 機器人X=+0.37 誤差=+0.08
[05:54:53] [INFO] [1779659693.908072]: [EKF] 初始化完成，球的初始位置: X=1.510 Y=1.945
[05:54:53] [0m[33m[WARN] [1779659693.915572]: [Fusion] 球消失超過 1.5 秒，重置 EKF
[05:54:53] [INFO] [1779659693.943129]: [EKF] 初始化完成，球的初始位置: X=1.511 Y=1.948
[05:54:53] [0m[33m[WARN] [1779659693.965008]: [Fusion] 球消失超過 1.5 秒，重置 EKF
[05:54:53] [INFO] [1779659693.984637]: [EKF] 初始化完成，球的初始位置: X=1.509 Y=1.945
[05:54:54] [0m[33m[WARN] [1779659694.015670]: [Fusion] 球消失超過 1.5 秒，重置 EKF
[05:54:54] [INFO] [1779659694.064058]: [EKF] 初始化完成，球的初始位置: X=1.513 Y=1.952
[05:54:54] [0m[33m[WARN] [1779659694.065984]: [Fusion] 球消失超過 1.5 秒，重置 EKF
[05:54:54] [INFO] [1779659694.114535]: [EKF] 初始化完成，球的初始位置: X=1.514 Y=1.953
[05:54:54] [0m[33m[WARN] [1779659694.116067]: [Fusion] 球消失超過 1.5 秒，重置 EKF
[05:54:54] [INFO] [1779659694.154838]: [EKF] 初始化完成，球的初始位置: X=1.514 Y=1.953
[05:54:54] [0m[33m[WARN] [1779659694.165032]: [Fusion] 球消失超過 1.5 秒，重置 EKF
[05:54:54] [INFO] [1779659694.197513]: [EKF] 初始化完成，球的初始位置: X=1.510 Y=1.947
[05:54:54] [0m[33m[WARN] [1779659694.215213]: [Fusion] 球消失超過 1.5 秒，重置 EKF
[05:54:54] [INFO] [1779659694.250508]: [EKF] 初始化完成，球的初始位置: X=1.512 Y=1.951
[05:54:54] [0m[33m[WARN] [1779659694.265450]: [Fusion] 球消失超過 1.5 秒，重置 EKF
[05:54:54] [INFO] [1779659694.299923]: [EKF] 初始化完成，球的初始位置: X=1.512 Y=1.949
[05:54:54] [0m[33m[WARN] [1779659694.315223]: [Fusion] 球消失超過 1.5 秒，重置 EKF
[05:54:54] [INFO] [1779659694.336594]: [EKF] 初始化完成，球的初始位置: X=1.508 Y=1.943
[05:54:54] [0m[33m[WARN] [1779659694.365021]: [Fusion] 球消失超過 1.5 秒，重置 EKF
[05:54:54] [INFO] [1779659694.373361]: [PATROL-ABS] 目標X=-0.45 機器人X=+0.41 誤差=-0.86
[05:54:54] [INFO] [1779659694.404439]: [EKF] 初始化完成，球的初始位置: X=1.510 Y=1.948
[05:54:54] [0m[33m[WARN] [1779659694.415507]: [Fusion] 球消失超過 1.5 秒，重置 EKF
[05:54:54] [INFO] [1779659694.442312]: [EKF] 初始化完成，球的初始位置: X=1.511 Y=1.949
[05:54:54] [0m[33m[WARN] [1779659694.465187]: [Fusion] 球消失超過 1.5 秒，重置 EKF
[05:54:54] [INFO] [1779659694.473060]: [EKF] 初始化完成，球的初始位置: X=1.511 Y=1.949
[05:54:54] [0m[33m[WARN] [1779659694.516367]: [Fusion] 球消失超過 1.5 秒，重置 EKF
[05:54:54] [INFO] [1779659694.558310]: [EKF] 初始化完成，球的初始位置: X=1.508 Y=1.942
[05:54:54] [0m[33m[WARN] [1779659694.564567]: [Fusion] 球消失超過 1.5 秒，重置 EKF
[05:54:54] [INFO] [1779659694.594990]: [EKF] 初始化完成，球的初始位置: X=1.512 Y=1.951
[05:54:54] [0m[33m[WARN] [1779659694.615948]: [Fusion] 球消失超過 1.5 秒，重置 EKF
[05:54:54] [INFO] [1779659694.635021]: [EKF] 初始化完成，球的初始位置: X=1.509 Y=1.946
[05:54:54] [0m[33m[WARN] [1779659694.665027]: [Fusion] 球消失超過 1.5 秒，重置 EKF
[05:54:54] [INFO] [1779659694.675702]: [EKF] 初始化完成，球的初始位置: X=1.512 Y=1.950
[05:54:54] [0m[33m[WARN] [1779659694.715250]: [Fusion] 球消失超過 1.5 秒，重置 EKF
[05:54:54] [INFO] [1779659694.756135]: [EKF] 初始化完成，球的初始位置: X=1.508 Y=1.943
[05:54:54] [0m[33m[WARN] [1779659694.765404]: [Fusion] 球消失超過 1.5 秒，重置 EKF
[05:54:54] [INFO] [1779659694.798123]: [EKF] 初始化完成，球的初始位置: X=1.509 Y=1.944
[05:54:54] [0m[33m[WARN] [1779659694.801954]: [Fusion] 球在場外 (1.51, 1.94)，維持巡邏
[05:54:54] [0m[33m[WARN] [1779659694.816041]: [Fusion] 球消失超過 1.5 秒，重置 EKF
[05:54:54] [INFO] [1779659694.837339]: [EKF] 初始化完成，球的初始位置: X=1.508 Y=1.942
[05:54:54] [0m[33m[WARN] [1779659694.864899]: [Fusion] 球消失超過 1.5 秒，重置 EKF
[05:54:54] [INFO] [1779659694.873933]: [PATROL-ABS] 目標X=-0.45 機器人X=+0.31 誤差=-0.76
[05:54:54] [INFO] [1779659694.879552]: [EKF] 初始化完成，球的初始位置: X=1.512 Y=1.952
[05:54:54] [0m[33m[WARN] [1779659694.915282]: [Fusion] 球消失超過 1.5 秒，重置 EKF
[05:54:54] [INFO] [1779659694.953657]: [EKF] 初始化完成，球的初始位置: X=1.512 Y=1.949
[05:54:54] [0m[33m[WARN] [1779659694.965569]: [Fusion] 球消失超過 1.5 秒，重置 EKF
[05:54:54] [INFO] [1779659694.996355]: [EKF] 初始化完成，球的初始位置: X=1.512 Y=1.951
[05:54:55] [0m[33m[WARN] [1779659695.015892]: [Fusion] 球消失超過 1.5 秒，重置 EKF
[05:54:55] [INFO] [1779659695.032406]: [EKF] 初始化完成，球的初始位置: X=1.512 Y=1.951
[05:54:55] [0m[33m[WARN] [1779659695.064897]: [Fusion] 球消失超過 1.5 秒，重置 EKF
[05:54:55] [INFO] [1779659695.073297]: [EKF] 初始化完成，球的初始位置: X=1.509 Y=1.945
[05:54:55] [0m[33m[WARN] [1779659695.115676]: [Fusion] 球消失超過 1.5 秒，重置 EKF
[05:54:55] [INFO] [1779659695.170404]: [EKF] 初始化完成，球的初始位置: X=1.509 Y=1.944
[05:54:55] [0m[33m[WARN] [1779659695.215146]: [Fusion] 球消失超過 1.5 秒，重置 EKF
[05:54:55] [INFO] [1779659695.257633]: [EKF] 初始化完成，球的初始位置: X=1.507 Y=1.941
[05:54:55] [0m[33m[WARN] [1779659695.264843]: [Fusion] 球消失超過 1.5 秒，重置 EKF
[05:54:55] [INFO] [1779659695.289792]: [EKF] 初始化完成，球的初始位置: X=1.512 Y=1.951
[05:54:55] [0m[33m[WARN] [1779659695.315294]: [Fusion] 球消失超過 1.5 秒，重置 EKF
[05:54:55] [INFO] [1779659695.322975]: [EKF] 初始化完成，球的初始位置: X=1.509 Y=1.944
[05:54:55] [0m[33m[WARN] [1779659695.365036]: [Fusion] 球消失超過 1.5 秒，重置 EKF
[05:54:55] [INFO] [1779659695.399251]: [EKF] 初始化完成，球的初始位置: X=1.512 Y=1.950
[05:54:55] [0m[33m[WARN] [1779659695.416098]: [Fusion] 球消失超過 1.5 秒，重置 EKF
[05:54:55] [INFO] [1779659695.442309]: [EKF] 初始化完成，球的初始位置: X=1.510 Y=1.946
[05:54:55] [0m[33m[WARN] [1779659695.465408]: [Fusion] 球消失超過 1.5 秒，重置 EKF
[05:54:55] [INFO] [1779659695.473201]: [PATROL-ABS] 目標X=-0.45 機器人X=+0.20 誤差=-0.65
[05:54:55] [INFO] [1779659695.485198]: [EKF] 初始化完成，球的初始位置: X=1.510 Y=1.946
[05:54:55] [0m[33m[WARN] [1779659695.515444]: [Fusion] 球消失超過 1.5 秒，重置 EKF
[05:54:55] [INFO] [1779659695.521506]: [EKF] 初始化完成，球的初始位置: X=1.513 Y=1.953
[05:54:55] [0m[33m[WARN] [1779659695.565317]: [Fusion] 球消失超過 1.5 秒，重置 EKF
[05:54:55] [INFO] [1779659695.590679]: [EKF] 初始化完成，球的初始位置: X=1.509 Y=1.946
[05:54:55] [0m[33m[WARN] [1779659695.617287]: [Fusion] 球消失超過 1.5 秒，重置 EKF
[05:54:55] [INFO] [1779659695.646989]: [EKF] 初始化完成，球的初始位置: X=1.515 Y=1.955
[05:54:55] [0m[33m[WARN] [1779659695.666105]: [Fusion] 球消失超過 1.5 秒，重置 EKF
[05:54:55] [INFO] [1779659695.706067]: [EKF] 初始化完成，球的初始位置: X=1.515 Y=1.955
[05:54:55] [0m[33m[WARN] [1779659695.716228]: [Fusion] 球消失超過 1.5 秒，重置 EKF
[05:54:55] [INFO] [1779659695.775504]: [EKF] 初始化完成，球的初始位置: X=1.510 Y=1.946
[05:54:55] [0m[33m[WARN] [1779659695.816780]: [Fusion] 球消失超過 1.5 秒，重置 EKF
[05:54:55] [INFO] [1779659695.828205]: [EKF] 初始化完成，球的初始位置: X=1.511 Y=1.948
[05:54:55] [0m[33m[WARN] [1779659695.835538]: [Fusion] 球在場外 (1.51, 1.95)，維持巡邏
[05:54:55] [0m[33m[WARN] [1779659695.865859]: [Fusion] 球消失超過 1.5 秒，重置 EKF
[05:54:55] [INFO] [1779659695.886577]: [EKF] 初始化完成，球的初始位置: X=1.513 Y=1.951
[05:54:55] [0m[33m[WARN] [1779659695.916266]: [Fusion] 球消失超過 1.5 秒，重置 EKF
[05:54:55] [INFO] [1779659695.951049]: [EKF] 初始化完成，球的初始位置: X=1.510 Y=1.946
[05:54:55] [0m[33m[WARN] [1779659695.966540]: [Fusion] 球消失超過 1.5 秒，重置 EKF
[05:54:55] [INFO] [1779659695.975241]: [PATROL-ABS] 目標X=-0.45 機器人X=+0.11 誤差=-0.56
[05:54:55] [INFO] [1779659695.997967]: [EKF] 初始化完成，球的初始位置: X=1.515 Y=1.956
[05:54:56] [0m[33m[WARN] [1779659696.016297]: [Fusion] 球消失超過 1.5 秒，重置 EKF
[05:54:56] [INFO] [1779659696.047445]: [EKF] 初始化完成，球的初始位置: X=1.507 Y=1.941
[05:54:56] [0m[33m[WARN] [1779659696.066317]: [Fusion] 球消失超過 1.5 秒，重置 EKF
[05:54:56] [INFO] [1779659696.113645]: [EKF] 初始化完成，球的初始位置: X=1.512 Y=1.950
[05:54:56] [0m[33m[WARN] [1779659696.115325]: [Fusion] 球消失超過 1.5 秒，重置 EKF
[05:54:56] [INFO] [1779659696.180474]: [EKF] 初始化完成，球的初始位置: X=1.512 Y=1.950
[05:54:56] [0m[33m[WARN] [1779659696.216130]: [Fusion] 球消失超過 1.5 秒，重置 EKF
[05:54:56] [INFO] [1779659696.264161]: [EKF] 初始化完成，球的初始位置: X=1.512 Y=1.950
[05:54:56] [0m[33m[WARN] [1779659696.266658]: [Fusion] 球消失超過 1.5 秒，重置 EKF
[05:54:56] [INFO] [1779659696.358799]: [EKF] 初始化完成，球的初始位置: X=1.512 Y=1.950
[05:54:56] [0m[33m[WARN] [1779659696.365766]: [Fusion] 球消失超過 1.5 秒，重置 EKF
[05:54:56] [INFO] [1779659696.429937]: [EKF] 初始化完成，球的初始位置: X=1.514 Y=1.953
[05:54:56] [0m[33m[WARN] [1779659696.466417]: [Fusion] 球消失超過 1.5 秒，重置 EKF
[05:54:56] [INFO] [1779659696.486896]: [EKF] 初始化完成，球的初始位置: X=1.514 Y=1.953
[05:54:56] [0m[33m[WARN] [1779659696.516079]: [Fusion] 球消失超過 1.5 秒，重置 EKF
[05:54:56] [INFO] [1779659696.559562]: [EKF] 初始化完成，球的初始位置: X=1.506 Y=1.940
[05:54:56] [0m[33m[WARN] [1779659696.566709]: [Fusion] 球消失超過 1.5 秒，重置 EKF
[05:54:56] [INFO] [1779659696.576162]: [PATROL-ABS] 目標X=-0.45 機器人X=-0.00 誤差=-0.45
[05:54:56] [INFO] [1779659696.615156]: [EKF] 初始化完成，球的初始位置: X=1.511 Y=1.949
[05:54:56] [0m[33m[WARN] [1779659696.617442]: [Fusion] 球消失超過 1.5 秒，重置 EKF
[05:54:56] [INFO] [1779659696.673598]: [EKF] 初始化完成，球的初始位置: X=1.513 Y=1.953
[05:54:56] [0m[33m[WARN] [1779659696.715606]: [Fusion] 球消失超過 1.5 秒，重置 EKF
[05:54:56] [INFO] [1779659696.750021]: [EKF] 初始化完成，球的初始位置: X=1.508 Y=1.942
[05:54:56] [0m[33m[WARN] [1779659696.765418]: [Fusion] 球消失超過 1.5 秒，重置 EKF
[05:54:56] [INFO] [1779659696.782975]: [EKF] 初始化完成，球的初始位置: X=1.508 Y=1.942
[05:54:56] [0m[33m[WARN] [1779659696.816674]: [Fusion] 球消失超過 1.5 秒，重置 EKF
[05:54:56] [INFO] [1779659696.850632]: [EKF] 初始化完成，球的初始位置: X=1.515 Y=1.955
[05:54:56] [0m[33m[WARN] [1779659696.856426]: [Fusion] 球在場外 (1.51, 1.95)，維持巡邏
[05:54:56] [0m[33m[WARN] [1779659696.865909]: [Fusion] 球消失超過 1.5 秒，重置 EKF
[05:54:56] [INFO] [1779659696.886758]: [EKF] 初始化完成，球的初始位置: X=1.508 Y=1.943
[05:54:56] [0m[33m[WARN] [1779659696.916295]: [Fusion] 球消失超過 1.5 秒，重置 EKF
[05:54:56] [INFO] [1779659696.933555]: [EKF] 初始化完成，球的初始位置: X=1.512 Y=1.949
[05:54:56] [0m[33m[WARN] [1779659696.965860]: [Fusion] 球消失超過 1.5 秒，重置 EKF
[05:54:56] [INFO] [1779659696.978289]: [EKF] 初始化完成，球的初始位置: X=1.512 Y=1.951
[05:54:57] [0m[33m[WARN] [1779659697.015523]: [Fusion] 球消失超過 1.5 秒，重置 EKF
[05:54:57] [INFO] [1779659697.021560]: [EKF] 初始化完成，球的初始位置: X=1.512 Y=1.951
[05:54:57] [0m[33m[WARN] [1779659697.065136]: [Fusion] 球消失超過 1.5 秒，重置 EKF
[05:54:57] [INFO] [1779659697.089725]: [EKF] 初始化完成，球的初始位置: X=1.515 Y=1.955
[05:54:57] [0m[33m[WARN] [1779659697.116140]: [Fusion] 球消失超過 1.5 秒，重置 EKF
[05:54:57] [INFO] [1779659697.125368]: [EKF] 初始化完成，球的初始位置: X=1.510 Y=1.947
[05:54:57] [0m[33m[WARN] [1779659697.165543]: [Fusion] 球消失超過 1.5 秒，重置 EKF
[05:54:57] [INFO] [1779659697.173601]: [PATROL-ABS] 目標X=-0.45 機器人X=-0.11 誤差=-0.34
[05:54:57] [INFO] [1779659697.197262]: [EKF] 初始化完成，球的初始位置: X=1.510 Y=1.945
[05:54:57] [0m[33m[WARN] [1779659697.215231]: [Fusion] 球消失超過 1.5 秒，重置 EKF
[05:54:57] [INFO] [1779659697.244353]: [EKF] 初始化完成，球的初始位置: X=1.507 Y=1.941
[05:54:57] [0m[33m[WARN] [1779659697.265779]: [Fusion] 球消失超過 1.5 秒，重置 EKF
[05:54:57] [INFO] [1779659697.289011]: [EKF] 初始化完成，球的初始位置: X=1.507 Y=1.941
[05:54:57] [0m[33m[WARN] [1779659697.315220]: [Fusion] 球消失超過 1.5 秒，重置 EKF
[05:54:57] [INFO] [1779659697.329157]: [EKF] 初始化完成，球的初始位置: X=1.509 Y=1.943
[05:54:57] [0m[33m[WARN] [1779659697.365695]: [Fusion] 球消失超過 1.5 秒，重置 EKF
[05:54:57] [INFO] [1779659697.405559]: [EKF] 初始化完成，球的初始位置: X=1.508 Y=1.943
[05:54:57] [0m[33m[WARN] [1779659697.415304]: [Fusion] 球消失超過 1.5 秒，重置 EKF
[05:54:57] [INFO] [1779659697.445090]: [EKF] 初始化完成，球的初始位置: X=1.512 Y=1.950
[05:54:57] [0m[33m[WARN] [1779659697.466234]: [Fusion] 球消失超過 1.5 秒，重置 EKF
[05:54:57] [INFO] [1779659697.491925]: [EKF] 初始化完成，球的初始位置: X=1.514 Y=1.955
[05:54:57] [0m[33m[WARN] [1779659697.515797]: [Fusion] 球消失超過 1.5 秒，重置 EKF
[05:54:57] [INFO] [1779659697.537643]: [EKF] 初始化完成，球的初始位置: X=1.509 Y=1.943
[05:54:57] [0m[33m[WARN] [1779659697.565999]: [Fusion] 球消失超過 1.5 秒，重置 EKF
[05:54:57] [INFO] [1779659697.585461]: [EKF] 初始化完成，球的初始位置: X=1.509 Y=1.943
[05:54:57] [0m[33m[WARN] [1779659697.616184]: [Fusion] 球消失超過 1.5 秒，重置 EKF
[05:54:57] [INFO] [1779659697.646367]: [EKF] 初始化完成，球的初始位置: X=1.508 Y=1.942
[05:54:57] [0m[33m[WARN] [1779659697.665273]: [Fusion] 球消失超過 1.5 秒，重置 EKF
[05:54:57] [INFO] [1779659697.699747]: [EKF] 初始化完成，球的初始位置: X=1.508 Y=1.942
[05:54:57] [0m[33m[WARN] [1779659697.715606]: [Fusion] 球消失超過 1.5 秒，重置 EKF
[05:54:57] [INFO] [1779659697.759419]: [EKF] 初始化完成，球的初始位置: X=1.509 Y=1.943
[05:54:57] [0m[33m[WARN] [1779659697.765004]: [Fusion] 球消失超過 1.5 秒，重置 EKF
[05:54:57] [INFO] [1779659697.773621]: [PATROL-ABS] 目標X=-0.45 機器人X=-0.23 誤差=-0.22
[05:54:57] [INFO] [1779659697.805251]: [EKF] 初始化完成，球的初始位置: X=1.510 Y=1.946
[05:54:57] [0m[33m[WARN] [1779659697.815524]: [Fusion] 球消失超過 1.5 秒，重置 EKF
[05:54:57] [INFO] [1779659697.863802]: [EKF] 初始化完成，球的初始位置: X=1.510 Y=1.944
[05:54:57] [0m[33m[WARN] [1779659697.865551]: [Fusion] 球消失超過 1.5 秒，重置 EKF
[05:54:57] [0m[33m[WARN] [1779659697.870031]: [Fusion] 球在場外 (1.51, 1.94)，維持巡邏
[05:54:57] [INFO] [1779659697.915934]: [EKF] 初始化完成，球的初始位置: X=1.507 Y=1.942
[05:54:57] [0m[33m[WARN] [1779659697.965865]: [Fusion] 球消失超過 1.5 秒，重置 EKF
[05:54:58] [INFO] [1779659698.007916]: [EKF] 初始化完成，球的初始位置: X=1.512 Y=1.950
[05:54:58] [0m[33m[WARN] [1779659698.015168]: [Fusion] 球消失超過 1.5 秒，重置 EKF
[05:54:58] [INFO] [1779659698.041020]: [EKF] 初始化完成，球的初始位置: X=1.509 Y=1.943
[05:54:58] [0m[33m[WARN] [1779659698.066228]: [Fusion] 球消失超過 1.5 秒，重置 EKF
[05:54:58] [INFO] [1779659698.078444]: [EKF] 初始化完成，球的初始位置: X=1.512 Y=1.949
[05:54:58] [0m[33m[WARN] [1779659698.115507]: [Fusion] 球消失超過 1.5 秒，重置 EKF
[05:54:58] [INFO] [1779659698.157439]: [EKF] 初始化完成，球的初始位置: X=1.509 Y=1.944
[05:54:58] [0m[33m[WARN] [1779659698.165252]: [Fusion] 球消失超過 1.5 秒，重置 EKF
[05:54:58] [INFO] [1779659698.216839]: [EKF] 初始化完成，球的初始位置: X=1.510 Y=1.946
[05:54:58] [0m[33m[WARN] [1779659698.265201]: [Fusion] 球消失超過 1.5 秒，重置 EKF
[05:54:58] [INFO] [1779659698.273728]: [PATROL-ABS] 目標X=-0.45 機器人X=-0.32 誤差=-0.13
[05:54:58] [INFO] [1779659698.281455]: [EKF] 初始化完成，球的初始位置: X=1.509 Y=1.944
[05:54:58] [0m[33m[WARN] [1779659698.317518]: [Fusion] 球消失超過 1.5 秒，重置 EKF
[05:54:58] [INFO] [1779659698.370217]: [EKF] 初始化完成，球的初始位置: X=1.509 Y=1.943
[05:54:58] [0m[33m[WARN] [1779659698.415224]: [Fusion] 球消失超過 1.5 秒，重置 EKF
[05:54:58] [INFO] [1779659698.457435]: [EKF] 初始化完成，球的初始位置: X=1.509 Y=1.943
[05:54:58] [0m[33m[WARN] [1779659698.466319]: [Fusion] 球消失超過 1.5 秒，重置 EKF
[05:54:58] [INFO] [1779659698.530262]: [EKF] 初始化完成，球的初始位置: X=1.509 Y=1.943
[05:54:58] [0m[33m[WARN] [1779659698.565602]: [Fusion] 球消失超過 1.5 秒，重置 EKF
[05:54:58] [INFO] [1779659698.581345]: [EKF] 初始化完成，球的初始位置: X=1.510 Y=1.945
[05:54:58] [0m[33m[WARN] [1779659698.616154]: [Fusion] 球消失超過 1.5 秒，重置 EKF
[05:54:58] [INFO] [1779659698.635215]: [EKF] 初始化完成，球的初始位置: X=1.507 Y=1.940
[05:54:58] [0m[33m[WARN] [1779659698.665802]: [Fusion] 球消失超過 1.5 秒，重置 EKF
[05:54:58] [INFO] [1779659698.678471]: [EKF] 初始化完成，球的初始位置: X=1.507 Y=1.940
[05:54:58] [0m[33m[WARN] [1779659698.715952]: [Fusion] 球消失超過 1.5 秒，重置 EKF
[05:54:58] [INFO] [1779659698.773859]: [PATROL-ABS] 目標X=+0.45 機器人X=-0.41 誤差=+0.86
[05:54:58] [INFO] [1779659698.780607]: [EKF] 初始化完成，球的初始位置: X=1.507 Y=1.942
[05:54:58] [0m[33m[WARN] [1779659698.816703]: [Fusion] 球消失超過 1.5 秒，重置 EKF
[05:54:58] [INFO] [1779659698.828310]: [EKF] 初始化完成，球的初始位置: X=1.507 Y=1.941
[05:54:58] [0m[33m[WARN] [1779659698.866004]: [Fusion] 球消失超過 1.5 秒，重置 EKF
[05:54:58] [INFO] [1779659698.888044]: [EKF] 初始化完成，球的初始位置: X=1.509 Y=1.943
[05:54:58] [0m[33m[WARN] [1779659698.895228]: [Fusion] 球在場外 (1.51, 1.94)，維持巡邏
[05:54:58] [0m[33m[WARN] [1779659698.916592]: [Fusion] 球消失超過 1.5 秒，重置 EKF
[05:54:58] [INFO] [1779659698.940066]: [EKF] 初始化完成，球的初始位置: X=1.512 Y=1.950
[05:54:58] [0m[33m[WARN] [1779659698.966020]: [Fusion] 球消失超過 1.5 秒，重置 EKF
[05:54:58] [INFO] [1779659698.987758]: [EKF] 初始化完成，球的初始位置: X=1.509 Y=1.944
[05:54:59] [0m[33m[WARN] [1779659699.016743]: [Fusion] 球消失超過 1.5 秒，重置 EKF
[05:54:59] [INFO] [1779659699.054615]: [EKF] 初始化完成，球的初始位置: X=1.513 Y=1.951
[05:54:59] [0m[33m[WARN] [1779659699.065703]: [Fusion] 球消失超過 1.5 秒，重置 EKF
[05:54:59] [INFO] [1779659699.128600]: [EKF] 初始化完成，球的初始位置: X=1.511 Y=1.948
[05:54:59] [0m[33m[WARN] [1779659699.165995]: [Fusion] 球消失超過 1.5 秒，重置 EKF
[05:54:59] [INFO] [1779659699.175991]: [EKF] 初始化完成，球的初始位置: X=1.507 Y=1.940
[05:54:59] [0m[33m[WARN] [1779659699.216058]: [Fusion] 球消失超過 1.5 秒，重置 EKF
[05:54:59] [INFO] [1779659699.261582]: [EKF] 初始化完成，球的初始位置: X=1.512 Y=1.948
[05:54:59] [0m[33m[WARN] [1779659699.266956]: [Fusion] 球消失超過 1.5 秒，重置 EKF
[05:54:59] [INFO] [1779659699.301828]: [EKF] 初始化完成，球的初始位置: X=1.510 Y=1.944
[05:54:59] [0m[33m[WARN] [1779659699.315896]: [Fusion] 球消失超過 1.5 秒，重置 EKF
[05:54:59] [INFO] [1779659699.347544]: [EKF] 初始化完成，球的初始位置: X=1.513 Y=1.950
[05:54:59] [0m[33m[WARN] [1779659699.366038]: [Fusion] 球消失超過 1.5 秒，重置 EKF
[05:54:59] [INFO] [1779659699.373539]: [PATROL-ABS] 目標X=+0.45 機器人X=-0.35 誤差=+0.80
[05:54:59] [INFO] [1779659699.405324]: [EKF] 初始化完成，球的初始位置: X=1.514 Y=1.952
[05:54:59] [0m[33m[WARN] [1779659699.416119]: [Fusion] 球消失超過 1.5 秒，重置 EKF
[05:54:59] [INFO] [1779659699.467072]: [EKF] 初始化完成，球的初始位置: X=1.508 Y=1.942
[05:54:59] [0m[33m[WARN] [1779659699.516112]: [Fusion] 球消失超過 1.5 秒，重置 EKF
[05:54:59] [INFO] [1779659699.536627]: [EKF] 初始化完成，球的初始位置: X=1.510 Y=1.944
[05:54:59] [0m[33m[WARN] [1779659699.566630]: [Fusion] 球消失超過 1.5 秒，重置 EKF
[05:54:59] [INFO] [1779659699.593743]: [EKF] 初始化完成，球的初始位置: X=1.508 Y=1.941
[05:54:59] [0m[33m[WARN] [1779659699.616139]: [Fusion] 球消失超過 1.5 秒，重置 EKF
[05:54:59] [INFO] [1779659699.656602]: [EKF] 初始化完成，球的初始位置: X=1.513 Y=1.950
[05:54:59] [0m[33m[WARN] [1779659699.665552]: [Fusion] 球消失超過 1.5 秒，重置 EKF
[05:54:59] [INFO] [1779659699.704618]: [EKF] 初始化完成，球的初始位置: X=1.508 Y=1.941
[05:54:59] [0m[33m[WARN] [1779659699.715921]: [Fusion] 球消失超過 1.5 秒，重置 EKF
[05:54:59] [INFO] [1779659699.742298]: [EKF] 初始化完成，球的初始位置: X=1.509 Y=1.943
[05:54:59] [0m[33m[WARN] [1779659699.765828]: [Fusion] 球消失超過 1.5 秒，重置 EKF
[05:54:59] [INFO] [1779659699.779120]: [EKF] 初始化完成，球的初始位置: X=1.511 Y=1.948
[05:54:59] [0m[33m[WARN] [1779659699.815249]: [Fusion] 球消失超過 1.5 秒，重置 EKF
[05:54:59] [INFO] [1779659699.845241]: [EKF] 初始化完成，球的初始位置: X=1.510 Y=1.946
[05:54:59] [0m[33m[WARN] [1779659699.865755]: [Fusion] 球消失超過 1.5 秒，重置 EKF
[05:54:59] [INFO] [1779659699.878290]: [EKF] 初始化完成，球的初始位置: X=1.507 Y=1.942
[05:54:59] [0m[33m[WARN] [1779659699.912472]: [Fusion] 球在場外 (1.51, 1.94)，維持巡邏
[05:54:59] [0m[33m[WARN] [1779659699.915886]: [Fusion] 球消失超過 1.5 秒，重置 EKF
[05:54:59] [INFO] [1779659699.946537]: [EKF] 初始化完成，球的初始位置: X=1.510 Y=1.945
[05:54:59] [0m[33m[WARN] [1779659699.965242]: [Fusion] 球消失超過 1.5 秒，重置 EKF
[05:54:59] [INFO] [1779659699.973235]: [PATROL-ABS] 目標X=+0.45 機器人X=-0.24 誤差=+0.69
[05:54:59] [INFO] [1779659699.975083]: [EKF] 初始化完成，球的初始位置: X=1.511 Y=1.946
[05:55:00] [0m[33m[WARN] [1779659700.015809]: [Fusion] 球消失超過 1.5 秒，重置 EKF
[05:55:00] [INFO] [1779659700.051478]: [EKF] 初始化完成，球的初始位置: X=1.510 Y=1.944
[05:55:00] [0m[33m[WARN] [1779659700.064837]: [Fusion] 球消失超過 1.5 秒，重置 EKF
[05:55:00] [INFO] [1779659700.094559]: [EKF] 初始化完成，球的初始位置: X=1.516 Y=1.954
[05:55:00] [0m[33m[WARN] [1779659700.115937]: [Fusion] 球消失超過 1.5 秒，重置 EKF
[05:55:00] [INFO] [1779659700.135350]: [EKF] 初始化完成，球的初始位置: X=1.509 Y=1.943
[05:55:00] [0m[33m[WARN] [1779659700.165815]: [Fusion] 球消失超過 1.5 秒，重置 EKF
[05:55:00] [INFO] [1779659700.177618]: [EKF] 初始化完成，球的初始位置: X=1.511 Y=1.947
[05:55:00] [0m[33m[WARN] [1779659700.215593]: [Fusion] 球消失超過 1.5 秒，重置 EKF
[05:55:00] [INFO] [1779659700.265557]: [EKF] 初始化完成，球的初始位置: X=1.506 Y=1.939
[05:55:00] [0m[33m[WARN] [1779659700.315011]: [Fusion] 球消失超過 1.5 秒，重置 EKF
[05:55:00] [INFO] [1779659700.349283]: [EKF] 初始化完成，球的初始位置: X=1.509 Y=1.945
[05:55:00] [0m[33m[WARN] [1779659700.365433]: [Fusion] 球消失超過 1.5 秒，重置 EKF
[05:55:00] [INFO] [1779659700.389180]: [EKF] 初始化完成，球的初始位置: X=1.507 Y=1.939
[05:55:00] [0m[33m[WARN] [1779659700.415477]: [Fusion] 球消失超過 1.5 秒，重置 EKF
[05:55:00] [INFO] [1779659700.437920]: [EKF] 初始化完成，球的初始位置: X=1.507 Y=1.939
[05:55:00] [0m[33m[WARN] [1779659700.465346]: [Fusion] 球消失超過 1.5 秒，重置 EKF
[05:55:00] [INFO] [1779659700.473565]: [PATROL-ABS] 目標X=+0.45 機器人X=-0.15 誤差=+0.60
[05:55:00] [INFO] [1779659700.487949]: [EKF] 初始化完成，球的初始位置: X=1.508 Y=1.941
[05:55:00] [0m[33m[WARN] [1779659700.515890]: [Fusion] 球消失超過 1.5 秒，重置 EKF
[05:55:00] [INFO] [1779659700.528257]: [EKF] 初始化完成，球的初始位置: X=1.508 Y=1.941
[05:55:00] [0m[33m[WARN] [1779659700.565251]: [Fusion] 球消失超過 1.5 秒，重置 EKF
[05:55:00] [INFO] [1779659700.618229]: [EKF] 初始化完成，球的初始位置: X=1.510 Y=1.946
[05:55:00] [0m[33m[WARN] [1779659700.665882]: [Fusion] 球消失超過 1.5 秒，重置 EKF
[05:55:00] [INFO] [1779659700.706969]: [EKF] 初始化完成，球的初始位置: X=1.510 Y=1.948
[05:55:00] [0m[33m[WARN] [1779659700.715794]: [Fusion] 球消失超過 1.5 秒，重置 EKF
[05:55:00] [INFO] [1779659700.755679]: [EKF] 初始化完成，球的初始位置: X=1.507 Y=1.941
[05:55:00] [0m[33m[WARN] [1779659700.766153]: [Fusion] 球消失超過 1.5 秒，重置 EKF
[05:55:00] [INFO] [1779659700.833249]: [EKF] 初始化完成，球的初始位置: X=1.506 Y=1.939
[05:55:00] [0m[33m[WARN] [1779659700.865321]: [Fusion] 球消失超過 1.5 秒，重置 EKF
[05:55:00] [INFO] [1779659700.887349]: [EKF] 初始化完成，球的初始位置: X=1.508 Y=1.943
[05:55:00] [0m[33m[WARN] [1779659700.915642]: [Fusion] 球消失超過 1.5 秒，重置 EKF
[05:55:00] [INFO] [1779659700.943187]: [EKF] 初始化完成，球的初始位置: X=1.508 Y=1.943
[05:55:00] [0m[33m[WARN] [1779659700.948638]: [Fusion] 球在場外 (1.51, 1.94)，維持巡邏
[05:55:00] [0m[33m[WARN] [1779659700.966112]: [Fusion] 球消失超過 1.5 秒，重置 EKF
[05:55:00] [INFO] [1779659700.973602]: [PATROL-ABS] 目標X=+0.45 機器人X=-0.06 誤差=+0.51
[05:55:01] [INFO] [1779659701.003039]: [EKF] 初始化完成，球的初始位置: X=1.510 Y=1.944
[05:55:01] [0m[33m[WARN] [1779659701.015744]: [Fusion] 球消失超過 1.5 秒，重置 EKF
[05:55:01] [INFO] [1779659701.040056]: [EKF] 初始化完成，球的初始位置: X=1.514 Y=1.951
[05:55:01] [0m[33m[WARN] [1779659701.065736]: [Fusion] 球消失超過 1.5 秒，重置 EKF
[05:55:01] [INFO] [1779659701.072736]: [EKF] 初始化完成，球的初始位置: X=1.515 Y=1.955
[05:55:01] [0m[33m[WARN] [1779659701.115927]: [Fusion] 球消失超過 1.5 秒，重置 EKF
[05:55:01] [INFO] [1779659701.172489]: [EKF] 初始化完成，球的初始位置: X=1.507 Y=1.938
[05:55:01] [0m[33m[WARN] [1779659701.215900]: [Fusion] 球消失超過 1.5 秒，重置 EKF
[05:55:01] [INFO] [1779659701.252098]: [EKF] 初始化完成，球的初始位置: X=1.509 Y=1.944
[05:55:01] [0m[33m[WARN] [1779659701.265033]: [Fusion] 球消失超過 1.5 秒，重置 EKF
[05:55:01] [INFO] [1779659701.294563]: [EKF] 初始化完成，球的初始位置: X=1.508 Y=1.942
[05:55:01] [0m[33m[WARN] [1779659701.315671]: [Fusion] 球消失超過 1.5 秒，重置 EKF
[05:55:01] [INFO] [1779659701.336737]: [EKF] 初始化完成，球的初始位置: X=1.511 Y=1.947
[05:55:01] [0m[33m[WARN] [1779659701.365319]: [Fusion] 球消失超過 1.5 秒，重置 EKF
[05:55:01] [INFO] [1779659701.386341]: [EKF] 初始化完成，球的初始位置: X=1.508 Y=1.942
[05:55:01] [0m[33m[WARN] [1779659701.415048]: [Fusion] 球消失超過 1.5 秒，重置 EKF
[05:55:01] [INFO] [1779659701.424041]: [EKF] 初始化完成，球的初始位置: X=1.509 Y=1.943
[05:55:01] [0m[33m[WARN] [1779659701.465853]: [Fusion] 球消失超過 1.5 秒，重置 EKF
[05:55:01] [INFO] [1779659701.473615]: [PATROL-ABS] 目標X=+0.45 機器人X=+0.03 誤差=+0.42
[05:55:01] [INFO] [1779659701.501019]: [EKF] 初始化完成，球的初始位置: X=1.509 Y=1.945
[05:55:01] [0m[33m[WARN] [1779659701.515788]: [Fusion] 球消失超過 1.5 秒，重置 EKF
[05:55:01] [INFO] [1779659701.545695]: [EKF] 初始化完成，球的初始位置: X=1.510 Y=1.946
[05:55:01] [0m[33m[WARN] [1779659701.565877]: [Fusion] 球消失超過 1.5 秒，重置 EKF
[05:55:01] [INFO] [1779659701.589575]: [EKF] 初始化完成，球的初始位置: X=1.511 Y=1.948
[05:55:01] [0m[33m[WARN] [1779659701.616461]: [Fusion] 球消失超過 1.5 秒，重置 EKF
[05:55:01] [INFO] [1779659701.637855]: [EKF] 初始化完成，球的初始位置: X=1.512 Y=1.949
[05:55:01] [0m[33m[WARN] [1779659701.666562]: [Fusion] 球消失超過 1.5 秒，重置 EKF
[05:55:01] [INFO] [1779659701.692324]: [EKF] 初始化完成，球的初始位置: X=1.509 Y=1.945
[05:55:01] [0m[33m[WARN] [1779659701.716638]: [Fusion] 球消失超過 1.5 秒，重置 EKF
[05:55:01] [INFO] [1779659701.747901]: [EKF] 初始化完成，球的初始位置: X=1.509 Y=1.942
[05:55:01] [0m[33m[WARN] [1779659701.766323]: [Fusion] 球消失超過 1.5 秒，重置 EKF
[05:55:01] [INFO] [1779659701.803211]: [EKF] 初始化完成，球的初始位置: X=1.508 Y=1.942
[05:55:01] [0m[33m[WARN] [1779659701.815356]: [Fusion] 球消失超過 1.5 秒，重置 EKF
[05:55:01] [INFO] [1779659701.846090]: [EKF] 初始化完成，球的初始位置: X=1.513 Y=1.953
[05:55:01] [0m[33m[WARN] [1779659701.865511]: [Fusion] 球消失超過 1.5 秒，重置 EKF
[05:55:01] [INFO] [1779659701.884181]: [EKF] 初始化完成，球的初始位置: X=1.513 Y=1.953
[05:55:01] [0m[33m[WARN] [1779659701.916277]: [Fusion] 球消失超過 1.5 秒，重置 EKF
[05:55:01] [INFO] [1779659701.944978]: [EKF] 初始化完成，球的初始位置: X=1.507 Y=1.941
[05:55:01] [0m[33m[WARN] [1779659701.953178]: [Fusion] 球在場外 (1.51, 1.94)，維持巡邏
[05:55:01] [0m[33m[WARN] [1779659701.966252]: [Fusion] 球消失超過 1.5 秒，重置 EKF
[05:55:02] [INFO] [1779659702.001736]: [EKF] 初始化完成，球的初始位置: X=1.511 Y=1.946
[05:55:02] [0m[33m[WARN] [1779659702.015988]: [Fusion] 球消失超過 1.5 秒，重置 EKF
[05:55:02] [INFO] [1779659702.061255]: [EKF] 初始化完成，球的初始位置: X=1.510 Y=1.946
[05:55:02] [0m[33m[WARN] [1779659702.068987]: [Fusion] 球消失超過 1.5 秒，重置 EKF
[05:55:02] [INFO] [1779659702.073799]: [PATROL-ABS] 目標X=+0.45 機器人X=+0.14 誤差=+0.31
[05:55:02] [INFO] [1779659702.116861]: [EKF] 初始化完成，球的初始位置: X=1.512 Y=1.950
[05:55:02] [0m[33m[WARN] [1779659702.166320]: [Fusion] 球消失超過 1.5 秒，重置 EKF
[05:55:02] [INFO] [1779659702.232585]: [EKF] 初始化完成，球的初始位置: X=1.507 Y=1.941
[05:55:02] [0m[33m[WARN] [1779659702.266709]: [Fusion] 球消失超過 1.5 秒，重置 EKF
[05:55:02] [INFO] [1779659702.290929]: [EKF] 初始化完成，球的初始位置: X=1.507 Y=1.941
[05:55:02] [0m[33m[WARN] [1779659702.316641]: [Fusion] 球消失超過 1.5 秒，重置 EKF
[05:55:02] [INFO] [1779659702.345990]: [EKF] 初始化完成，球的初始位置: X=1.508 Y=1.943
[05:55:02] [0m[33m[WARN] [1779659702.366112]: [Fusion] 球消失超過 1.5 秒，重置 EKF
[05:55:02] [INFO] [1779659702.401518]: [EKF] 初始化完成，球的初始位置: X=1.506 Y=1.939
[05:55:02] [0m[33m[WARN] [1779659702.415568]: [Fusion] 球消失超過 1.5 秒，重置 EKF
[05:55:02] [INFO] [1779659702.441769]: [EKF] 初始化完成，球的初始位置: X=1.511 Y=1.946
[05:55:02] [0m[33m[WARN] [1779659702.465557]: [Fusion] 球消失超過 1.5 秒，重置 EKF
[05:55:02] [INFO] [1779659702.488487]: [EKF] 初始化完成，球的初始位置: X=1.510 Y=1.945
[05:55:02] [0m[33m[WARN] [1779659702.516333]: [Fusion] 球消失超過 1.5 秒，重置 EKF
[05:55:02] [INFO] [1779659702.538604]: [EKF] 初始化完成，球的初始位置: X=1.508 Y=1.943
[05:55:02] [0m[33m[WARN] [1779659702.566238]: [Fusion] 球消失超過 1.5 秒，重置 EKF
[05:55:02] [INFO] [1779659702.575547]: [PATROL-ABS] 目標X=+0.45 機器人X=+0.23 誤差=+0.22
[05:55:02] [INFO] [1779659702.600334]: [EKF] 初始化完成，球的初始位置: X=1.506 Y=1.938
[05:55:02] [0m[33m[WARN] [1779659702.616560]: [Fusion] 球消失超過 1.5 秒，重置 EKF
[05:55:02] [INFO] [1779659702.657757]: [EKF] 初始化完成，球的初始位置: X=1.506 Y=1.940
[05:55:02] [0m[33m[WARN] [1779659702.666264]: [Fusion] 球消失超過 1.5 秒，重置 EKF
[05:55:02] [INFO] [1779659702.708981]: [EKF] 初始化完成，球的初始位置: X=1.507 Y=1.941
[05:55:02] [0m[33m[WARN] [1779659702.715508]: [Fusion] 球消失超過 1.5 秒，重置 EKF
[05:55:02] [INFO] [1779659702.758712]: [EKF] 初始化完成，球的初始位置: X=1.507 Y=1.941
[05:55:02] [0m[33m[WARN] [1779659702.765933]: [Fusion] 球消失超過 1.5 秒，重置 EKF
[05:55:02] [INFO] [1779659702.797761]: [EKF] 初始化完成，球的初始位置: X=1.508 Y=1.943
[05:55:02] [0m[33m[WARN] [1779659702.815805]: [Fusion] 球消失超過 1.5 秒，重置 EKF
[05:55:02] [INFO] [1779659702.840290]: [EKF] 初始化完成，球的初始位置: X=1.511 Y=1.946
[05:55:02] [0m[33m[WARN] [1779659702.865464]: [Fusion] 球消失超過 1.5 秒，重置 EKF
[05:55:02] [INFO] [1779659702.883724]: [EKF] 初始化完成，球的初始位置: X=1.511 Y=1.946
[05:55:02] [0m[33m[WARN] [1779659702.915464]: [Fusion] 球消失超過 1.5 秒，重置 EKF
[05:55:02] [INFO] [1779659702.925874]: [EKF] 初始化完成，球的初始位置: X=1.510 Y=1.945
[05:55:02] [0m[33m[WARN] [1779659702.966118]: [Fusion] 球消失超過 1.5 秒，重置 EKF
[05:55:02] [INFO] [1779659702.974649]: [EKF] 初始化完成，球的初始位置: X=1.510 Y=1.946
[05:55:02] [0m[33m[WARN] [1779659702.978216]: [Fusion] 球在場外 (1.51, 1.95)，維持巡邏
[05:55:03] [0m[33m[WARN] [1779659703.015120]: [Fusion] 球消失超過 1.5 秒，重置 EKF
[05:55:03] [INFO] [1779659703.055549]: [EKF] 初始化完成，球的初始位置: X=1.507 Y=1.941
[05:55:03] [0m[33m[WARN] [1779659703.065141]: [Fusion] 球消失超過 1.5 秒，重置 EKF
[05:55:03] [INFO] [1779659703.096671]: [EKF] 初始化完成，球的初始位置: X=1.514 Y=1.953
[05:55:03] [0m[33m[WARN] [1779659703.115502]: [Fusion] 球消失超過 1.5 秒，重置 EKF
[05:55:03] [INFO] [1779659703.139956]: [EKF] 初始化完成，球的初始位置: X=1.509 Y=1.945
[05:55:03] [0m[33m[WARN] [1779659703.165653]: [Fusion] 球消失超過 1.5 秒，重置 EKF
[05:55:03] [INFO] [1779659703.173607]: [PATROL-ABS] 目標X=+0.45 機器人X=+0.34 誤差=+0.11
[05:55:03] [INFO] [1779659703.184841]: [EKF] 初始化完成，球的初始位置: X=1.509 Y=1.943
[05:55:03] [0m[33m[WARN] [1779659703.216076]: [Fusion] 球消失超過 1.5 秒，重置 EKF
[05:55:03] [INFO] [1779659703.233589]: [EKF] 初始化完成，球的初始位置: X=1.509 Y=1.945
[05:55:03] [0m[33m[WARN] [1779659703.266503]: [Fusion] 球消失超過 1.5 秒，重置 EKF
[05:55:03] [INFO] [1779659703.291447]: [EKF] 初始化完成，球的初始位置: X=1.508 Y=1.943
[05:55:03] [0m[33m[WARN] [1779659703.316346]: [Fusion] 球消失超過 1.5 秒，重置 EKF
[05:55:03] [INFO] [1779659703.351034]: [EKF] 初始化完成，球的初始位置: X=1.514 Y=1.954
[05:55:03] [0m[33m[WARN] [1779659703.365827]: [Fusion] 球消失超過 1.5 秒，重置 EKF
[05:55:03] [INFO] [1779659703.406244]: [EKF] 初始化完成，球的初始位置: X=1.511 Y=1.946
[05:55:03] [0m[33m[WARN] [1779659703.416142]: [Fusion] 球消失超過 1.5 秒，重置 EKF
[05:55:03] [INFO] [1779659703.469885]: [EKF] 初始化完成，球的初始位置: X=1.509 Y=1.943
[05:55:03] [0m[33m[WARN] [1779659703.516361]: [Fusion] 球消失超過 1.5 秒，重置 EKF
[05:55:03] [INFO] [1779659703.524606]: [EKF] 初始化完成，球的初始位置: X=1.507 Y=1.940
[05:55:03] [0m[33m[WARN] [1779659703.565938]: [Fusion] 球消失超過 1.5 秒，重置 EKF
[05:55:03] [INFO] [1779659703.585329]: [EKF] 初始化完成，球的初始位置: X=1.511 Y=1.946
[05:55:03] [0m[33m[WARN] [1779659703.616114]: [Fusion] 球消失超過 1.5 秒，重置 EKF
[05:55:03] [INFO] [1779659703.629834]: [EKF] 初始化完成，球的初始位置: X=1.510 Y=1.944
[05:55:03] [0m[33m[WARN] [1779659703.665220]: [Fusion] 球消失超過 1.5 秒，重置 EKF
[05:55:03] [INFO] [1779659703.678349]: [EKF] 初始化完成，球的初始位置: X=1.508 Y=1.943
[05:55:03] [0m[33m[WARN] [1779659703.715860]: [Fusion] 球消失超過 1.5 秒，重置 EKF
[05:55:03] [INFO] [1779659703.724934]: [EKF] 初始化完成，球的初始位置: X=1.508 Y=1.943
[05:55:03] [0m[33m[WARN] [1779659703.767290]: [Fusion] 球消失超過 1.5 秒，重置 EKF
[05:55:03] [INFO] [1779659703.773942]: [PATROL-ABS] 目標X=-0.45 機器人X=+0.40 誤差=-0.85
[05:55:03] [INFO] [1779659703.783615]: [EKF] 初始化完成，球的初始位置: X=1.510 Y=1.944
[05:55:03] [0m[33m[WARN] [1779659703.815810]: [Fusion] 球消失超過 1.5 秒，重置 EKF
[05:55:03] [INFO] [1779659703.838666]: [EKF] 初始化完成，球的初始位置: X=1.509 Y=1.943
[05:55:03] [0m[33m[WARN] [1779659703.866360]: [Fusion] 球消失超過 1.5 秒，重置 EKF
[05:55:03] [INFO] [1779659703.896474]: [EKF] 初始化完成，球的初始位置: X=1.510 Y=1.946
[05:55:03] [0m[33m[WARN] [1779659703.916290]: [Fusion] 球消失超過 1.5 秒，重置 EKF
[05:55:03] [INFO] [1779659703.937425]: [EKF] 初始化完成，球的初始位置: X=1.512 Y=1.950
[05:55:03] [0m[33m[WARN] [1779659703.965145]: [Fusion] 球消失超過 1.5 秒，重置 EKF
[05:55:03] [INFO] [1779659703.983232]: [EKF] 初始化完成，球的初始位置: X=1.511 Y=1.947
[05:55:03] [0m[33m[WARN] [1779659703.988538]: [Fusion] 球在場外 (1.51, 1.95)，維持巡邏
[05:55:04] [0m[33m[WARN] [1779659704.016319]: [Fusion] 球消失超過 1.5 秒，重置 EKF
[05:55:04] [INFO] [1779659704.023223]: [EKF] 初始化完成，球的初始位置: X=1.507 Y=1.940
[05:55:04] [0m[33m[WARN] [1779659704.065467]: [Fusion] 球消失超過 1.5 秒，重置 EKF
[05:55:04] [INFO] [1779659704.108451]: [EKF] 初始化完成，球的初始位置: X=1.509 Y=1.945
[05:55:04] [0m[33m[WARN] [1779659704.116184]: [Fusion] 球消失超過 1.5 秒，重置 EKF
[05:55:04] [INFO] [1779659704.182095]: [EKF] 初始化完成，球的初始位置: X=1.512 Y=1.952
[05:55:04] [0m[33m[WARN] [1779659704.215995]: [Fusion] 球消失超過 1.5 秒，重置 EKF
[05:55:04] [INFO] [1779659704.259747]: [EKF] 初始化完成，球的初始位置: X=1.511 Y=1.949
[05:55:04] [0m[33m[WARN] [1779659704.267323]: [Fusion] 球消失超過 1.5 秒，重置 EKF
[05:55:04] [INFO] [1779659704.276290]: [PATROL-ABS] 目標X=-0.45 機器人X=+0.31 誤差=-0.76
[05:55:04] [INFO] [1779659704.354028]: [EKF] 初始化完成，球的初始位置: X=1.513 Y=1.953
[05:55:04] [0m[33m[WARN] [1779659704.365869]: [Fusion] 球消失超過 1.5 秒，重置 EKF
[05:55:04] [INFO] [1779659704.456124]: [EKF] 初始化完成，球的初始位置: X=1.508 Y=1.944
[05:55:04] [0m[33m[WARN] [1779659704.466469]: [Fusion] 球消失超過 1.5 秒，重置 EKF
[05:55:04] [INFO] [1779659704.553675]: [EKF] 初始化完成，球的初始位置: X=1.510 Y=1.949
[05:55:04] [0m[33m[WARN] [1779659704.565760]: [Fusion] 球消失超過 1.5 秒，重置 EKF
[05:55:04] [INFO] [1779659704.619665]: [EKF] 初始化完成，球的初始位置: X=1.512 Y=1.950
[05:55:04] [0m[33m[WARN] [1779659704.666121]: [Fusion] 球消失超過 1.5 秒，重置 EKF
[05:55:04] [INFO] [1779659704.716129]: [EKF] 初始化完成，球的初始位置: X=1.510 Y=1.947
[05:55:04] [0m[33m[WARN] [1779659704.718792]: [Fusion] 球消失超過 1.5 秒，重置 EKF
[05:55:04] [INFO] [1779659704.777056]: [EKF] 初始化完成，球的初始位置: X=1.512 Y=1.952
[05:55:04] [0m[33m[WARN] [1779659704.816482]: [Fusion] 球消失超過 1.5 秒，重置 EKF
[05:55:04] [INFO] [1779659704.847764]: [EKF] 初始化完成，球的初始位置: X=1.512 Y=1.951
[05:55:04] [0m[33m[WARN] [1779659704.866962]: [Fusion] 球消失超過 1.5 秒，重置 EKF
[05:55:04] [INFO] [1779659704.876367]: [PATROL-ABS] 目標X=-0.45 機器人X=+0.20 誤差=-0.65
[05:55:04] [INFO] [1779659704.930120]: [EKF] 初始化完成，球的初始位置: X=1.507 Y=1.940
[05:55:04] [0m[33m[WARN] [1779659704.966753]: [Fusion] 球消失超過 1.5 秒，重置 EKF
[05:55:04] [INFO] [1779659704.999736]: [EKF] 初始化完成，球的初始位置: X=1.509 Y=1.946
[05:55:05] [0m[33m[WARN] [1779659705.006015]: [Fusion] 球在場外 (1.51, 1.95)，維持巡邏
[05:55:05] [0m[33m[WARN] [1779659705.016601]: [Fusion] 球消失超過 1.5 秒，重置 EKF
[05:55:05] [INFO] [1779659705.076417]: [EKF] 初始化完成，球的初始位置: X=1.509 Y=1.946
[05:55:05] [0m[33m[WARN] [1779659705.116698]: [Fusion] 球消失超過 1.5 秒，重置 EKF
[05:55:05] [INFO] [1779659705.176044]: [EKF] 初始化完成，球的初始位置: X=1.512 Y=1.952
[05:55:05] [0m[33m[WARN] [1779659705.217315]: [Fusion] 球消失超過 1.5 秒，重置 EKF
[05:55:05] [INFO] [1779659705.243834]: [EKF] 初始化完成，球的初始位置: X=1.511 Y=1.949
[05:55:05] [0m[33m[WARN] [1779659705.265975]: [Fusion] 球消失超過 1.5 秒，重置 EKF
[05:55:05] [INFO] [1779659705.295813]: [EKF] 初始化完成，球的初始位置: X=1.511 Y=1.949
[05:55:05] [0m[33m[WARN] [1779659705.316069]: [Fusion] 球消失超過 1.5 秒，重置 EKF
[05:55:05] [INFO] [1779659705.340890]: [EKF] 初始化完成，球的初始位置: X=1.511 Y=1.950
[05:55:05] [0m[33m[WARN] [1779659705.366411]: [Fusion] 球消失超過 1.5 秒，重置 EKF
[05:55:05] [INFO] [1779659705.400001]: [EKF] 初始化完成，球的初始位置: X=1.511 Y=1.950
[05:55:05] [0m[33m[WARN] [1779659705.416647]: [Fusion] 球消失超過 1.5 秒，重置 EKF
[05:55:05] [INFO] [1779659705.470147]: [EKF] 初始化完成，球的初始位置: X=1.513 Y=1.953
[05:55:05] [INFO] [1779659705.473576]: [PATROL-ABS] 目標X=-0.45 機器人X=+0.09 誤差=-0.54
[05:55:05] [0m[33m[WARN] [1779659705.516734]: [Fusion] 球消失超過 1.5 秒，重置 EKF
[05:55:05] [INFO] [1779659705.540024]: [EKF] 初始化完成，球的初始位置: X=1.513 Y=1.953
[05:55:05] [0m[33m[WARN] [1779659705.566813]: [Fusion] 球消失超過 1.5 秒，重置 EKF
[05:55:05] [INFO] [1779659705.597950]: [EKF] 初始化完成，球的初始位置: X=1.512 Y=1.950
[05:55:05] [0m[33m[WARN] [1779659705.616366]: [Fusion] 球消失超過 1.5 秒，重置 EKF
[05:55:05] [INFO] [1779659705.651925]: [EKF] 初始化完成，球的初始位置: X=1.510 Y=1.946
[05:55:05] [0m[33m[WARN] [1779659705.666456]: [Fusion] 球消失超過 1.5 秒，重置 EKF
[05:55:05] [INFO] [1779659705.705400]: [EKF] 初始化完成，球的初始位置: X=1.508 Y=1.943
[05:55:05] [0m[33m[WARN] [1779659705.715962]: [Fusion] 球消失超過 1.5 秒，重置 EKF
[05:55:05] [INFO] [1779659705.744905]: [EKF] 初始化完成，球的初始位置: X=1.513 Y=1.952
[05:55:05] [0m[33m[WARN] [1779659705.765505]: [Fusion] 球消失超過 1.5 秒，重置 EKF
[05:55:05] [INFO] [1779659705.785449]: [EKF] 初始化完成，球的初始位置: X=1.512 Y=1.950
[05:55:05] [0m[33m[WARN] [1779659705.815938]: [Fusion] 球消失超過 1.5 秒，重置 EKF
[05:55:05] [INFO] [1779659705.833654]: [EKF] 初始化完成，球的初始位置: X=1.511 Y=1.947
[05:55:05] [0m[33m[WARN] [1779659705.865543]: [Fusion] 球消失超過 1.5 秒，重置 EKF
[05:55:05] [INFO] [1779659705.890503]: [EKF] 初始化完成，球的初始位置: X=1.510 Y=1.946
[05:55:05] [0m[33m[WARN] [1779659705.915730]: [Fusion] 球消失超過 1.5 秒，重置 EKF
[05:55:05] [INFO] [1779659705.943540]: [EKF] 初始化完成，球的初始位置: X=1.510 Y=1.946
[05:55:05] [0m[33m[WARN] [1779659705.966680]: [Fusion] 球消失超過 1.5 秒，重置 EKF
[05:55:05] [INFO] [1779659705.974070]: [PATROL-ABS] 目標X=-0.45 機器人X=-0.00 誤差=-0.45
[05:55:05] [INFO] [1779659705.994608]: [EKF] 初始化完成，球的初始位置: X=1.509 Y=1.945
[05:55:06] [0m[33m[WARN] [1779659706.016172]: [Fusion] 球消失超過 1.5 秒，重置 EKF
[05:55:06] [INFO] [1779659706.043990]: [EKF] 初始化完成，球的初始位置: X=1.509 Y=1.945
[05:55:06] [0m[33m[WARN] [1779659706.049244]: [Fusion] 球在場外 (1.51, 1.94)，維持巡邏
[05:55:06] [0m[33m[WARN] [1779659706.066339]: [Fusion] 球消失超過 1.5 秒，重置 EKF
[05:55:06] [INFO] [1779659706.096611]: [EKF] 初始化完成，球的初始位置: X=1.515 Y=1.956
[05:55:06] [0m[33m[WARN] [1779659706.116486]: [Fusion] 球消失超過 1.5 秒，重置 EKF
[05:55:06] [INFO] [1779659706.149714]: [EKF] 初始化完成，球的初始位置: X=1.514 Y=1.952
[05:55:06] [0m[33m[WARN] [1779659706.164907]: [Fusion] 球消失超過 1.5 秒，重置 EKF
[05:55:06] [INFO] [1779659706.201051]: [EKF] 初始化完成，球的初始位置: X=1.514 Y=1.954
[05:55:06] [0m[33m[WARN] [1779659706.216801]: [Fusion] 球消失超過 1.5 秒，重置 EKF
[05:55:06] [INFO] [1779659706.248872]: [EKF] 初始化完成，球的初始位置: X=1.510 Y=1.949
[05:55:06] [0m[33m[WARN] [1779659706.266588]: [Fusion] 球消失超過 1.5 秒，重置 EKF
[05:55:06] [INFO] [1779659706.301523]: [EKF] 初始化完成，球的初始位置: X=1.511 Y=1.949
[05:55:06] [0m[33m[WARN] [1779659706.315766]: [Fusion] 球消失超過 1.5 秒，重置 EKF
[05:55:06] [INFO] [1779659706.376652]: [EKF] 初始化完成，球的初始位置: X=1.512 Y=1.951
[05:55:06] [0m[33m[WARN] [1779659706.415347]: [Fusion] 球消失超過 1.5 秒，重置 EKF
[05:55:06] [INFO] [1779659706.450788]: [EKF] 初始化完成，球的初始位置: X=1.513 Y=1.952
[05:55:06] [0m[33m[WARN] [1779659706.466295]: [Fusion] 球消失超過 1.5 秒，重置 EKF
[05:55:06] [INFO] [1779659706.550059]: [EKF] 初始化完成，球的初始位置: X=1.513 Y=1.952
[05:55:06] [0m[33m[WARN] [1779659706.565912]: [Fusion] 球消失超過 1.5 秒，重置 EKF
[05:55:06] [INFO] [1779659706.573539]: [PATROL-ABS] 目標X=-0.45 機器人X=-0.11 誤差=-0.34
[05:55:06] [INFO] [1779659706.625960]: [EKF] 初始化完成，球的初始位置: X=1.516 Y=1.958
[05:55:06] [0m[33m[WARN] [1779659706.664833]: [Fusion] 球消失超過 1.5 秒，重置 EKF
[05:55:06] [INFO] [1779659706.672617]: [EKF] 初始化完成，球的初始位置: X=1.511 Y=1.950
[05:55:06] [0m[33m[WARN] [1779659706.715887]: [Fusion] 球消失超過 1.5 秒，重置 EKF
[05:55:06] [INFO] [1779659706.746949]: [EKF] 初始化完成，球的初始位置: X=1.517 Y=1.959
[05:55:06] [0m[33m[WARN] [1779659706.766016]: [Fusion] 球消失超過 1.5 秒，重置 EKF
[05:55:06] [INFO] [1779659706.796922]: [EKF] 初始化完成，球的初始位置: X=1.517 Y=1.959
[05:55:06] [0m[33m[WARN] [1779659706.816599]: [Fusion] 球消失超過 1.5 秒，重置 EKF
[05:55:06] [INFO] [1779659706.840813]: [EKF] 初始化完成，球的初始位置: X=1.515 Y=1.956
[05:55:06] [0m[33m[WARN] [1779659706.865978]: [Fusion] 球消失超過 1.5 秒，重置 EKF
[05:55:06] [INFO] [1779659706.885847]: [EKF] 初始化完成，球的初始位置: X=1.514 Y=1.955
[05:55:06] [0m[33m[WARN] [1779659706.915338]: [Fusion] 球消失超過 1.5 秒，重置 EKF
[05:55:06] [INFO] [1779659706.948607]: [EKF] 初始化完成，球的初始位置: X=1.509 Y=1.944
[05:55:06] [0m[33m[WARN] [1779659706.966156]: [Fusion] 球消失超過 1.5 秒，重置 EKF
[05:55:06] [INFO] [1779659706.996918]: [EKF] 初始化完成，球的初始位置: X=1.515 Y=1.956
[05:55:07] [0m[33m[WARN] [1779659707.015601]: [Fusion] 球消失超過 1.5 秒，重置 EKF
[05:55:07] [INFO] [1779659707.046110]: [EKF] 初始化完成，球的初始位置: X=1.514 Y=1.953
[05:55:07] [0m[33m[WARN] [1779659707.051771]: [Fusion] 球在場外 (1.51, 1.95)，維持巡邏
[05:55:07] [0m[33m[WARN] [1779659707.065843]: [Fusion] 球消失超過 1.5 秒，重置 EKF
[05:55:07] [INFO] [1779659707.074181]: [PATROL-ABS] 目標X=-0.45 機器人X=-0.21 誤差=-0.24
[05:55:07] [INFO] [1779659707.091622]: [EKF] 初始化完成，球的初始位置: X=1.514 Y=1.956
[05:55:07] [0m[33m[WARN] [1779659707.115656]: [Fusion] 球消失超過 1.5 秒，重置 EKF
[05:55:07] [INFO] [1779659707.135266]: [EKF] 初始化完成，球的初始位置: X=1.514 Y=1.956
[05:55:07] [0m[33m[WARN] [1779659707.165925]: [Fusion] 球消失超過 1.5 秒，重置 EKF
[05:55:07] [INFO] [1779659707.182322]: [EKF] 初始化完成，球的初始位置: X=1.511 Y=1.949
[05:55:07] [0m[33m[WARN] [1779659707.216053]: [Fusion] 球消失超過 1.5 秒，重置 EKF
[05:55:07] [INFO] [1779659707.234800]: [EKF] 初始化完成，球的初始位置: X=1.511 Y=1.948
[05:55:07] [0m[33m[WARN] [1779659707.265347]: [Fusion] 球消失超過 1.5 秒，重置 EKF
[05:55:07] [INFO] [1779659707.275166]: [EKF] 初始化完成，球的初始位置: X=1.513 Y=1.952
[05:55:07] [0m[33m[WARN] [1779659707.315948]: [Fusion] 球消失超過 1.5 秒，重置 EKF
[05:55:07] [INFO] [1779659707.361600]: [EKF] 初始化完成，球的初始位置: X=1.509 Y=1.944
[05:55:07] [0m[33m[WARN] [1779659707.365314]: [Fusion] 球消失超過 1.5 秒，重置 EKF
[05:55:07] [INFO] [1779659707.413159]: [EKF] 初始化完成，球的初始位置: X=1.509 Y=1.944
[05:55:07] [0m[33m[WARN] [1779659707.415953]: [Fusion] 球消失超過 1.5 秒，重置 EKF
[05:55:07] [INFO] [1779659707.464113]: [EKF] 初始化完成，球的初始位置: X=1.511 Y=1.948
[05:55:07] [0m[33m[WARN] [1779659707.465521]: [Fusion] 球消失超過 1.5 秒，重置 EKF
[05:55:07] [INFO] [1779659707.524807]: [EKF] 初始化完成，球的初始位置: X=1.511 Y=1.948
[05:55:07] [0m[33m[WARN] [1779659707.566715]: [Fusion] 球消失超過 1.5 秒，重置 EKF
[05:55:07] [INFO] [1779659707.611304]: [EKF] 初始化完成，球的初始位置: X=1.509 Y=1.944
[05:55:07] [0m[33m[WARN] [1779659707.617527]: [Fusion] 球消失超過 1.5 秒，重置 EKF
[05:55:07] [INFO] [1779659707.673706]: [PATROL-ABS] 目標X=-0.45 機器人X=-0.32 誤差=-0.13
[05:55:07] [INFO] [1779659707.704364]: [EKF] 初始化完成，球的初始位置: X=1.512 Y=1.950
[05:55:07] [0m[33m[WARN] [1779659707.716624]: [Fusion] 球消失超過 1.5 秒，重置 EKF
[05:55:07] [INFO] [1779659707.771759]: [EKF] 初始化完成，球的初始位置: X=1.513 Y=1.953
[05:55:07] [0m[33m[WARN] [1779659707.815213]: [Fusion] 球消失超過 1.5 秒，重置 EKF
[05:55:07] [INFO] [1779659707.822773]: [EKF] 初始化完成，球的初始位置: X=1.513 Y=1.953
[05:55:07] [0m[33m[WARN] [1779659707.866188]: [Fusion] 球消失超過 1.5 秒，重置 EKF
[05:55:07] [INFO] [1779659707.917347]: [EKF] 初始化完成，球的初始位置: X=1.514 Y=1.954
[05:55:07] [0m[33m[WARN] [1779659707.966613]: [Fusion] 球消失超過 1.5 秒，重置 EKF
[05:55:08] [INFO] [1779659708.273824]: [PATROL-ABS] 目標X=+0.45 機器人X=-0.41 誤差=+0.86
[05:55:08] [INFO] [1779659708.525349]: [EKF] 初始化完成，球的初始位置: X=1.278 Y=1.985
[05:55:08] [0m[33m[WARN] [1779659708.532635]: [Fusion] 球在場外 (1.28, 1.98)，維持巡邏
[05:55:08] [0m[33m[WARN] [1779659708.565477]: [Fusion] 球消失超過 1.5 秒，重置 EKF
[05:55:08] [INFO] [1779659708.580093]: [EKF] 初始化完成，球的初始位置: X=1.253 Y=1.975
[05:55:08] [0m[33m[WARN] [1779659708.617304]: [Fusion] 球消失超過 1.5 秒，重置 EKF
[05:55:08] [INFO] [1779659708.642474]: [EKF] 初始化完成，球的初始位置: X=1.229 Y=1.975
[05:55:08] [0m[33m[WARN] [1779659708.667013]: [Fusion] 球消失超過 1.5 秒，重置 EKF
[05:55:08] [INFO] [1779659708.699932]: [EKF] 初始化完成，球的初始位置: X=1.210 Y=1.973
[05:55:08] [0m[33m[WARN] [1779659708.715409]: [Fusion] 球消失超過 1.5 秒，重置 EKF
[05:55:08] [INFO] [1779659708.741222]: [EKF] 初始化完成，球的初始位置: X=1.183 Y=1.971
[05:55:08] [0m[33m[WARN] [1779659708.765967]: [Fusion] 球消失超過 1.5 秒，重置 EKF
[05:55:08] [INFO] [1779659708.774538]: [PATROL-ABS] 目標X=+0.45 機器人X=-0.35 誤差=+0.80
[05:55:08] [INFO] [1779659708.781254]: [EKF] 初始化完成，球的初始位置: X=1.183 Y=1.971
[05:55:08] [0m[33m[WARN] [1779659708.815356]: [Fusion] 球消失超過 1.5 秒，重置 EKF
[05:55:08] [INFO] [1779659708.828170]: [EKF] 初始化完成，球的初始位置: X=1.135 Y=1.973
[05:55:08] [0m[33m[WARN] [1779659708.866197]: [Fusion] 球消失超過 1.5 秒，重置 EKF
[05:55:08] [INFO] [1779659708.904265]: [EKF] 初始化完成，球的初始位置: X=0.926 Y=1.969
[05:55:08] [INFO] [1779659708.911586]: [TRACK] 球(+0.93, 1.97) v=(+0.00, +0.00) | 機器人X=-0.33 誤差=+0.78 | 速度=+0.22 θ=+0.029
[05:55:09] [INFO] [1779659709.148520]: [TRACK] 球(+0.85, 1.98) v=(-0.15, +0.05) | 機器人X=-0.28 誤差=+0.73 | 速度=+0.22 θ=+0.026
[05:55:09] [INFO] [1779659709.359649]: [TRACK] 球(+0.75, 1.97) v=(-0.32, +0.02) | 機器人X=-0.24 誤差=+0.69 | 速度=+0.22 θ=+0.027
[05:55:09] [INFO] [1779659709.562424]: [TRACK] 球(+0.63, 1.98) v=(-0.42, +0.01) | 機器人X=-0.20 誤差=+0.65 | 速度=+0.22 θ=+0.021
[05:55:09] [INFO] [1779659709.803256]: [TRACK] 球(+0.44, 2.01) v=(-0.56, +0.06) | 機器人X=-0.15 誤差=+0.59 | 速度=+0.22 θ=+0.013
[05:55:10] [INFO] [1779659710.037919]: [TRACK] 球(+0.36, 2.02) v=(-0.49, +0.05) | 機器人X=-0.10 誤差=+0.45 | 速度=+0.22 θ=+0.011
[05:55:10] [INFO] [1779659710.238219]: [TRACK] 球(+0.30, 2.02) v=(-0.44, +0.04) | 機器人X=-0.06 誤差=+0.36 | 速度=+0.22 θ=+0.015
[05:55:10] [INFO] [1779659710.440952]: [TRACK] 球(+0.16, 2.06) v=(-0.50, +0.07) | 機器人X=-0.01 誤差=+0.18 | 速度=+0.22 θ=+0.010
[05:55:10] [INFO] [1779659710.725213]: [TRACK] 球(+0.06, 2.07) v=(-0.46, +0.06) | 機器人X=+0.05 誤差=+0.01 | 速度=+0.00 θ=+0.008
[05:55:10] [INFO] [1779659710.947962]: [TRACK] 球(-0.01, 2.08) v=(-0.42, +0.06) | 機器人X=+0.05 誤差=-0.06 | 速度=-0.12 θ=-0.002
[05:55:11] [INFO] [1779659711.161748]: [TRACK] 球(-0.09, 2.11) v=(-0.40, +0.07) | 機器人X=+0.04 誤差=-0.12 | 速度=-0.22 θ=+0.002
[05:55:11] [INFO] [1779659711.371255]: [TRACK] 球(-0.24, 2.16) v=(-0.48, +0.12) | 機器人X=-0.01 誤差=-0.23 | 速度=-0.22 θ=-0.009
[05:55:11] [INFO] [1779659711.579031]: [TRACK] 球(-0.32, 2.19) v=(-0.45, +0.13) | 機器人X=-0.05 誤差=-0.27 | 速度=-0.22 θ=-0.011
[05:55:11] [INFO] [1779659711.788272]: [TRACK] 球(-0.43, 2.23) v=(-0.48, +0.14) | 機器人X=-0.09 誤差=-0.34 | 速度=-0.22 θ=-0.016
[05:55:12] [INFO] [1779659712.040244]: [TRACK] 球(-0.55, 2.27) v=(-0.48, +0.14) | 機器人X=-0.14 誤差=-0.31 | 速度=-0.22 θ=-0.012
[05:55:12] [INFO] [1779659712.259163]: [TRACK] 球(-0.65, 2.31) v=(-0.47, +0.15) | 機器人X=-0.18 誤差=-0.27 | 速度=-0.22 θ=-0.005
[05:55:12] [INFO] [1779659712.497064]: [TRACK] 球(-0.73, 2.34) v=(-0.44, +0.15) | 機器人X=-0.24 誤差=-0.21 | 速度=-0.22 θ=-0.012
[05:55:12] [INFO] [1779659712.752300]: [TRACK] 球(-0.78, 2.38) v=(-0.37, +0.15) | 機器人X=-0.29 誤差=-0.16 | 速度=-0.22 θ=-0.007
[05:55:12] [INFO] [1779659712.995173]: [TRACK] 球(-0.81, 2.40) v=(-0.31, +0.13) | 機器人X=-0.34 誤差=-0.11 | 速度=-0.22 θ=-0.005
[05:55:13] [INFO] [1779659713.212021]: [TRACK] 球(-0.85, 2.41) v=(-0.27, +0.12) | 機器人X=-0.38 誤差=-0.07 | 速度=-0.14 θ=+0.004
[05:55:13] [INFO] [1779659713.414767]: [TRACK] 球(-0.88, 2.45) v=(-0.25, +0.13) | 機器人X=-0.41 誤差=-0.04 | 速度=-0.09 θ=+0.008
[05:55:13] [INFO] [1779659713.637834]: [TRACK] 球(-0.93, 2.47) v=(-0.24, +0.12) | 機器人X=-0.43 誤差=-0.02 | 速度=+0.00 θ=+0.011
[05:55:13] [INFO] [1779659713.875721]: [TRACK] 球(-0.96, 2.50) v=(-0.21, +0.13) | 機器人X=-0.43 誤差=-0.02 | 速度=+0.00 θ=+0.017
[05:55:14] [INFO] [1779659714.113234]: [TRACK] 球(-0.97, 2.52) v=(-0.17, +0.11) | 機器人X=-0.43 誤差=-0.02 | 速度=+0.00 θ=+0.017
[05:55:14] [INFO] [1779659714.319650]: [TRACK] 球(-1.00, 2.53) v=(-0.16, +0.10) | 機器人X=-0.43 誤差=-0.02 | 速度=+0.00 θ=+0.018
[05:55:14] [0m[33m[WARN] [1779659714.452536]: [Fusion] 球在場外 (-1.00, 2.55)，立即切換至巡邏
[05:55:14] [INFO] [1779659714.473980]: [PATROL-ABS] 目標X=+0.45 機器人X=-0.43 誤差=+0.88
[05:55:14] [0m[33m[WARN] [1779659714.505445]: [Fusion] 球在場外 (-1.00, 2.55)，維持巡邏
[05:55:15] [INFO] [1779659715.074090]: [PATROL-ABS] 目標X=+0.45 機器人X=-0.38 誤差=+0.83
[05:55:15] [0m[33m[WARN] [1779659715.534028]: [Fusion] 球在場外 (-1.06, 2.61)，維持巡邏
[05:55:15] [INFO] [1779659715.673485]: [PATROL-ABS] 目標X=+0.45 機器人X=-0.27 誤差=+0.72
[05:55:15] [0m[33m[WARN] [1779659715.916345]: [Fusion] 球消失超過 1.5 秒，重置 EKF
[05:55:15] [INFO] [1779659715.967364]: [EKF] 初始化完成，球的初始位置: X=-1.076 Y=2.636
[05:55:16] [0m[33m[WARN] [1779659716.016312]: [Fusion] 球消失超過 1.5 秒，重置 EKF
[05:55:16] [INFO] [1779659716.026146]: [EKF] 初始化完成，球的初始位置: X=-1.080 Y=2.646
[05:55:16] [0m[33m[WARN] [1779659716.066478]: [Fusion] 球消失超過 1.5 秒，重置 EKF
[05:55:16] [INFO] [1779659716.086251]: [EKF] 初始化完成，球的初始位置: X=-1.081 Y=2.650
[05:55:16] [0m[33m[WARN] [1779659716.116243]: [Fusion] 球消失超過 1.5 秒，重置 EKF
[05:55:16] [INFO] [1779659716.144719]: [EKF] 初始化完成，球的初始位置: X=-1.082 Y=2.647
[05:55:16] [0m[33m[WARN] [1779659716.166296]: [Fusion] 球消失超過 1.5 秒，重置 EKF
[05:55:16] [INFO] [1779659716.175105]: [PATROL-ABS] 目標X=+0.45 機器人X=-0.18 誤差=+0.63
[05:55:16] [INFO] [1779659716.208185]: [EKF] 初始化完成，球的初始位置: X=-1.082 Y=2.649
[05:55:16] [0m[33m[WARN] [1779659716.217498]: [Fusion] 球消失超過 1.5 秒，重置 EKF
[05:55:16] [INFO] [1779659716.267094]: [EKF] 初始化完成，球的初始位置: X=-1.086 Y=2.662
[05:55:16] [0m[33m[WARN] [1779659716.316132]: [Fusion] 球消失超過 1.5 秒，重置 EKF
[05:55:16] [INFO] [1779659716.344877]: [EKF] 初始化完成，球的初始位置: X=-1.084 Y=2.654
[05:55:16] [0m[33m[WARN] [1779659716.365865]: [Fusion] 球消失超過 1.5 秒，重置 EKF
[05:55:16] [INFO] [1779659716.429514]: [EKF] 初始化完成，球的初始位置: X=-1.086 Y=2.659
[05:55:16] [0m[33m[WARN] [1779659716.465953]: [Fusion] 球消失超過 1.5 秒，重置 EKF
[05:55:16] [INFO] [1779659716.482905]: [EKF] 初始化完成，球的初始位置: X=-1.086 Y=2.659
[05:55:16] [0m[33m[WARN] [1779659716.515696]: [Fusion] 球消失超過 1.5 秒，重置 EKF
[05:55:16] [INFO] [1779659716.524456]: [EKF] 初始化完成，球的初始位置: X=-1.086 Y=2.662
[05:55:16] [0m[33m[WARN] [1779659716.566217]: [Fusion] 球消失超過 1.5 秒，重置 EKF
[05:55:16] [0m[33m[WARN] [1779659716.570060]: [Fusion] 球在場外 (-1.09, 2.66)，維持巡邏
[05:55:16] [INFO] [1779659716.624308]: [EKF] 初始化完成，球的初始位置: X=-1.081 Y=2.660
[05:55:16] [0m[33m[WARN] [1779659716.665753]: [Fusion] 球消失超過 1.5 秒，重置 EKF
[05:55:16] [INFO] [1779659716.690607]: [EKF] 初始化完成，球的初始位置: X=-1.079 Y=2.655
[05:55:16] [0m[33m[WARN] [1779659716.715889]: [Fusion] 球消失超過 1.5 秒，重置 EKF
[05:55:16] [INFO] [1779659716.749739]: [EKF] 初始化完成，球的初始位置: X=-1.076 Y=2.658
[05:55:16] [0m[33m[WARN] [1779659716.767045]: [Fusion] 球消失超過 1.5 秒，重置 EKF
[05:55:16] [INFO] [1779659716.775107]: [PATROL-ABS] 目標X=+0.45 機器人X=-0.07 誤差=+0.52
[05:55:16] [INFO] [1779659716.815285]: [EKF] 初始化完成，球的初始位置: X=-1.076 Y=2.658
[05:55:16] [0m[33m[WARN] [1779659716.817516]: [Fusion] 球消失超過 1.5 秒，重置 EKF
[05:55:16] [INFO] [1779659716.880572]: [EKF] 初始化完成，球的初始位置: X=-1.071 Y=2.648
[05:55:16] [0m[33m[WARN] [1779659716.915756]: [Fusion] 球消失超過 1.5 秒，重置 EKF
[05:55:16] [INFO] [1779659716.938727]: [EKF] 初始化完成，球的初始位置: X=-1.072 Y=2.653
[05:55:16] [0m[33m[WARN] [1779659716.965192]: [Fusion] 球消失超過 1.5 秒，重置 EKF
[05:55:16] [INFO] [1779659716.997201]: [EKF] 初始化完成，球的初始位置: X=-1.072 Y=2.658
[05:55:17] [0m[33m[WARN] [1779659717.015864]: [Fusion] 球消失超過 1.5 秒，重置 EKF
[05:55:17] [INFO] [1779659717.086016]: [EKF] 初始化完成，球的初始位置: X=-1.073 Y=2.671
[05:55:17] [0m[33m[WARN] [1779659717.117158]: [Fusion] 球消失超過 1.5 秒，重置 EKF
[05:55:17] [INFO] [1779659717.191029]: [EKF] 初始化完成，球的初始位置: X=-1.072 Y=2.669
[05:55:17] [0m[33m[WARN] [1779659717.216041]: [Fusion] 球消失超過 1.5 秒，重置 EKF
[05:55:17] [INFO] [1779659717.266789]: [EKF] 初始化完成，球的初始位置: X=-1.069 Y=2.664
[05:55:17] [INFO] [1779659717.275446]: [PATROL-ABS] 目標X=+0.45 機器人X=+0.02 誤差=+0.43
[05:55:17] [0m[33m[WARN] [1779659717.315782]: [Fusion] 球消失超過 1.5 秒，重置 EKF
[05:55:17] [INFO] [1779659717.328160]: [EKF] 初始化完成，球的初始位置: X=-1.069 Y=2.671
[05:55:17] [0m[33m[WARN] [1779659717.365880]: [Fusion] 球消失超過 1.5 秒，重置 EKF
[05:55:17] [INFO] [1779659717.387142]: [EKF] 初始化完成，球的初始位置: X=-1.069 Y=2.671
[05:55:17] [0m[33m[WARN] [1779659717.416551]: [Fusion] 球消失超過 1.5 秒，重置 EKF
[05:55:17] [INFO] [1779659717.445400]: [EKF] 初始化完成，球的初始位置: X=-1.064 Y=2.664
[05:55:17] [0m[33m[WARN] [1779659717.465332]: [Fusion] 球消失超過 1.5 秒，重置 EKF
[05:55:17] [INFO] [1779659717.487874]: [EKF] 初始化完成，球的初始位置: X=-1.070 Y=2.672
[05:55:17] [0m[33m[WARN] [1779659717.516100]: [Fusion] 球消失超過 1.5 秒，重置 EKF
[05:55:17] [INFO] [1779659717.530986]: [EKF] 初始化完成，球的初始位置: X=-1.072 Y=2.670
[05:55:17] [0m[33m[WARN] [1779659717.565103]: [Fusion] 球消失超過 1.5 秒，重置 EKF
[05:55:17] [INFO] [1779659717.594289]: [EKF] 初始化完成，球的初始位置: X=-1.071 Y=2.670
[05:55:17] [0m[33m[WARN] [1779659717.600178]: [Fusion] 球在場外 (-1.07, 2.67)，維持巡邏
[05:55:17] [0m[33m[WARN] [1779659717.615594]: [Fusion] 球消失超過 1.5 秒，重置 EKF
[05:55:17] [INFO] [1779659717.671991]: [EKF] 初始化完成，球的初始位置: X=-1.071 Y=2.670
[05:55:17] [0m[33m[WARN] [1779659717.716541]: [Fusion] 球消失超過 1.5 秒，重置 EKF
[05:55:17] [INFO] [1779659717.753895]: [EKF] 初始化完成，球的初始位置: X=-1.071 Y=2.671
[05:55:17] [0m[33m[WARN] [1779659717.765402]: [Fusion] 球消失超過 1.5 秒，重置 EKF
[05:55:17] [INFO] [1779659717.822469]: [EKF] 初始化完成，球的初始位置: X=-1.071 Y=2.674
[05:55:17] [0m[33m[WARN] [1779659717.865413]: [Fusion] 球消失超過 1.5 秒，重置 EKF
[05:55:17] [INFO] [1779659717.873563]: [PATROL-ABS] 目標X=+0.45 機器人X=+0.14 誤差=+0.31
[05:55:17] [INFO] [1779659717.891765]: [EKF] 初始化完成，球的初始位置: X=-1.071 Y=2.674
[05:55:17] [0m[33m[WARN] [1779659717.915986]: [Fusion] 球消失超過 1.5 秒，重置 EKF
[05:55:17] [INFO] [1779659717.956908]: [EKF] 初始化完成，球的初始位置: X=-1.070 Y=2.673
[05:55:17] [0m[33m[WARN] [1779659717.966106]: [Fusion] 球消失超過 1.5 秒，重置 EKF
[05:55:18] [INFO] [1779659718.005642]: [EKF] 初始化完成，球的初始位置: X=-1.069 Y=2.673
[05:55:18] [0m[33m[WARN] [1779659718.015760]: [Fusion] 球消失超過 1.5 秒，重置 EKF
[05:55:18] [INFO] [1779659718.058089]: [EKF] 初始化完成，球的初始位置: X=-1.068 Y=2.668
[05:55:18] [0m[33m[WARN] [1779659718.064943]: [Fusion] 球消失超過 1.5 秒，重置 EKF
[05:55:18] [INFO] [1779659718.108500]: [EKF] 初始化完成，球的初始位置: X=-1.070 Y=2.672
[05:55:18] [0m[33m[WARN] [1779659718.114959]: [Fusion] 球消失超過 1.5 秒，重置 EKF
[05:55:18] [INFO] [1779659718.155318]: [EKF] 初始化完成，球的初始位置: X=-1.070 Y=2.673
[05:55:18] [0m[33m[WARN] [1779659718.165243]: [Fusion] 球消失超過 1.5 秒，重置 EKF
[05:55:18] [INFO] [1779659718.213876]: [EKF] 初始化完成，球的初始位置: X=-1.070 Y=2.673
[05:55:18] [0m[33m[WARN] [1779659718.215525]: [Fusion] 球消失超過 1.5 秒，重置 EKF
[05:55:18] [INFO] [1779659718.284885]: [EKF] 初始化完成，球的初始位置: X=-1.069 Y=2.672
[05:55:18] [0m[33m[WARN] [1779659718.315902]: [Fusion] 球消失超過 1.5 秒，重置 EKF
[05:55:18] [INFO] [1779659718.335952]: [EKF] 初始化完成，球的初始位置: X=-1.070 Y=2.671
[05:55:18] [0m[33m[WARN] [1779659718.364598]: [Fusion] 球消失超過 1.5 秒，重置 EKF
[05:55:18] [INFO] [1779659718.408587]: [EKF] 初始化完成，球的初始位置: X=-1.070 Y=2.670
[05:55:18] [0m[33m[WARN] [1779659718.415572]: [Fusion] 球消失超過 1.5 秒，重置 EKF
[05:55:18] [INFO] [1779659718.473789]: [PATROL-ABS] 目標X=+0.45 機器人X=+0.25 誤差=+0.20
[05:55:18] [INFO] [1779659718.477282]: [EKF] 初始化完成，球的初始位置: X=-1.071 Y=2.676
[05:55:18] [0m[33m[WARN] [1779659718.516021]: [Fusion] 球消失超過 1.5 秒，重置 EKF
[05:55:18] [INFO] [1779659718.555779]: [EKF] 初始化完成，球的初始位置: X=-1.071 Y=2.676
[05:55:18] [0m[33m[WARN] [1779659718.565660]: [Fusion] 球消失超過 1.5 秒，重置 EKF
[05:55:18] [INFO] [1779659718.620772]: [EKF] 初始化完成，球的初始位置: X=-1.068 Y=2.666
[05:55:18] [0m[33m[WARN] [1779659718.627592]: [Fusion] 球在場外 (-1.07, 2.67)，維持巡邏
[05:55:18] [0m[33m[WARN] [1779659718.665039]: [Fusion] 球消失超過 1.5 秒，重置 EKF
[05:55:18] [INFO] [1779659718.697414]: [EKF] 初始化完成，球的初始位置: X=-1.067 Y=2.669
[05:55:18] [0m[33m[WARN] [1779659718.716261]: [Fusion] 球消失超過 1.5 秒，重置 EKF
[05:55:18] [INFO] [1779659718.749443]: [EKF] 初始化完成，球的初始位置: X=-1.068 Y=2.670
[05:55:18] [0m[33m[WARN] [1779659718.765501]: [Fusion] 球消失超過 1.5 秒，重置 EKF
[05:55:18] [INFO] [1779659718.802928]: [EKF] 初始化完成，球的初始位置: X=-1.068 Y=2.670
[05:55:18] [0m[33m[WARN] [1779659718.818901]: [Fusion] 球消失超過 1.5 秒，重置 EKF
[05:55:18] [INFO] [1779659718.880836]: [EKF] 初始化完成，球的初始位置: X=-1.068 Y=2.674
[05:55:18] [0m[33m[WARN] [1779659718.915548]: [Fusion] 球消失超過 1.5 秒，重置 EKF
[05:55:18] [INFO] [1779659718.955593]: [EKF] 初始化完成，球的初始位置: X=-1.067 Y=2.666
[05:55:18] [0m[33m[WARN] [1779659718.966359]: [Fusion] 球消失超過 1.5 秒，重置 EKF
[05:55:19] [INFO] [1779659719.028703]: [EKF] 初始化完成，球的初始位置: X=-1.070 Y=2.673
[05:55:19] [0m[33m[WARN] [1779659719.065269]: [Fusion] 球消失超過 1.5 秒，重置 EKF
[05:55:19] [INFO] [1779659719.073595]: [PATROL-ABS] 目標X=+0.45 機器人X=+0.36 誤差=+0.09
[05:55:19] [INFO] [1779659719.105160]: [EKF] 初始化完成，球的初始位置: X=-1.066 Y=2.671
[05:55:19] [0m[33m[WARN] [1779659719.116986]: [Fusion] 球消失超過 1.5 秒，重置 EKF
[05:55:19] [INFO] [1779659719.184481]: [EKF] 初始化完成，球的初始位置: X=-1.071 Y=2.677
[05:55:19] [0m[33m[WARN] [1779659719.215539]: [Fusion] 球消失超過 1.5 秒，重置 EKF
[05:55:19] [INFO] [1779659719.255080]: [EKF] 初始化完成，球的初始位置: X=-1.069 Y=2.669
[05:55:19] [0m[33m[WARN] [1779659719.265078]: [Fusion] 球消失超過 1.5 秒，重置 EKF
[05:55:19] [INFO] [1779659719.309347]: [EKF] 初始化完成，球的初始位置: X=-1.066 Y=2.666
[05:55:19] [0m[33m[WARN] [1779659719.315319]: [Fusion] 球消失超過 1.5 秒，重置 EKF
[05:55:19] [INFO] [1779659719.375261]: [EKF] 初始化完成，球的初始位置: X=-1.066 Y=2.666
[05:55:19] [0m[33m[WARN] [1779659719.415306]: [Fusion] 球消失超過 1.5 秒，重置 EKF
[05:55:19] [INFO] [1779659719.443276]: [EKF] 初始化完成，球的初始位置: X=-1.068 Y=2.669
[05:55:19] [0m[33m[WARN] [1779659719.465158]: [Fusion] 球消失超過 1.5 秒，重置 EKF
[05:55:19] [INFO] [1779659719.504040]: [EKF] 初始化完成，球的初始位置: X=-1.066 Y=2.665
[05:55:19] [0m[33m[WARN] [1779659719.515546]: [Fusion] 球消失超過 1.5 秒，重置 EKF
[05:55:19] [INFO] [1779659719.553996]: [EKF] 初始化完成，球的初始位置: X=-1.066 Y=2.671
[05:55:19] [0m[33m[WARN] [1779659719.565275]: [Fusion] 球消失超過 1.5 秒，重置 EKF
[05:55:19] [INFO] [1779659719.623563]: [EKF] 初始化完成，球的初始位置: X=-1.069 Y=2.672
[05:55:19] [0m[33m[WARN] [1779659719.628691]: [Fusion] 球在場外 (-1.07, 2.67)，維持巡邏
[05:55:19] [0m[33m[WARN] [1779659719.665690]: [Fusion] 球消失超過 1.5 秒，重置 EKF
[05:55:19] [INFO] [1779659719.673555]: [PATROL-ABS] 目標X=-0.45 機器人X=+0.38 誤差=-0.83
[05:55:19] [INFO] [1779659719.709991]: [EKF] 初始化完成，球的初始位置: X=-1.070 Y=2.675
[05:55:19] [0m[33m[WARN] [1779659719.716348]: [Fusion] 球消失超過 1.5 秒，重置 EKF
[05:55:19] [INFO] [1779659719.806095]: [EKF] 初始化完成，球的初始位置: X=-1.067 Y=2.666
[05:55:19] [0m[33m[WARN] [1779659719.815855]: [Fusion] 球消失超過 1.5 秒，重置 EKF
[05:55:19] [INFO] [1779659719.912668]: [EKF] 初始化完成，球的初始位置: X=-1.068 Y=2.666
[05:55:19] [0m[33m[WARN] [1779659719.915874]: [Fusion] 球消失超過 1.5 秒，重置 EKF
[05:55:20] [INFO] [1779659720.009673]: [EKF] 初始化完成，球的初始位置: X=-1.069 Y=2.679
[05:55:20] [0m[33m[WARN] [1779659720.016824]: [Fusion] 球消失超過 1.5 秒，重置 EKF
[05:55:20] [INFO] [1779659720.099536]: [EKF] 初始化完成，球的初始位置: X=-1.070 Y=2.674
[05:55:20] [0m[33m[WARN] [1779659720.115268]: [Fusion] 球消失超過 1.5 秒，重置 EKF
[05:55:20] [INFO] [1779659720.168983]: [EKF] 初始化完成，球的初始位置: X=-1.070 Y=2.670
[05:55:20] [INFO] [1779659720.173743]: [PATROL-ABS] 目標X=-0.45 機器人X=+0.29 誤差=-0.74
[05:55:20] [0m[33m[WARN] [1779659720.216151]: [Fusion] 球消失超過 1.5 秒，重置 EKF
[05:55:20] [INFO] [1779659720.251480]: [EKF] 初始化完成，球的初始位置: X=-1.069 Y=2.671
[05:55:20] [0m[33m[WARN] [1779659720.266346]: [Fusion] 球消失超過 1.5 秒，重置 EKF
[05:55:20] [INFO] [1779659720.337700]: [EKF] 初始化完成，球的初始位置: X=-1.069 Y=2.671
[05:55:20] [0m[33m[WARN] [1779659720.365673]: [Fusion] 球消失超過 1.5 秒，重置 EKF
[05:55:20] [INFO] [1779659720.386342]: [EKF] 初始化完成，球的初始位置: X=-1.066 Y=2.661
[05:55:20] [0m[33m[WARN] [1779659720.415401]: [Fusion] 球消失超過 1.5 秒，重置 EKF
[05:55:20] [INFO] [1779659720.469864]: [EKF] 初始化完成，球的初始位置: X=-1.068 Y=2.666
[05:55:20] [0m[33m[WARN] [1779659720.516475]: [Fusion] 球消失超過 1.5 秒，重置 EKF
[05:55:20] [INFO] [1779659720.531992]: [EKF] 初始化完成，球的初始位置: X=-1.070 Y=2.674
[05:55:20] [0m[33m[WARN] [1779659720.566988]: [Fusion] 球消失超過 1.5 秒，重置 EKF
[05:55:20] [INFO] [1779659720.609108]: [EKF] 初始化完成，球的初始位置: X=-1.070 Y=2.674
[05:55:20] [0m[33m[WARN] [1779659720.615868]: [Fusion] 球消失超過 1.5 秒，重置 EKF
[05:55:20] [INFO] [1779659720.670301]: [EKF] 初始化完成，球的初始位置: X=-1.070 Y=2.672
[05:55:20] [INFO] [1779659720.675516]: [PATROL-ABS] 目標X=-0.45 機器人X=+0.20 誤差=-0.65
[05:55:20] [0m[33m[WARN] [1779659720.677208]: [Fusion] 球在場外 (-1.07, 2.67)，維持巡邏
[05:55:20] [0m[33m[WARN] [1779659720.714564]: [Fusion] 球消失超過 1.5 秒，重置 EKF
[05:55:20] [INFO] [1779659720.732364]: [EKF] 初始化完成，球的初始位置: X=-1.069 Y=2.669
[05:55:20] [0m[33m[WARN] [1779659720.764637]: [Fusion] 球消失超過 1.5 秒，重置 EKF
[05:55:20] [INFO] [1779659720.793982]: [EKF] 初始化完成，球的初始位置: X=-1.069 Y=2.671
[05:55:20] [0m[33m[WARN] [1779659720.815562]: [Fusion] 球消失超過 1.5 秒，重置 EKF
[05:55:20] [INFO] [1779659720.868460]: [EKF] 初始化完成，球的初始位置: X=-1.070 Y=2.674
[05:55:20] [0m[33m[WARN] [1779659720.915168]: [Fusion] 球消失超過 1.5 秒，重置 EKF
[05:55:20] [INFO] [1779659720.947624]: [EKF] 初始化完成，球的初始位置: X=-1.068 Y=2.674
[05:55:20] [0m[33m[WARN] [1779659720.965341]: [Fusion] 球消失超過 1.5 秒，重置 EKF
[05:55:21] [INFO] [1779659721.020555]: [EKF] 初始化完成，球的初始位置: X=-1.069 Y=2.669
[05:55:21] [0m[33m[WARN] [1779659721.065249]: [Fusion] 球消失超過 1.5 秒，重置 EKF
[05:55:21] [INFO] [1779659721.102549]: [EKF] 初始化完成，球的初始位置: X=-1.069 Y=2.669
[05:55:21] [0m[33m[WARN] [1779659721.115803]: [Fusion] 球消失超過 1.5 秒，重置 EKF
[05:55:21] [INFO] [1779659721.170295]: [EKF] 初始化完成，球的初始位置: X=-1.068 Y=2.666
[05:55:21] [0m[33m[WARN] [1779659721.215246]: [Fusion] 球消失超過 1.5 秒，重置 EKF
[05:55:21] [INFO] [1779659721.225935]: [EKF] 初始化完成，球的初始位置: X=-1.067 Y=2.674
[05:55:21] [0m[33m[WARN] [1779659721.265288]: [Fusion] 球消失超過 1.5 秒，重置 EKF
[05:55:21] [INFO] [1779659721.273927]: [PATROL-ABS] 目標X=-0.45 機器人X=+0.09 誤差=-0.54
[05:55:21] [INFO] [1779659721.307335]: [EKF] 初始化完成，球的初始位置: X=-1.067 Y=2.674
[05:55:21] [0m[33m[WARN] [1779659721.315614]: [Fusion] 球消失超過 1.5 秒，重置 EKF
[05:55:21] [INFO] [1779659721.373849]: [EKF] 初始化完成，球的初始位置: X=-1.071 Y=2.674
[05:55:21] [0m[33m[WARN] [1779659721.416829]: [Fusion] 球消失超過 1.5 秒，重置 EKF
[05:55:21] [INFO] [1779659721.490748]: [EKF] 初始化完成，球的初始位置: X=-1.068 Y=2.669
[05:55:21] [0m[33m[WARN] [1779659721.515151]: [Fusion] 球消失超過 1.5 秒，重置 EKF
[05:55:21] [INFO] [1779659721.556930]: [EKF] 初始化完成，球的初始位置: X=-1.069 Y=2.670
[05:55:21] [0m[33m[WARN] [1779659721.564979]: [Fusion] 球消失超過 1.5 秒，重置 EKF
[05:55:21] [INFO] [1779659721.623688]: [EKF] 初始化完成，球的初始位置: X=-1.069 Y=2.670
[05:55:21] [0m[33m[WARN] [1779659721.666809]: [Fusion] 球消失超過 1.5 秒，重置 EKF
[05:55:21] [INFO] [1779659721.696890]: [EKF] 初始化完成，球的初始位置: X=-1.069 Y=2.668
[05:55:21] [0m[33m[WARN] [1779659721.703635]: [Fusion] 球在場外 (-1.07, 2.67)，維持巡邏
[05:55:21] [0m[33m[WARN] [1779659721.715449]: [Fusion] 球消失超過 1.5 秒，重置 EKF
[05:55:21] [INFO] [1779659721.766161]: [EKF] 初始化完成，球的初始位置: X=-1.067 Y=2.669
[05:55:21] [0m[33m[WARN] [1779659721.768861]: [Fusion] 球消失超過 1.5 秒，重置 EKF
[05:55:21] [INFO] [1779659721.775568]: [PATROL-ABS] 目標X=-0.45 機器人X=-0.00 誤差=-0.45
[05:55:21] [INFO] [1779659721.833131]: [EKF] 初始化完成，球的初始位置: X=-1.070 Y=2.671
[05:55:21] [0m[33m[WARN] [1779659721.865067]: [Fusion] 球消失超過 1.5 秒，重置 EKF
[05:55:21] [INFO] [1779659721.897252]: [EKF] 初始化完成，球的初始位置: X=-1.070 Y=2.671
[05:55:21] [0m[33m[WARN] [1779659721.916064]: [Fusion] 球消失超過 1.5 秒，重置 EKF
[05:55:21] [INFO] [1779659721.953194]: [EKF] 初始化完成，球的初始位置: X=-1.069 Y=2.666
[05:55:21] [0m[33m[WARN] [1779659721.966045]: [Fusion] 球消失超過 1.5 秒，重置 EKF
[05:55:22] [INFO] [1779659722.008734]: [EKF] 初始化完成，球的初始位置: X=-1.068 Y=2.671
[05:55:22] [0m[33m[WARN] [1779659722.015835]: [Fusion] 球消失超過 1.5 秒，重置 EKF
[05:55:22] [INFO] [1779659722.056243]: [EKF] 初始化完成，球的初始位置: X=-1.069 Y=2.669
[05:55:22] [0m[33m[WARN] [1779659722.066318]: [Fusion] 球消失超過 1.5 秒，重置 EKF
[05:55:22] [INFO] [1779659722.119195]: [EKF] 初始化完成，球的初始位置: X=-1.069 Y=2.673
[05:55:22] [0m[33m[WARN] [1779659722.164985]: [Fusion] 球消失超過 1.5 秒，重置 EKF
[05:55:22] [INFO] [1779659722.177235]: [EKF] 初始化完成，球的初始位置: X=-1.069 Y=2.669
[05:55:22] [0m[33m[WARN] [1779659722.215828]: [Fusion] 球消失超過 1.5 秒，重置 EKF
[05:55:22] [INFO] [1779659722.256694]: [EKF] 初始化完成，球的初始位置: X=-1.066 Y=2.664
[05:55:22] [0m[33m[WARN] [1779659722.265144]: [Fusion] 球消失超過 1.5 秒，重置 EKF
[05:55:22] [INFO] [1779659722.324293]: [EKF] 初始化完成，球的初始位置: X=-1.071 Y=2.676
[05:55:22] [0m[33m[WARN] [1779659722.365495]: [Fusion] 球消失超過 1.5 秒，重置 EKF
[05:55:22] [INFO] [1779659722.373611]: [PATROL-ABS] 目標X=-0.45 機器人X=-0.11 誤差=-0.34
[05:55:22] [INFO] [1779659722.390193]: [EKF] 初始化完成，球的初始位置: X=-1.071 Y=2.676
[05:55:22] [0m[33m[WARN] [1779659722.415446]: [Fusion] 球消失超過 1.5 秒，重置 EKF
[05:55:22] [INFO] [1779659722.460401]: [EKF] 初始化完成，球的初始位置: X=-1.069 Y=2.672
[05:55:22] [0m[33m[WARN] [1779659722.465740]: [Fusion] 球消失超過 1.5 秒，重置 EKF
[05:55:22] [INFO] [1779659722.524476]: [EKF] 初始化完成，球的初始位置: X=-1.070 Y=2.674
[05:55:22] [0m[33m[WARN] [1779659722.565639]: [Fusion] 球消失超過 1.5 秒，重置 EKF
[05:55:22] [INFO] [1779659722.649933]: [EKF] 初始化完成，球的初始位置: X=-1.070 Y=2.674
[05:55:22] [0m[33m[WARN] [1779659722.665997]: [Fusion] 球消失超過 1.5 秒，重置 EKF
[05:55:22] [INFO] [1779659722.723913]: [EKF] 初始化完成，球的初始位置: X=-1.070 Y=2.672
[05:55:22] [0m[33m[WARN] [1779659722.730079]: [Fusion] 球在場外 (-1.07, 2.67)，維持巡邏
[05:55:22] [0m[33m[WARN] [1779659722.765352]: [Fusion] 球消失超過 1.5 秒，重置 EKF
[05:55:22] [INFO] [1779659722.822402]: [EKF] 初始化完成，球的初始位置: X=-1.069 Y=2.674
[05:55:22] [0m[33m[WARN] [1779659722.866502]: [Fusion] 球消失超過 1.5 秒，重置 EKF
[05:55:22] [INFO] [1779659722.876226]: [PATROL-ABS] 目標X=-0.45 機器人X=-0.21 誤差=-0.24
[05:55:22] [INFO] [1779659722.913014]: [EKF] 初始化完成，球的初始位置: X=-1.073 Y=2.683
[05:55:22] [0m[33m[WARN] [1779659722.916646]: [Fusion] 球消失超過 1.5 秒，重置 EKF
[05:55:23] [INFO] [1779659723.004535]: [EKF] 初始化完成，球的初始位置: X=-1.068 Y=2.672
[05:55:23] [0m[33m[WARN] [1779659723.016216]: [Fusion] 球消失超過 1.5 秒，重置 EKF
[05:55:23] [INFO] [1779659723.094506]: [EKF] 初始化完成，球的初始位置: X=-1.070 Y=2.674
[05:55:23] [0m[33m[WARN] [1779659723.116266]: [Fusion] 球消失超過 1.5 秒，重置 EKF
[05:55:23] [INFO] [1779659723.203732]: [EKF] 初始化完成，球的初始位置: X=-1.069 Y=2.673
[05:55:23] [0m[33m[WARN] [1779659723.216785]: [Fusion] 球消失超過 1.5 秒，重置 EKF
[05:55:23] [INFO] [1779659723.287695]: [EKF] 初始化完成，球的初始位置: X=-1.068 Y=2.670
[05:55:23] [0m[33m[WARN] [1779659723.316326]: [Fusion] 球消失超過 1.5 秒，重置 EKF
[05:55:23] [INFO] [1779659723.357237]: [EKF] 初始化完成，球的初始位置: X=-1.068 Y=2.670
[05:55:23] [0m[33m[WARN] [1779659723.366228]: [Fusion] 球消失超過 1.5 秒，重置 EKF
[05:55:23] [INFO] [1779659723.439522]: [EKF] 初始化完成，球的初始位置: X=-1.071 Y=2.677
[05:55:23] [0m[33m[WARN] [1779659723.466644]: [Fusion] 球消失超過 1.5 秒，重置 EKF
[05:55:23] [INFO] [1779659723.473426]: [PATROL-ABS] 目標X=-0.45 機器人X=-0.32 誤差=-0.13
[05:55:23] [INFO] [1779659723.531056]: [EKF] 初始化完成，球的初始位置: X=-1.070 Y=2.671
[05:55:23] [0m[33m[WARN] [1779659723.566955]: [Fusion] 球消失超過 1.5 秒，重置 EKF
[05:55:23] [INFO] [1779659723.627589]: [EKF] 初始化完成，球的初始位置: X=-1.068 Y=2.673
[05:55:23] [0m[33m[WARN] [1779659723.665524]: [Fusion] 球消失超過 1.5 秒，重置 EKF
[05:55:23] [INFO] [1779659723.700900]: [EKF] 初始化完成，球的初始位置: X=-1.070 Y=2.674
[05:55:23] [0m[33m[WARN] [1779659723.715578]: [Fusion] 球消失超過 1.5 秒，重置 EKF
[05:55:23] [INFO] [1779659723.748796]: [EKF] 初始化完成，球的初始位置: X=-1.067 Y=2.663
[05:55:23] [0m[33m[WARN] [1779659723.755645]: [Fusion] 球在場外 (-1.07, 2.66)，維持巡邏
[05:55:23] [0m[33m[WARN] [1779659723.765286]: [Fusion] 球消失超過 1.5 秒，重置 EKF
[05:55:23] [INFO] [1779659723.811476]: [EKF] 初始化完成，球的初始位置: X=-1.067 Y=2.663
[05:55:23] [0m[33m[WARN] [1779659723.816094]: [Fusion] 球消失超過 1.5 秒，重置 EKF
[05:55:23] [INFO] [1779659723.883368]: [EKF] 初始化完成，球的初始位置: X=-1.070 Y=2.676
[05:55:23] [0m[33m[WARN] [1779659723.915049]: [Fusion] 球消失超過 1.5 秒，重置 EKF
[05:55:23] [INFO] [1779659723.934886]: [EKF] 初始化完成，球的初始位置: X=-1.068 Y=2.667
[05:55:23] [0m[33m[WARN] [1779659723.965321]: [Fusion] 球消失超過 1.5 秒，重置 EKF
[05:55:23] [INFO] [1779659723.997042]: [EKF] 初始化完成，球的初始位置: X=-1.068 Y=2.667
[05:55:24] [0m[33m[WARN] [1779659724.016344]: [Fusion] 球消失超過 1.5 秒，重置 EKF
[05:55:24] [INFO] [1779659724.060964]: [EKF] 初始化完成，球的初始位置: X=-1.069 Y=2.672
[05:55:24] [0m[33m[WARN] [1779659724.068127]: [Fusion] 球消失超過 1.5 秒，重置 EKF
[05:55:24] [INFO] [1779659724.073612]: [PATROL-ABS] 目標X=+0.45 機器人X=-0.41 誤差=+0.86
[05:55:24] [INFO] [1779659724.101287]: [EKF] 初始化完成，球的初始位置: X=-1.069 Y=2.668
[05:55:24] [0m[33m[WARN] [1779659724.116575]: [Fusion] 球消失超過 1.5 秒，重置 EKF
[05:55:24] [INFO] [1779659724.166854]: [EKF] 初始化完成，球的初始位置: X=-1.067 Y=2.664
[05:55:24] [0m[33m[WARN] [1779659724.216448]: [Fusion] 球消失超過 1.5 秒，重置 EKF
[05:55:24] [INFO] [1779659724.238868]: [EKF] 初始化完成，球的初始位置: X=-1.069 Y=2.673
[05:55:24] [0m[33m[WARN] [1779659724.265399]: [Fusion] 球消失超過 1.5 秒，重置 EKF
[05:55:24] [INFO] [1779659724.314938]: [EKF] 初始化完成，球的初始位置: X=-1.069 Y=2.672
[05:55:24] [0m[33m[WARN] [1779659724.317215]: [Fusion] 球消失超過 1.5 秒，重置 EKF
[05:55:24] [INFO] [1779659724.387833]: [EKF] 初始化完成，球的初始位置: X=-1.069 Y=2.672
[05:55:24] [0m[33m[WARN] [1779659724.415907]: [Fusion] 球消失超過 1.5 秒，重置 EKF
[05:55:24] [INFO] [1779659724.455265]: [EKF] 初始化完成，球的初始位置: X=-1.069 Y=2.672
[05:55:24] [0m[33m[WARN] [1779659724.466083]: [Fusion] 球消失超過 1.5 秒，重置 EKF
[05:55:24] [INFO] [1779659724.527144]: [EKF] 初始化完成，球的初始位置: X=-1.071 Y=2.674
[05:55:24] [0m[33m[WARN] [1779659724.567173]: [Fusion] 球消失超過 1.5 秒，重置 EKF
[05:55:24] [INFO] [1779659724.575212]: [PATROL-ABS] 目標X=+0.45 機器人X=-0.35 誤差=+0.80
[05:55:24] [INFO] [1779659724.589484]: [EKF] 初始化完成，球的初始位置: X=-1.068 Y=2.663
[05:55:24] [0m[33m[WARN] [1779659724.615837]: [Fusion] 球消失超過 1.5 秒，重置 EKF
[05:55:24] [INFO] [1779659724.657647]: [EKF] 初始化完成，球的初始位置: X=-1.070 Y=2.673
[05:55:24] [0m[33m[WARN] [1779659724.816558]: [Fusion] 球消失超過 1.5 秒，重置 EKF
[05:55:24] [INFO] [1779659724.884722]: [EKF] 初始化完成，球的初始位置: X=-1.068 Y=2.666
[05:55:24] [0m[33m[WARN] [1779659724.890589]: [Fusion] 球在場外 (-1.07, 2.67)，維持巡邏
[05:55:24] [0m[33m[WARN] [1779659724.916297]: [Fusion] 球消失超過 1.5 秒，重置 EKF
[05:55:24] [INFO] [1779659724.959560]: [EKF] 初始化完成，球的初始位置: X=-1.068 Y=2.666
[05:55:24] [0m[33m[WARN] [1779659724.966236]: [Fusion] 球消失超過 1.5 秒，重置 EKF
[05:55:25] [INFO] [1779659725.020250]: [EKF] 初始化完成，球的初始位置: X=-1.068 Y=2.666
[05:55:25] [0m[33m[WARN] [1779659725.066024]: [Fusion] 球消失超過 1.5 秒，重置 EKF
[05:55:25] [INFO] [1779659725.094312]: [EKF] 初始化完成，球的初始位置: X=-1.071 Y=2.676
[05:55:25] [0m[33m[WARN] [1779659725.116349]: [Fusion] 球消失超過 1.5 秒，重置 EKF
[05:55:25] [INFO] [1779659725.169356]: [EKF] 初始化完成，球的初始位置: X=-1.069 Y=2.673
[05:55:25] [INFO] [1779659725.173529]: [PATROL-ABS] 目標X=+0.45 機器人X=-0.24 誤差=+0.69
[05:55:25] [0m[33m[WARN] [1779659725.315673]: [Fusion] 球消失超過 1.5 秒，重置 EKF
[05:55:25] [INFO] [1779659725.332845]: [EKF] 初始化完成，球的初始位置: X=-1.072 Y=2.678
[05:55:25] [0m[33m[WARN] [1779659725.365275]: [Fusion] 球消失超過 1.5 秒，重置 EKF
[05:55:25] [INFO] [1779659725.406180]: [EKF] 初始化完成，球的初始位置: X=-1.068 Y=2.669
[05:55:25] [0m[33m[WARN] [1779659725.416644]: [Fusion] 球消失超過 1.5 秒，重置 EKF
[05:55:25] [INFO] [1779659725.472455]: [EKF] 初始化完成，球的初始位置: X=-1.068 Y=2.669
[05:55:25] [0m[33m[WARN] [1779659725.515819]: [Fusion] 球消失超過 1.5 秒，重置 EKF
[05:55:25] [INFO] [1779659725.532114]: [EKF] 初始化完成，球的初始位置: X=-1.067 Y=2.665
[05:55:25] [0m[33m[WARN] [1779659725.565318]: [Fusion] 球消失超過 1.5 秒，重置 EKF
[05:55:25] [INFO] [1779659725.603619]: [EKF] 初始化完成，球的初始位置: X=-1.069 Y=2.673
[05:55:25] [0m[33m[WARN] [1779659725.616171]: [Fusion] 球消失超過 1.5 秒，重置 EKF
[05:55:25] [INFO] [1779659725.673558]: [PATROL-ABS] 目標X=+0.45 機器人X=-0.15 誤差=+0.60
[05:55:25] [INFO] [1779659725.681848]: [EKF] 初始化完成，球的初始位置: X=-1.068 Y=2.668
[05:55:25] [0m[33m[WARN] [1779659725.716794]: [Fusion] 球消失超過 1.5 秒，重置 EKF
[05:55:25] [INFO] [1779659725.747793]: [EKF] 初始化完成，球的初始位置: X=-1.068 Y=2.668
[05:55:25] [0m[33m[WARN] [1779659725.766856]: [Fusion] 球消失超過 1.5 秒，重置 EKF
[05:55:25] [INFO] [1779659725.830062]: [EKF] 初始化完成，球的初始位置: X=-1.070 Y=2.675
[05:55:25] [0m[33m[WARN] [1779659725.866330]: [Fusion] 球消失超過 1.5 秒，重置 EKF
[05:55:25] [INFO] [1779659725.901335]: [EKF] 初始化完成，球的初始位置: X=-1.073 Y=2.680
[05:55:25] [0m[33m[WARN] [1779659725.907993]: [Fusion] 球在場外 (-1.07, 2.68)，維持巡邏
[05:55:25] [0m[33m[WARN] [1779659725.915089]: [Fusion] 球消失超過 1.5 秒，重置 EKF
[05:55:25] [INFO] [1779659725.986322]: [EKF] 初始化完成，球的初始位置: X=-1.068 Y=2.667
[05:55:26] [0m[33m[WARN] [1779659726.014965]: [Fusion] 球消失超過 1.5 秒，重置 EKF
[05:55:26] [INFO] [1779659726.057045]: [EKF] 初始化完成，球的初始位置: X=-1.070 Y=2.671
[05:55:26] [0m[33m[WARN] [1779659726.066011]: [Fusion] 球消失超過 1.5 秒，重置 EKF
[05:55:26] [INFO] [1779659726.149890]: [EKF] 初始化完成，球的初始位置: X=-1.071 Y=2.679
[05:55:26] [0m[33m[WARN] [1779659726.166012]: [Fusion] 球消失超過 1.5 秒，重置 EKF
[05:55:26] [INFO] [1779659726.173669]: [PATROL-ABS] 目標X=+0.45 機器人X=-0.06 誤差=+0.51
[05:55:26] [INFO] [1779659726.253492]: [EKF] 初始化完成，球的初始位置: X=-1.068 Y=2.670
[05:55:26] [0m[33m[WARN] [1779659726.266082]: [Fusion] 球消失超過 1.5 秒，重置 EKF
[05:55:26] [INFO] [1779659726.349324]: [EKF] 初始化完成，球的初始位置: X=-1.071 Y=2.678
[05:55:26] [0m[33m[WARN] [1779659726.366636]: [Fusion] 球消失超過 1.5 秒，重置 EKF
[05:55:26] [INFO] [1779659726.454037]: [EKF] 初始化完成，球的初始位置: X=-1.071 Y=2.678
[05:55:26] [0m[33m[WARN] [1779659726.466289]: [Fusion] 球消失超過 1.5 秒，重置 EKF
[05:55:26] [INFO] [1779659726.541890]: [EKF] 初始化完成，球的初始位置: X=-1.068 Y=2.670
[05:55:26] [0m[33m[WARN] [1779659726.565647]: [Fusion] 球消失超過 1.5 秒，重置 EKF
[05:55:26] [INFO] [1779659726.591052]: [EKF] 初始化完成，球的初始位置: X=-1.072 Y=2.675
[05:55:26] [0m[33m[WARN] [1779659726.615480]: [Fusion] 球消失超過 1.5 秒，重置 EKF
[05:55:26] [INFO] [1779659726.637506]: [EKF] 初始化完成，球的初始位置: X=-1.072 Y=2.675
[05:55:26] [0m[33m[WARN] [1779659726.665673]: [Fusion] 球消失超過 1.5 秒，重置 EKF
[05:55:26] [INFO] [1779659726.773638]: [PATROL-ABS] 目標X=+0.45 機器人X=+0.06 誤差=+0.39
[05:55:26] [INFO] [1779659726.843919]: [EKF] 初始化完成，球的初始位置: X=-0.856 Y=2.623
[05:55:26] [INFO] [1779659726.849428]: [TRACK] 球(-0.86, 2.62) v=(+0.00, +0.00) | 機器人X=+0.07 誤差=-0.52 | 速度=+0.12 θ=-0.018
[05:55:27] [INFO] [1779659727.091570]: [TRACK] 球(-0.79, 2.61) v=(+0.13, -0.04) | 機器人X=+0.10 誤差=-0.55 | 速度=-0.17 θ=-0.021
[05:55:27] [INFO] [1779659727.318790]: [TRACK] 球(-0.67, 2.58) v=(+0.35, -0.09) | 機器人X=+0.08 誤差=-0.53 | 速度=-0.22 θ=-0.024
[05:55:27] [INFO] [1779659727.532903]: [TRACK] 球(-0.42, 2.52) v=(+0.67, -0.16) | 機器人X=+0.03 誤差=-0.44 | 速度=-0.22 θ=-0.026
[05:55:27] [INFO] [1779659727.792490]: [TRACK] 球(-0.26, 2.49) v=(+0.64, -0.15) | 機器人X=-0.02 誤差=-0.24 | 速度=-0.22 θ=-0.024
[05:55:28] [INFO] [1779659728.003731]: [TRACK] 球(-0.19, 2.48) v=(+0.56, -0.12) | 機器人X=-0.07 誤差=-0.12 | 速度=-0.22 θ=-0.024
[05:55:28] [INFO] [1779659728.213315]: [TRACK] 球(+0.00, 2.43) v=(+0.65, -0.16) | 機器人X=-0.11 誤差=+0.11 | 速度=-0.05 θ=-0.027
[05:55:28] [INFO] [1779659728.449683]: [TRACK] 球(+0.10, 2.32) v=(+0.58, -0.23) | 機器人X=-0.12 誤差=+0.22 | 速度=+0.14 θ=-0.019
[05:55:28] [INFO] [1779659728.655912]: [TRACK] 球(+0.09, 2.22) v=(+0.44, -0.28) | 機器人X=-0.11 誤差=+0.20 | 速度=+0.22 θ=-0.013
[05:55:28] [INFO] [1779659728.863736]: [TRACK] 球(+0.06, 2.14) v=(+0.30, -0.31) | 機器人X=-0.07 誤差=+0.13 | 速度=+0.22 θ=-0.016
[05:55:29] [INFO] [1779659729.144465]: [TRACK] 球(+0.03, 2.03) v=(+0.19, -0.33) | 機器人X=-0.01 誤差=+0.04 | 速度=+0.08 θ=-0.017
[05:55:29] [INFO] [1779659729.370106]: [TRACK] 球(+0.01, 1.96) v=(+0.11, -0.33) | 機器人X=+0.02 誤差=-0.01 | 速度=+0.00 θ=-0.017
[05:55:29] [INFO] [1779659729.627845]: [TRACK] 球(-0.01, 1.86) v=(+0.06, -0.34) | 機器人X=+0.02 誤差=-0.03 | 速度=-0.08 θ=-0.020
[05:55:29] [INFO] [1779659729.849711]: [TRACK] 球(-0.03, 1.67) v=(+0.02, -0.47) | 機器人X=-0.00 誤差=-0.03 | 速度=-0.08 θ=-0.018
[05:55:30] [INFO] [1779659730.067142]: [TRACK] 球(-0.04, 1.57) v=(+0.01, -0.46) | 機器人X=-0.02 誤差=-0.02 | 速度=-0.06 θ=-0.012
[05:55:30] [INFO] [1779659730.267421]: [TRACK] 球(-0.05, 1.47) v=(+0.00, -0.47) | 機器人X=-0.03 誤差=-0.01 | 速度=-0.03 θ=+0.001
[05:55:30] [INFO] [1779659730.519922]: [TRACK] 球(-0.05, 1.40) v=(-0.00, -0.42) | 機器人X=-0.04 誤差=-0.01 | 速度=+0.00 θ=+0.004
[05:55:30] [INFO] [1779659730.721645]: [TRACK] 球(-0.05, 1.33) v=(+0.00, -0.40) | 機器人X=-0.04 誤差=-0.01 | 速度=+0.00 θ=+0.003
[05:55:30] [INFO] [1779659730.934811]: [TRACK] 球(-0.04, 1.27) v=(+0.01, -0.37) | 機器人X=-0.04 誤差=-0.00 | 速度=+0.00 θ=+0.001
[05:55:31] [INFO] [1779659731.163770]: [TRACK] 球(-0.04, 1.19) v=(+0.01, -0.36) | 機器人X=-0.04 誤差=+0.01 | 速度=+0.00 θ=-0.001
[05:55:31] [INFO] [1779659731.367550]: [TRACK] 球(-0.03, 1.14) v=(+0.02, -0.34) | 機器人X=-0.04 誤差=+0.02 | 速度=+0.00 θ=-0.001
[05:55:31] [INFO] [1779659731.591526]: [TRACK] 球(-0.02, 1.10) v=(+0.03, -0.30) | 機器人X=-0.04 誤差=+0.03 | 速度=+0.08 θ=-0.002
[05:55:31] [INFO] [1779659731.808893]: [TRACK] 球(-0.01, 1.07) v=(+0.03, -0.26) | 機器人X=-0.03 誤差=+0.02 | 速度=+0.08 θ=-0.007
[05:55:32] [INFO] [1779659732.010657]: [TRACK] 球(+0.01, 1.03) v=(+0.04, -0.25) | 機器人X=-0.01 誤差=+0.02 | 速度=+0.08 θ=-0.007
[05:55:32] [INFO] [1779659732.218565]: [TRACK] 球(+0.03, 0.97) v=(+0.05, -0.25) | 機器人X=+0.01 誤差=+0.02 | 速度=+0.08 θ=-0.024
[05:55:32] [INFO] [1779659732.439510]: [TRACK] 球(+0.05, 0.93) v=(+0.06, -0.24) | 機器人X=+0.02 誤差=+0.03 | 速度=+0.08 θ=-0.021
[05:55:32] [INFO] [1779659732.687765]: [TRACK] 球(+0.07, 0.89) v=(+0.06, -0.21) | 機器人X=+0.03 誤差=+0.03 | 速度=+0.08 θ=-0.027
[05:55:32] [INFO] [1779659732.941092]: [TRACK] 球(+0.08, 0.87) v=(+0.07, -0.18) | 機器人X=+0.05 誤差=+0.03 | 速度=+0.08 θ=-0.026
[05:55:33] [INFO] [1779659733.177958]: [TRACK] 球(+0.10, 0.86) v=(+0.07, -0.14) | 機器人X=+0.07 誤差=+0.03 | 速度=+0.08 θ=-0.018
[05:55:33] [INFO] [1779659733.392241]: [TRACK] 球(+0.11, 0.86) v=(+0.06, -0.11) | 機器人X=+0.09 誤差=+0.02 | 速度=+0.08 θ=-0.023
[05:55:33] [INFO] [1779659733.604124]: [TRACK] 球(+0.12, 0.85) v=(+0.06, -0.09) | 機器人X=+0.10 誤差=+0.02 | 速度=+0.00 θ=-0.031
[05:55:33] [INFO] [1779659733.840441]: [TRACK] 球(+0.14, 0.83) v=(+0.07, -0.09) | 機器人X=+0.11 誤差=+0.03 | 速度=+0.08 θ=-0.034
[05:55:34] [INFO] [1779659734.052015]: [TRACK] 球(+0.15, 0.83) v=(+0.06, -0.08) | 機器人X=+0.12 誤差=+0.03 | 速度=+0.08 θ=-0.016
[05:55:34] [INFO] [1779659734.293368]: [TRACK] 球(+0.15, 0.83) v=(+0.05, -0.06) | 機器人X=+0.14 誤差=+0.02 | 速度=+0.00 θ=-0.020
[05:55:34] [INFO] [1779659734.502881]: [TRACK] 球(+0.15, 0.83) v=(+0.03, -0.04) | 機器人X=+0.15 誤差=+0.00 | 速度=+0.00 θ=-0.019
[05:55:34] [INFO] [1779659734.763426]: [TRACK] 球(+0.15, 0.83) v=(+0.02, -0.03) | 機器人X=+0.15 誤差=+0.00 | 速度=+0.00 θ=-0.018
[05:55:35] [INFO] [1779659735.064110]: [TRACK] 球(+0.14, 0.83) v=(+0.01, -0.02) | 機器人X=+0.15 誤差=-0.00 | 速度=+0.00 θ=-0.017
[05:55:35] [INFO] [1779659735.344783]: [TRACK] 球(+0.14, 0.84) v=(+0.01, -0.01) | 機器人X=+0.15 誤差=-0.00 | 速度=+0.00 θ=-0.017
[05:55:35] [INFO] [1779659735.545042]: [TRACK] 球(+0.14, 0.84) v=(+0.00, -0.01) | 機器人X=+0.15 誤差=-0.00 | 速度=+0.00 θ=-0.016
[05:55:35] [INFO] [1779659735.778432]: [TRACK] 球(+0.14, 0.84) v=(+0.00, -0.01) | 機器人X=+0.15 誤差=-0.00 | 速度=+0.00 θ=-0.014
[05:55:36] [INFO] [1779659736.001485]: [TRACK] 球(+0.14, 0.84) v=(+0.00, -0.00) | 機器人X=+0.15 誤差=-0.00 | 速度=+0.00 θ=-0.013
[05:55:36] [INFO] [1779659736.231738]: [TRACK] 球(+0.14, 0.84) v=(+0.00, -0.00) | 機器人X=+0.15 誤差=-0.01 | 速度=+0.00 θ=-0.015
[05:55:36] [INFO] [1779659736.432726]: [TRACK] 球(+0.14, 0.84) v=(+0.00, -0.00) | 機器人X=+0.15 誤差=-0.00 | 速度=+0.00 θ=-0.015
[05:55:36] [INFO] [1779659736.654896]: [TRACK] 球(+0.14, 0.84) v=(+0.00, -0.00) | 機器人X=+0.15 誤差=-0.00 | 速度=+0.00 θ=-0.015
[05:55:36] [INFO] [1779659736.885182]: [TRACK] 球(+0.14, 0.84) v=(+0.00, -0.00) | 機器人X=+0.15 誤差=-0.00 | 速度=+0.00 θ=-0.014
[05:55:37] [INFO] [1779659737.089050]: [TRACK] 球(+0.14, 0.84) v=(+0.00, -0.00) | 機器人X=+0.14 誤差=-0.00 | 速度=+0.00 θ=-0.015
[05:55:37] [INFO] [1779659737.328403]: [TRACK] 球(+0.14, 0.84) v=(+0.00, -0.00) | 機器人X=+0.14 誤差=-0.00 | 速度=+0.00 θ=-0.013
[05:55:37] [INFO] [1779659737.534389]: [TRACK] 球(+0.14, 0.84) v=(+0.00, -0.00) | 機器人X=+0.14 誤差=-0.00 | 速度=+0.00 θ=-0.012
[05:55:37] [INFO] [1779659737.736818]: [TRACK] 球(+0.14, 0.84) v=(+0.00, -0.00) | 機器人X=+0.14 誤差=-0.00 | 速度=+0.00 θ=-0.011
[05:55:37] [INFO] [1779659737.983716]: [TRACK] 球(+0.14, 0.84) v=(+0.00, -0.00) | 機器人X=+0.14 誤差=-0.00 | 速度=+0.00 θ=-0.010
[05:55:38] [INFO] [1779659738.184479]: [TRACK] 球(+0.14, 0.84) v=(+0.00, +0.00) | 機器人X=+0.14 誤差=-0.00 | 速度=+0.00 θ=-0.009
[05:55:38] [INFO] [1779659738.423872]: [TRACK] 球(+0.14, 0.84) v=(+0.00, +0.00) | 機器人X=+0.14 誤差=-0.00 | 速度=+0.00 θ=-0.009
[05:55:38] [INFO] [1779659738.675010]: [TRACK] 球(+0.14, 0.84) v=(+0.00, -0.00) | 機器人X=+0.14 誤差=-0.00 | 速度=+0.00 θ=-0.009
[05:55:38] [INFO] [1779659738.892245]: [TRACK] 球(+0.14, 0.84) v=(-0.00, -0.00) | 機器人X=+0.14 誤差=-0.00 | 速度=+0.00 θ=-0.009
[05:55:39] [INFO] [1779659739.097941]: [TRACK] 球(+0.14, 0.84) v=(-0.00, -0.00) | 機器人X=+0.14 誤差=-0.00 | 速度=+0.00 θ=-0.008
[05:55:39] [INFO] [1779659739.298650]: [TRACK] 球(+0.14, 0.84) v=(-0.00, +0.00) | 機器人X=+0.14 誤差=-0.00 | 速度=+0.00 θ=-0.007
[05:55:39] [INFO] [1779659739.524076]: [TRACK] 球(+0.14, 0.84) v=(-0.00, -0.00) | 機器人X=+0.14 誤差=-0.00 | 速度=+0.00 θ=-0.008
[05:55:39] [INFO] [1779659739.743356]: [TRACK] 球(+0.14, 0.84) v=(-0.00, -0.00) | 機器人X=+0.14 誤差=-0.00 | 速度=+0.00 θ=-0.008
[05:55:39] [INFO] [1779659739.985998]: [TRACK] 球(+0.14, 0.84) v=(-0.00, -0.00) | 機器人X=+0.14 誤差=-0.00 | 速度=+0.00 θ=-0.009
[05:55:40] [INFO] [1779659740.227965]: [TRACK] 球(+0.14, 0.84) v=(+0.00, +0.00) | 機器人X=+0.17 誤差=-0.03 | 速度=-0.08 θ=+0.082
[05:55:40] [INFO] [1779659740.428450]: [TRACK] 球(+0.14, 0.84) v=(+0.00, -0.00) | 機器人X=+0.16 誤差=-0.02 | 速度=-0.01 θ=+0.042
[05:55:40] [INFO] [1779659740.661019]: [TRACK] 球(+0.14, 0.83) v=(+0.00, -0.00) | 機器人X=+0.15 誤差=-0.01 | 速度=+0.00 θ=+0.034
[05:55:40] [INFO] [1779659740.889076]: [TRACK] 球(+0.14, 0.92) v=(-0.00, +0.09) | 機器人X=+0.15 誤差=-0.01 | 速度=+0.00 θ=+0.028
[05:55:41] [INFO] [1779659741.117947]: [TRACK] 球(+0.13, 1.10) v=(-0.02, +0.27) | 機器人X=+0.15 誤差=-0.02 | 速度=-0.06 θ=+0.023
[05:55:41] [INFO] [1779659741.321526]: [TRACK] 球(+0.11, 1.26) v=(-0.03, +0.39) | 機器人X=+0.14 誤差=-0.03 | 速度=-0.08 θ=+0.019
[05:55:41] [INFO] [1779659741.541769]: [TRACK] 球(+0.07, 1.62) v=(-0.07, +0.71) | 機器人X=+0.12 誤差=-0.05 | 速度=-0.11 θ=+0.008
[05:55:41] [INFO] [1779659741.792601]: [TRACK] 球(+0.05, 1.83) v=(-0.06, +0.73) | 機器人X=+0.09 誤差=-0.03 | 速度=-0.08 θ=+0.000
[05:55:42] [INFO] [1779659742.003291]: [TRACK] 球(+0.05, 2.00) v=(-0.06, +0.75) | 機器人X=+0.06 誤差=-0.02 | 速度=+0.00 θ=-0.010
[05:55:42] [INFO] [1779659742.275332]: [TRACK] 球(+0.03, 2.17) v=(-0.06, +0.72) | 機器人X=+0.06 誤差=-0.03 | 速度=-0.08 θ=-0.007
[05:55:42] [INFO] [1779659742.536357]: [TRACK] 球(+0.01, 2.35) v=(-0.06, +0.71) | 機器人X=+0.04 誤差=-0.03 | 速度=-0.08 θ=-0.005
[05:55:42] [INFO] [1779659742.771278]: [TRACK] 球(-0.01, 2.52) v=(-0.07, +0.71) | 機器人X=+0.02 誤差=-0.03 | 速度=-0.08 θ=-0.012
[05:55:43] [INFO] [1779659743.018481]: [TRACK] 球(-0.03, 2.71) v=(-0.07, +0.72) | 機器人X=-0.00 誤差=-0.03 | 速度=-0.08 θ=-0.017
[05:55:43] [INFO] [1779659743.286367]: [TRACK] 球(-0.05, 2.86) v=(-0.07, +0.68) | 機器人X=-0.02 誤差=-0.02 | 速度=-0.08 θ=-0.036
[05:55:43] [INFO] [1779659743.539865]: [TRACK] 球(-0.06, 2.97) v=(-0.07, +0.62) | 機器人X=-0.04 誤差=-0.02 | 速度=-0.07 θ=-0.014
[05:55:43] [INFO] [1779659743.762944]: [TRACK] 球(-0.08, 3.15) v=(-0.07, +0.66) | 機器人X=-0.05 誤差=-0.03 | 速度=-0.08 θ=-0.017
[05:55:43] [INFO] [1779659743.985173]: [TRACK] 球(-0.10, 3.29) v=(-0.08, +0.65) | 機器人X=-0.07 誤差=-0.03 | 速度=-0.08 θ=-0.017
[05:55:44] [INFO] [1779659744.224200]: [TRACK] 球(-0.12, 3.37) v=(-0.07, +0.58) | 機器人X=-0.09 誤差=-0.03 | 速度=-0.08 θ=-0.018
[05:55:44] [0m[33m[WARN] [1779659744.866021]: [Fusion] 球消失超過 0.5 秒，進入 LOST 模式（EKF 繼續預測）
[05:55:44] [0m[33m[WARN] [1779659744.873931]: [Fusion] 球消失超過 0.5 秒，進入 LOST 模式（EKF 繼續預測）
[05:55:44] [INFO] [1779659744.973307]: [PATROL-ABS] 目標X=+0.45 機器人X=-0.15 誤差=+0.60
[05:55:45] [INFO] [1779659745.138492]: [TRACK] 球(-0.20, 3.51) v=(-0.09, +0.28) | 機器人X=-0.15 誤差=-0.05 | 速度=+0.00 θ=-0.029
[05:55:45] [INFO] [1779659745.377547]: [TRACK] 球(-0.21, 3.42) v=(-0.07, +0.16) | 機器人X=-0.16 誤差=-0.05 | 速度=-0.11 θ=-0.034
[05:55:45] [INFO] [1779659745.603915]: [TRACK] 球(-0.21, 3.40) v=(-0.06, +0.11) | 機器人X=-0.18 誤差=-0.04 | 速度=-0.08 θ=-0.016
[05:55:45] [INFO] [1779659745.823601]: [TRACK] 球(-0.22, 3.40) v=(-0.06, +0.09) | 機器人X=-0.19 誤差=-0.03 | 速度=-0.08 θ=-0.005
[05:55:46] [INFO] [1779659746.079590]: [TRACK] 球(-0.22, 3.39) v=(-0.04, +0.06) | 機器人X=-0.21 誤差=-0.01 | 速度=+0.00 θ=+0.002
[05:55:46] [INFO] [1779659746.290761]: [TRACK] 球(-0.22, 3.38) v=(-0.03, +0.03) | 機器人X=-0.21 誤差=-0.00 | 速度=+0.00 θ=+0.004
[05:55:46] [INFO] [1779659746.535812]: [TRACK] 球(-0.22, 3.39) v=(-0.03, +0.04) | 機器人X=-0.21 誤差=-0.01 | 速度=+0.00 θ=+0.005
[05:55:46] [INFO] [1779659746.782316]: [TRACK] 球(-0.23, 3.41) v=(-0.03, +0.04) | 機器人X=-0.21 誤差=-0.02 | 速度=+0.00 θ=+0.005
[05:55:47] [INFO] [1779659747.051836]: [TRACK] 球(-0.23, 3.43) v=(-0.02, +0.05) | 機器人X=-0.22 誤差=-0.02 | 速度=+0.00 θ=+0.005
[05:55:47] [INFO] [1779659747.292256]: [TRACK] 球(-0.23, 3.43) v=(-0.02, +0.04) | 機器人X=-0.22 誤差=-0.02 | 速度=+0.00 θ=+0.008
[05:55:47] [INFO] [1779659747.529255]: [TRACK] 球(-0.23, 3.43) v=(-0.01, +0.03) | 機器人X=-0.22 誤差=-0.02 | 速度=+0.00 θ=+0.008
[05:55:47] [INFO] [1779659747.734172]: [TRACK] 球(-0.23, 3.43) v=(-0.01, +0.02) | 機器人X=-0.22 誤差=-0.01 | 速度=+0.00 θ=+0.008
[05:55:47] [INFO] [1779659747.975187]: [TRACK] 球(-0.23, 3.43) v=(-0.00, +0.01) | 機器人X=-0.22 誤差=-0.01 | 速度=+0.00 θ=+0.009
[05:55:48] [INFO] [1779659748.198678]: [TRACK] 球(-0.23, 3.42) v=(-0.00, +0.00) | 機器人X=-0.22 誤差=-0.01 | 速度=+0.00 θ=+0.010
[05:55:48] [INFO] [1779659748.443703]: [TRACK] 球(-0.22, 3.45) v=(+0.00, +0.04) | 機器人X=-0.22 誤差=-0.00 | 速度=+0.00 θ=+0.011
[05:55:48] [0m[33m[WARN] [1779659748.496681]: [Fusion] 球在場外 (-0.23, 3.59)，立即切換至巡邏
[05:55:48] [0m[33m[WARN] [1779659748.562562]: [Fusion] 球在場外 (-0.27, 3.83)，維持巡邏
[05:55:48] [INFO] [1779659748.573475]: [PATROL-ABS] 目標X=+0.45 機器人X=-0.22 誤差=+0.67
[05:55:49] [INFO] [1779659749.073852]: [PATROL-ABS] 目標X=+0.45 機器人X=-0.18 誤差=+0.63
[05:55:49] [0m[33m[WARN] [1779659749.585895]: [Fusion] 球在場外 (-0.57, 4.60)，維持巡邏
[05:55:49] [INFO] [1779659749.673769]: [PATROL-ABS] 目標X=+0.45 機器人X=-0.07 誤差=+0.52
[05:55:49] [0m[33m[WARN] [1779659749.966066]: [Fusion] 球消失超過 1.5 秒，重置 EKF
[05:55:50] [INFO] [1779659750.173730]: [PATROL-ABS] 目標X=+0.45 機器人X=+0.02 誤差=+0.43
[05:55:50] [INFO] [1779659750.489633]: [EKF] 初始化完成，球的初始位置: X=-0.589 Y=4.703
[05:55:50] [0m[33m[WARN] [1779659750.516454]: [Fusion] 球消失超過 1.5 秒，重置 EKF
[05:55:50] [INFO] [1779659750.565891]: [EKF] 初始化完成，球的初始位置: X=-0.578 Y=4.680
[05:55:50] [0m[33m[WARN] [1779659750.568346]: [Fusion] 球消失超過 1.5 秒，重置 EKF
[05:55:50] [INFO] [1779659750.647862]: [EKF] 初始化完成，球的初始位置: X=-0.571 Y=4.689
[05:55:50] [0m[33m[WARN] [1779659750.657201]: [Fusion] 球在場外 (-0.57, 4.69)，維持巡邏
[05:55:50] [0m[33m[WARN] [1779659750.666328]: [Fusion] 球消失超過 1.5 秒，重置 EKF
[05:55:50] [INFO] [1779659750.673842]: [PATROL-ABS] 目標X=+0.45 機器人X=+0.11 誤差=+0.34
[05:55:50] [INFO] [1779659750.712449]: [EKF] 初始化完成，球的初始位置: X=-0.549 Y=4.681
[05:55:50] [0m[33m[WARN] [1779659750.716162]: [Fusion] 球消失超過 1.5 秒，重置 EKF
[05:55:50] [INFO] [1779659750.764583]: [EKF] 初始化完成，球的初始位置: X=-0.536 Y=4.661
[05:55:50] [0m[33m[WARN] [1779659750.767312]: [Fusion] 球消失超過 1.5 秒，重置 EKF
[05:55:50] [INFO] [1779659750.814572]: [EKF] 初始化完成，球的初始位置: X=-0.532 Y=4.661
[05:55:50] [0m[33m[WARN] [1779659750.816165]: [Fusion] 球消失超過 1.5 秒，重置 EKF
[05:55:50] [INFO] [1779659750.859320]: [EKF] 初始化完成，球的初始位置: X=-0.531 Y=4.664
[05:55:50] [0m[33m[WARN] [1779659750.865500]: [Fusion] 球消失超過 1.5 秒，重置 EKF
[05:55:50] [INFO] [1779659750.933546]: [EKF] 初始化完成，球的初始位置: X=-0.531 Y=4.664
[05:55:50] [0m[33m[WARN] [1779659750.965899]: [Fusion] 球消失超過 1.5 秒，重置 EKF
[05:55:50] [INFO] [1779659750.992926]: [EKF] 初始化完成，球的初始位置: X=-0.503 Y=4.578
[05:55:51] [0m[33m[WARN] [1779659751.016267]: [Fusion] 球消失超過 1.5 秒，重置 EKF
[05:55:51] [INFO] [1779659751.052007]: [EKF] 初始化完成，球的初始位置: X=-0.503 Y=4.578
[05:55:51] [0m[33m[WARN] [1779659751.065485]: [Fusion] 球消失超過 1.5 秒，重置 EKF
[05:55:51] [INFO] [1779659751.130591]: [EKF] 初始化完成，球的初始位置: X=-0.489 Y=4.563
[05:55:51] [0m[33m[WARN] [1779659751.166544]: [Fusion] 球消失超過 1.5 秒，重置 EKF
[05:55:51] [INFO] [1779659751.175589]: [PATROL-ABS] 目標X=+0.45 機器人X=+0.21 誤差=+0.24
[05:55:51] [INFO] [1779659751.220150]: [EKF] 初始化完成，球的初始位置: X=-0.483 Y=4.567
[05:55:51] [0m[33m[WARN] [1779659751.266002]: [Fusion] 球消失超過 1.5 秒，重置 EKF
[05:55:51] [INFO] [1779659751.316757]: [EKF] 初始化完成，球的初始位置: X=-0.467 Y=4.534
[05:55:51] [0m[33m[WARN] [1779659751.366430]: [Fusion] 球消失超過 1.5 秒，重置 EKF
[05:55:51] [INFO] [1779659751.386410]: [EKF] 初始化完成，球的初始位置: X=-0.412 Y=4.489
[05:55:51] [0m[33m[WARN] [1779659751.416546]: [Fusion] 球消失超過 1.5 秒，重置 EKF
[05:55:51] [INFO] [1779659751.465428]: [EKF] 初始化完成，球的初始位置: X=-0.412 Y=4.489
[05:55:51] [0m[33m[WARN] [1779659751.468289]: [Fusion] 球消失超過 1.5 秒，重置 EKF
[05:55:51] [INFO] [1779659751.535735]: [EKF] 初始化完成，球的初始位置: X=-0.407 Y=4.465
[05:55:51] [0m[33m[WARN] [1779659751.566479]: [Fusion] 球消失超過 1.5 秒，重置 EKF
[05:55:51] [INFO] [1779659751.615565]: [EKF] 初始化完成，球的初始位置: X=-0.400 Y=4.449
[05:55:51] [0m[33m[WARN] [1779659751.618523]: [Fusion] 球消失超過 1.5 秒，重置 EKF
[05:55:51] [INFO] [1779659751.684289]: [EKF] 初始化完成，球的初始位置: X=-0.387 Y=4.442
[05:55:51] [0m[33m[WARN] [1779659751.691187]: [Fusion] 球在場外 (-0.39, 4.44)，維持巡邏
[05:55:51] [0m[33m[WARN] [1779659751.716157]: [Fusion] 球消失超過 1.5 秒，重置 EKF
[05:55:51] [INFO] [1779659751.757318]: [EKF] 初始化完成，球的初始位置: X=-0.378 Y=4.442
[05:55:51] [0m[33m[WARN] [1779659751.766308]: [Fusion] 球消失超過 1.5 秒，重置 EKF
[05:55:51] [INFO] [1779659751.773904]: [PATROL-ABS] 目標X=+0.45 機器人X=+0.32 誤差=+0.13
[05:55:51] [INFO] [1779659751.808105]: [EKF] 初始化完成，球的初始位置: X=-0.373 Y=4.449
[05:55:51] [0m[33m[WARN] [1779659751.818454]: [Fusion] 球消失超過 1.5 秒，重置 EKF
[05:55:51] [INFO] [1779659751.853393]: [EKF] 初始化完成，球的初始位置: X=-0.355 Y=4.408
[05:55:51] [0m[33m[WARN] [1779659751.865244]: [Fusion] 球消失超過 1.5 秒，重置 EKF
[05:55:51] [INFO] [1779659751.903686]: [EKF] 初始化完成，球的初始位置: X=-0.355 Y=4.408
[05:55:51] [0m[33m[WARN] [1779659751.915916]: [Fusion] 球消失超過 1.5 秒，重置 EKF
[05:55:51] [INFO] [1779659751.967096]: [EKF] 初始化完成，球的初始位置: X=-0.341 Y=4.353
[05:55:52] [0m[33m[WARN] [1779659752.016495]: [Fusion] 球消失超過 1.5 秒，重置 EKF
[05:55:52] [INFO] [1779659752.029175]: [EKF] 初始化完成，球的初始位置: X=-0.335 Y=4.333
[05:55:52] [0m[33m[WARN] [1779659752.067116]: [Fusion] 球消失超過 1.5 秒，重置 EKF
[05:55:52] [INFO] [1779659752.104449]: [EKF] 初始化完成，球的初始位置: X=-0.329 Y=4.319
[05:55:52] [0m[33m[WARN] [1779659752.115821]: [Fusion] 球消失超過 1.5 秒，重置 EKF
[05:55:52] [INFO] [1779659752.190456]: [EKF] 初始化完成，球的初始位置: X=-0.320 Y=4.273
[05:55:52] [0m[33m[WARN] [1779659752.216532]: [Fusion] 球消失超過 1.5 秒，重置 EKF
[05:55:52] [INFO] [1779659752.261642]: [EKF] 初始化完成，球的初始位置: X=-0.316 Y=4.310
[05:55:52] [0m[33m[WARN] [1779659752.266445]: [Fusion] 球消失超過 1.5 秒，重置 EKF
[05:55:52] [INFO] [1779659752.298740]: [EKF] 初始化完成，球的初始位置: X=-0.306 Y=4.291
[05:55:52] [0m[33m[WARN] [1779659752.316052]: [Fusion] 球消失超過 1.5 秒，重置 EKF
[05:55:52] [INFO] [1779659752.338248]: [EKF] 初始化完成，球的初始位置: X=-0.292 Y=4.280
[05:55:52] [0m[33m[WARN] [1779659752.366588]: [Fusion] 球消失超過 1.5 秒，重置 EKF
[05:55:52] [INFO] [1779659752.375033]: [PATROL-ABS] 目標X=-0.45 機器人X=+0.41 誤差=-0.86
[05:55:52] [INFO] [1779659752.380725]: [EKF] 初始化完成，球的初始位置: X=-0.280 Y=4.296
[05:55:52] [0m[33m[WARN] [1779659752.416228]: [Fusion] 球消失超過 1.5 秒，重置 EKF
[05:55:52] [INFO] [1779659752.472152]: [EKF] 初始化完成，球的初始位置: X=-0.256 Y=4.240
[05:55:52] [0m[33m[WARN] [1779659752.515952]: [Fusion] 球消失超過 1.5 秒，重置 EKF
[05:55:52] [INFO] [1779659752.575516]: [EKF] 初始化完成，球的初始位置: X=-0.242 Y=4.201
[05:55:52] [0m[33m[WARN] [1779659752.615177]: [Fusion] 球消失超過 1.5 秒，重置 EKF
[05:55:52] [INFO] [1779659752.628569]: [EKF] 初始化完成，球的初始位置: X=-0.242 Y=4.152
[05:55:52] [0m[33m[WARN] [1779659752.666603]: [Fusion] 球消失超過 1.5 秒，重置 EKF
[05:55:52] [INFO] [1779659752.689447]: [EKF] 初始化完成，球的初始位置: X=-0.236 Y=4.148
[05:55:52] [0m[33m[WARN] [1779659752.697149]: [Fusion] 球在場外 (-0.24, 4.15)，維持巡邏
[05:55:52] [0m[33m[WARN] [1779659752.716259]: [Fusion] 球消失超過 1.5 秒，重置 EKF
[05:55:52] [INFO] [1779659752.748249]: [EKF] 初始化完成，球的初始位置: X=-0.225 Y=4.129
[05:55:52] [0m[33m[WARN] [1779659752.766717]: [Fusion] 球消失超過 1.5 秒，重置 EKF
[05:55:52] [INFO] [1779659752.917870]: [EKF] 初始化完成，球的初始位置: X=-0.206 Y=3.976
[05:55:52] [0m[33m[WARN] [1779659752.966230]: [Fusion] 球消失超過 1.5 秒，重置 EKF
[05:55:52] [INFO] [1779659752.973638]: [PATROL-ABS] 目標X=-0.45 機器人X=+0.31 誤差=-0.76
[05:55:52] [INFO] [1779659752.977002]: [EKF] 初始化完成，球的初始位置: X=-0.200 Y=3.943
[05:55:53] [0m[33m[WARN] [1779659753.016619]: [Fusion] 球消失超過 1.5 秒，重置 EKF
[05:55:53] [INFO] [1779659753.044046]: [EKF] 初始化完成，球的初始位置: X=-0.193 Y=3.921
[05:55:53] [0m[33m[WARN] [1779659753.066756]: [Fusion] 球消失超過 1.5 秒，重置 EKF
[05:55:53] [INFO] [1779659753.101326]: [EKF] 初始化完成，球的初始位置: X=-0.181 Y=3.887
[05:55:53] [0m[33m[WARN] [1779659753.116657]: [Fusion] 球消失超過 1.5 秒，重置 EKF
[05:55:53] [INFO] [1779659753.153752]: [EKF] 初始化完成，球的初始位置: X=-0.171 Y=3.785
[05:55:53] [0m[33m[WARN] [1779659753.166360]: [Fusion] 球消失超過 1.5 秒，重置 EKF
[05:55:53] [INFO] [1779659753.208632]: [EKF] 初始化完成，球的初始位置: X=-0.151 Y=3.679
[05:55:53] [0m[33m[WARN] [1779659753.217365]: [Fusion] 球消失超過 1.5 秒，重置 EKF
[05:55:53] [INFO] [1779659753.261439]: [EKF] 初始化完成，球的初始位置: X=-0.120 Y=3.523
[05:55:53] [0m[33m[WARN] [1779659753.269691]: [Fusion] 球消失超過 1.5 秒，重置 EKF
[05:55:53] [INFO] [1779659753.311158]: [EKF] 初始化完成，球的初始位置: X=-0.101 Y=3.457
[05:55:53] [INFO] [1779659753.318758]: [TRACK] 球(-0.10, 3.46) v=(+0.00, +0.00) | 機器人X=+0.25 誤差=-0.35 | 速度=-0.22 θ=-0.039
[05:55:53] [INFO] [1779659753.580997]: [TRACK] 球(-0.08, 3.33) v=(+0.03, -0.15) | 機器人X=+0.19 誤差=-0.27 | 速度=-0.22 θ=-0.006
[05:55:53] [INFO] [1779659753.783730]: [TRACK] 球(-0.05, 3.21) v=(+0.08, -0.37) | 機器人X=+0.15 誤差=-0.20 | 速度=-0.22 θ=-0.008
[05:55:54] [INFO] [1779659754.004248]: [TRACK] 球(+0.02, 2.84) v=(+0.18, -0.92) | 機器人X=+0.11 誤差=-0.09 | 速度=-0.18 θ=-0.005
[05:55:54] [INFO] [1779659754.237525]: [TRACK] 球(+0.05, 2.66) v=(+0.17, -0.87) | 機器人X=+0.07 誤差=-0.01 | 速度=-0.04 θ=-0.005
[05:55:54] [INFO] [1779659754.470326]: [TRACK] 球(+0.09, 2.46) v=(+0.17, -0.85) | 機器人X=+0.06 誤差=+0.03 | 速度=+0.07 θ=+0.009
[05:55:54] [INFO] [1779659754.677053]: [TRACK] 球(+0.12, 2.34) v=(+0.16, -0.80) | 機器人X=+0.07 誤差=+0.05 | 速度=+0.10 θ=+0.009
[05:55:54] [INFO] [1779659754.890774]: [TRACK] 球(+0.14, 2.20) v=(+0.14, -0.75) | 機器人X=+0.08 誤差=+0.06 | 速度=+0.12 θ=+0.008
[05:55:55] [INFO] [1779659755.153817]: [TRACK] 球(+0.17, 2.06) v=(+0.14, -0.69) | 機器人X=+0.11 誤差=+0.07 | 速度=+0.13 θ=+0.007
[05:55:55] [INFO] [1779659755.392944]: [TRACK] 球(+0.21, 1.91) v=(+0.14, -0.67) | 機器人X=+0.14 誤差=+0.07 | 速度=+0.14 θ=-0.003
[05:55:55] [INFO] [1779659755.609263]: [TRACK] 球(+0.23, 1.79) v=(+0.13, -0.64) | 機器人X=+0.16 誤差=+0.07 | 速度=+0.13 θ=-0.003
[05:55:55] [INFO] [1779659755.817876]: [TRACK] 球(+0.27, 1.58) v=(+0.15, -0.73) | 機器人X=+0.19 誤差=+0.08 | 速度=+0.16 θ=+0.000
[05:55:56] [INFO] [1779659756.017993]: [TRACK] 球(+0.30, 1.43) v=(+0.15, -0.73) | 機器人X=+0.22 誤差=+0.08 | 速度=+0.15 θ=+0.006
[05:55:56] [INFO] [1779659756.247013]: [TRACK] 球(+0.32, 1.34) v=(+0.13, -0.65) | 機器人X=+0.25 誤差=+0.07 | 速度=+0.13 θ=+0.001
[05:55:56] [INFO] [1779659756.466603]: [TRACK] 球(+0.34, 1.18) v=(+0.13, -0.67) | 機器人X=+0.28 誤差=+0.06 | 速度=+0.12 θ=-0.011
[05:55:56] [INFO] [1779659756.668014]: [TRACK] 球(+0.36, 1.04) v=(+0.12, -0.68) | 機器人X=+0.30 誤差=+0.06 | 速度=+0.12 θ=-0.004
[05:55:56] [INFO] [1779659756.924786]: [TRACK] 球(+0.38, 0.94) v=(+0.10, -0.60) | 機器人X=+0.33 誤差=+0.05 | 速度=+0.09 θ=-0.019
[05:55:57] [INFO] [1779659757.177273]: [TRACK] 球(+0.39, 0.85) v=(+0.09, -0.53) | 機器人X=+0.35 誤差=+0.04 | 速度=+0.08 θ=-0.015
[05:55:57] [INFO] [1779659757.433213]: [TRACK] 球(+0.41, 0.73) v=(+0.09, -0.52) | 機器人X=+0.37 誤差=+0.04 | 速度=+0.08 θ=-0.021
[05:55:57] [INFO] [1779659757.663090]: [TRACK] 球(+0.43, 0.67) v=(+0.09, -0.44) | 機器人X=+0.38 誤差=+0.05 | 速度=+0.10 θ=-0.026
[05:55:57] [INFO] [1779659757.895531]: [TRACK] 球(+0.46, 0.63) v=(+0.10, -0.37) | 機器人X=+0.40 誤差=+0.05 | 速度=+0.09 θ=-0.020
[05:55:58] [INFO] [1779659758.113831]: [TRACK] 球(+0.47, 0.54) v=(+0.08, -0.38) | 機器人X=+0.42 誤差=+0.03 | 速度=+0.00 θ=-0.024
[05:55:58] [INFO] [1779659758.384124]: [TRACK] 球(+0.55, 0.53) v=(+0.14, -0.29) | 機器人X=+0.43 誤差=+0.02 | 速度=+0.00 θ=-0.023
[05:55:58] [INFO] [1779659758.618220]: [TRACK] 球(+0.60, 0.53) v=(+0.16, -0.21) | 機器人X=+0.43 誤差=+0.02 | 速度=+0.00 θ=-0.028
[05:55:58] [INFO] [1779659758.882041]: [TRACK] 球(+0.64, 0.51) v=(+0.16, -0.17) | 機器人X=+0.43 誤差=+0.02 | 速度=+0.00 θ=-0.031
[05:55:59] [INFO] [1779659759.090699]: [TRACK] 球(+0.67, 0.48) v=(+0.16, -0.16) | 機器人X=+0.43 誤差=+0.02 | 速度=+0.00 θ=-0.033
[05:55:59] [INFO] [1779659759.296410]: [TRACK] 球(+0.69, 0.46) v=(+0.14, -0.15) | 機器人X=+0.43 誤差=+0.02 | 速度=+0.00 θ=-0.036
[05:55:59] [INFO] [1779659759.520010]: [TRACK] 球(+0.70, 0.46) v=(+0.13, -0.12) | 機器人X=+0.43 誤差=+0.02 | 速度=+0.00 θ=-0.038
[05:55:59] [INFO] [1779659759.764629]: [TRACK] 球(+0.73, 0.46) v=(+0.12, -0.08) | 機器人X=+0.43 誤差=+0.02 | 速度=+0.00 θ=-0.040
[05:56:00] [INFO] [1779659760.003789]: [TRACK] 球(+0.76, 0.47) v=(+0.12, -0.05) | 機器人X=+0.43 誤差=+0.02 | 速度=+0.00 θ=-0.041
[05:56:00] [INFO] [1779659760.238974]: [TRACK] 球(+0.78, 0.47) v=(+0.11, -0.04) | 機器人X=+0.43 誤差=+0.02 | 速度=+0.00 θ=-0.042
[05:56:00] [INFO] [1779659760.478798]: [TRACK] 球(+0.81, 0.48) v=(+0.11, -0.02) | 機器人X=+0.43 誤差=+0.02 | 速度=+0.00 θ=-0.044
[05:56:00] [INFO] [1779659760.721173]: [TRACK] 球(+0.83, 0.48) v=(+0.11, -0.01) | 機器人X=+0.43 誤差=+0.02 | 速度=+0.00 θ=-0.045
[05:56:00] [INFO] [1779659760.928170]: [TRACK] 球(+0.85, 0.48) v=(+0.11, -0.01) | 機器人X=+0.43 誤差=+0.02 | 速度=+0.00 θ=-0.045
[05:56:01] [INFO] [1779659761.155568]: [TRACK] 球(+0.86, 0.47) v=(+0.09, -0.01) | 機器人X=+0.43 誤差=+0.02 | 速度=+0.00 θ=-0.047
[05:56:01] [INFO] [1779659761.397838]: [TRACK] 球(+0.86, 0.47) v=(+0.06, -0.02) | 機器人X=+0.43 誤差=+0.02 | 速度=+0.00 θ=-0.047
[05:56:01] [INFO] [1779659761.640899]: [TRACK] 球(+0.86, 0.47) v=(+0.04, -0.01) | 機器人X=+0.43 誤差=+0.02 | 速度=+0.00 θ=-0.049
[05:56:01] [INFO] [1779659761.896599]: [TRACK] 球(+0.85, 0.47) v=(+0.03, -0.00) | 機器人X=+0.43 誤差=+0.02 | 速度=+0.00 θ=-0.049
[05:56:02] [INFO] [1779659762.128693]: [TRACK] 球(+0.85, 0.47) v=(+0.02, -0.00) | 機器人X=+0.43 誤差=+0.02 | 速度=+0.00 θ=-0.050
[05:56:02] [INFO] [1779659762.370038]: [TRACK] 球(+0.85, 0.47) v=(+0.02, -0.00) | 機器人X=+0.43 誤差=+0.02 | 速度=+0.00 θ=-0.051
[05:56:02] [INFO] [1779659762.579929]: [TRACK] 球(+0.85, 0.47) v=(+0.01, -0.00) | 機器人X=+0.43 誤差=+0.02 | 速度=+0.00 θ=-0.050
[05:56:02] [INFO] [1779659762.828667]: [TRACK] 球(+0.85, 0.47) v=(+0.01, +0.00) | 機器人X=+0.43 誤差=+0.02 | 速度=+0.00 θ=-0.052
[05:56:03] [INFO] [1779659763.046331]: [TRACK] 球(+0.85, 0.47) v=(+0.01, -0.00) | 機器人X=+0.43 誤差=+0.02 | 速度=+0.00 θ=-0.051
[05:56:03] [INFO] [1779659763.254562]: [TRACK] 球(+0.85, 0.47) v=(+0.00, -0.00) | 機器人X=+0.43 誤差=+0.02 | 速度=+0.00 θ=-0.052
[05:56:03] [INFO] [1779659763.461092]: [TRACK] 球(+0.85, 0.47) v=(+0.00, -0.00) | 機器人X=+0.43 誤差=+0.02 | 速度=+0.00 θ=-0.051
[05:56:03] [INFO] [1779659763.680212]: [TRACK] 球(+0.85, 0.47) v=(+0.00, +0.00) | 機器人X=+0.43 誤差=+0.02 | 速度=+0.00 θ=-0.050
[05:56:03] [INFO] [1779659763.930003]: [TRACK] 球(+0.85, 0.47) v=(+0.00, -0.00) | 機器人X=+0.43 誤差=+0.02 | 速度=+0.00 θ=-0.049
[05:56:04] [INFO] [1779659764.181080]: [TRACK] 球(+0.85, 0.47) v=(-0.00, -0.00) | 機器人X=+0.43 誤差=+0.02 | 速度=+0.00 θ=-0.049
[05:56:04] [INFO] [1779659764.427525]: [TRACK] 球(+0.85, 0.47) v=(-0.00, -0.00) | 機器人X=+0.43 誤差=+0.02 | 速度=+0.00 θ=-0.046
[05:56:04] [INFO] [1779659764.676502]: [TRACK] 球(+0.85, 0.47) v=(+0.00, -0.00) | 機器人X=+0.43 誤差=+0.02 | 速度=+0.00 θ=-0.046
[05:56:04] [INFO] [1779659764.878043]: [TRACK] 球(+0.85, 0.47) v=(-0.00, -0.00) | 機器人X=+0.43 誤差=+0.02 | 速度=+0.00 θ=-0.047
[05:56:05] [INFO] [1779659765.130188]: [TRACK] 球(+0.85, 0.47) v=(+0.00, +0.00) | 機器人X=+0.43 誤差=+0.02 | 速度=+0.00 θ=-0.047
[05:56:05] [INFO] [1779659765.334008]: [TRACK] 球(+0.85, 0.47) v=(+0.00, -0.00) | 機器人X=+0.43 誤差=+0.02 | 速度=+0.00 θ=-0.047
[05:56:05] [INFO] [1779659765.535232]: [TRACK] 球(+0.85, 0.47) v=(-0.00, -0.00) | 機器人X=+0.43 誤差=+0.02 | 速度=+0.00 θ=-0.046
[05:56:05] [INFO] [1779659765.774399]: [TRACK] 球(+0.85, 0.47) v=(-0.00, -0.00) | 機器人X=+0.43 誤差=+0.02 | 速度=+0.00 θ=-0.047
[05:56:05] [INFO] [1779659765.976774]: [TRACK] 球(+0.85, 0.47) v=(-0.00, +0.00) | 機器人X=+0.43 誤差=+0.02 | 速度=+0.00 θ=-0.047
[05:56:06] [INFO] [1779659766.212980]: [TRACK] 球(+0.85, 0.47) v=(+0.00, +0.00) | 機器人X=+0.43 誤差=+0.02 | 速度=+0.00 θ=-0.046
[05:56:06] [INFO] [1779659766.444470]: [TRACK] 球(+0.85, 0.47) v=(+0.00, -0.00) | 機器人X=+0.43 誤差=+0.02 | 速度=+0.00 θ=-0.046
[05:56:06] [INFO] [1779659766.658971]: [TRACK] 球(+0.85, 0.47) v=(+0.00, +0.00) | 機器人X=+0.43 誤差=+0.02 | 速度=+0.00 θ=-0.046
[05:56:06] [INFO] [1779659766.885915]: [TRACK] 球(+0.85, 0.47) v=(+0.00, +0.00) | 機器人X=+0.43 誤差=+0.02 | 速度=+0.00 θ=-0.046
[05:56:07] [INFO] [1779659767.115184]: [TRACK] 球(+0.85, 0.47) v=(+0.00, +0.00) | 機器人X=+0.43 誤差=+0.02 | 速度=+0.00 θ=-0.047
[05:56:07] [INFO] [1779659767.356969]: [TRACK] 球(+0.85, 0.47) v=(-0.00, +0.00) | 機器人X=+0.43 誤差=+0.02 | 速度=+0.00 θ=-0.049
[05:56:07] [INFO] [1779659767.591074]: [TRACK] 球(+0.85, 0.47) v=(-0.00, -0.00) | 機器人X=+0.43 誤差=+0.02 | 速度=+0.00 θ=-0.050
[05:56:07] [INFO] [1779659767.805119]: [TRACK] 球(+0.85, 0.47) v=(-0.00, -0.00) | 機器人X=+0.43 誤差=+0.02 | 速度=+0.00 θ=-0.050
[05:56:08] [INFO] [1779659768.039129]: [TRACK] 球(+0.85, 0.47) v=(+0.00, +0.00) | 機器人X=+0.43 誤差=+0.02 | 速度=+0.00 θ=-0.050
[05:56:08] [INFO] [1779659768.267879]: [TRACK] 球(+0.85, 0.47) v=(+0.00, +0.00) | 機器人X=+0.43 誤差=+0.02 | 速度=+0.00 θ=-0.050
[05:56:08] [INFO] [1779659768.500779]: [TRACK] 球(+0.85, 0.47) v=(+0.00, +0.00) | 機器人X=+0.43 誤差=+0.02 | 速度=+0.00 θ=-0.051
[05:56:08] [INFO] [1779659768.713828]: [TRACK] 球(+0.85, 0.47) v=(-0.00, +0.00) | 機器人X=+0.43 誤差=+0.02 | 速度=+0.00 θ=-0.052
[05:56:08] [INFO] [1779659768.930951]: [TRACK] 球(+0.85, 0.47) v=(-0.00, +0.00) | 機器人X=+0.43 誤差=+0.02 | 速度=+0.00 θ=-0.052
[05:56:09] [INFO] [1779659769.132827]: [TRACK] 球(+0.85, 0.47) v=(+0.00, +0.00) | 機器人X=+0.43 誤差=+0.02 | 速度=+0.00 θ=-0.052
[05:56:09] [INFO] [1779659769.369269]: [TRACK] 球(+0.85, 0.47) v=(+0.00, -0.00) | 機器人X=+0.43 誤差=+0.02 | 速度=+0.00 θ=-0.052
[05:56:09] [INFO] [1779659769.596108]: [TRACK] 球(+0.85, 0.47) v=(-0.00, -0.00) | 機器人X=+0.43 誤差=+0.02 | 速度=+0.00 θ=-0.052
[05:56:09] [INFO] [1779659769.817094]: [TRACK] 球(+0.85, 0.47) v=(+0.00, +0.00) | 機器人X=+0.43 誤差=+0.02 | 速度=+0.00 θ=-0.053
[05:56:10] [INFO] [1779659770.033543]: [TRACK] 球(+0.85, 0.47) v=(-0.00, +0.00) | 機器人X=+0.43 誤差=+0.02 | 速度=+0.00 θ=-0.053
[05:56:10] [INFO] [1779659770.247820]: [TRACK] 球(+0.85, 0.47) v=(-0.00, -0.00) | 機器人X=+0.43 誤差=+0.02 | 速度=+0.00 θ=-0.052
[05:56:10] [INFO] [1779659770.471788]: [TRACK] 球(+0.85, 0.47) v=(-0.00, -0.00) | 機器人X=+0.43 誤差=+0.02 | 速度=+0.00 θ=-0.051
[05:56:10] [INFO] [1779659770.715704]: [TRACK] 球(+0.85, 0.47) v=(-0.00, -0.00) | 機器人X=+0.43 誤差=+0.02 | 速度=+0.00 θ=-0.051
[05:56:10] [INFO] [1779659770.926492]: [TRACK] 球(+0.85, 0.47) v=(-0.00, -0.00) | 機器人X=+0.43 誤差=+0.02 | 速度=+0.00 θ=-0.051
[05:56:11] [INFO] [1779659771.134980]: [TRACK] 球(+0.85, 0.47) v=(+0.00, +0.00) | 機器人X=+0.43 誤差=+0.02 | 速度=+0.00 θ=-0.052
[05:56:11] [INFO] [1779659771.344088]: [TRACK] 球(+0.85, 0.47) v=(+0.00, +0.00) | 機器人X=+0.43 誤差=+0.02 | 速度=+0.00 θ=-0.051
[05:56:11] [INFO] [1779659771.572776]: [TRACK] 球(+0.85, 0.47) v=(-0.00, +0.00) | 機器人X=+0.43 誤差=+0.02 | 速度=+0.00 θ=-0.050
[05:56:11] [INFO] [1779659771.798401]: [TRACK] 球(+0.85, 0.47) v=(-0.00, -0.00) | 機器人X=+0.43 誤差=+0.02 | 速度=+0.00 θ=-0.050
[05:56:12] [INFO] [1779659771.999928]: [TRACK] 球(+0.85, 0.47) v=(+0.00, +0.00) | 機器人X=+0.43 誤差=+0.02 | 速度=+0.00 θ=-0.049
[05:56:12] [INFO] [1779659772.209746]: [TRACK] 球(+0.85, 0.47) v=(+0.00, +0.00) | 機器人X=+0.43 誤差=+0.02 | 速度=+0.00 θ=-0.049
[05:56:12] [INFO] [1779659772.421392]: [TRACK] 球(+0.85, 0.47) v=(+0.00, -0.00) | 機器人X=+0.43 誤差=+0.02 | 速度=+0.00 θ=-0.048
[05:56:12] [INFO] [1779659772.632794]: [TRACK] 球(+0.85, 0.47) v=(+0.00, -0.00) | 機器人X=+0.43 誤差=+0.02 | 速度=+0.00 θ=-0.048
[05:56:12] [INFO] [1779659772.851357]: [TRACK] 球(+0.85, 0.47) v=(-0.00, -0.00) | 機器人X=+0.43 誤差=+0.02 | 速度=+0.00 θ=-0.049
[05:56:13] [INFO] [1779659773.059699]: [TRACK] 球(+0.85, 0.47) v=(+0.00, +0.00) | 機器人X=+0.43 誤差=+0.02 | 速度=+0.00 θ=-0.050
[05:56:13] [INFO] [1779659773.268863]: [TRACK] 球(+0.85, 0.47) v=(-0.00, -0.00) | 機器人X=+0.43 誤差=+0.02 | 速度=+0.00 θ=-0.052
[05:56:13] [INFO] [1779659773.480173]: [TRACK] 球(+0.85, 0.47) v=(-0.00, -0.00) | 機器人X=+0.43 誤差=+0.02 | 速度=+0.00 θ=-0.052
[05:56:13] [INFO] [1779659773.733277]: [TRACK] 球(+0.85, 0.47) v=(+0.00, +0.00) | 機器人X=+0.43 誤差=+0.02 | 速度=+0.00 θ=-0.053
[05:56:13] [INFO] [1779659773.978071]: [TRACK] 球(+0.85, 0.47) v=(+0.00, +0.00) | 機器人X=+0.43 誤差=+0.02 | 速度=+0.00 θ=-0.052
[05:56:14] [INFO] [1779659774.194402]: [TRACK] 球(+0.85, 0.47) v=(-0.00, -0.00) | 機器人X=+0.43 誤差=+0.02 | 速度=+0.00 θ=-0.052
[05:56:14] [INFO] [1779659774.402460]: [TRACK] 球(+0.85, 0.47) v=(-0.00, -0.00) | 機器人X=+0.43 誤差=+0.02 | 速度=+0.00 θ=-0.053
[05:56:14] [INFO] [1779659774.606782]: [TRACK] 球(+0.85, 0.47) v=(-0.00, -0.00) | 機器人X=+0.43 誤差=+0.02 | 速度=+0.00 θ=-0.051
[05:56:14] [INFO] [1779659774.817071]: [TRACK] 球(+0.85, 0.47) v=(+0.00, +0.00) | 機器人X=+0.43 誤差=+0.02 | 速度=+0.00 θ=-0.051
[05:56:15] [INFO] [1779659775.027345]: [TRACK] 球(+0.85, 0.47) v=(+0.00, +0.00) | 機器人X=+0.43 誤差=+0.02 | 速度=+0.00 θ=-0.051
[05:56:15] [INFO] [1779659775.240632]: [TRACK] 球(+0.85, 0.47) v=(+0.00, +0.00) | 機器人X=+0.43 誤差=+0.02 | 速度=+0.00 θ=-0.050
[05:56:15] [INFO] [1779659775.450979]: [TRACK] 球(+0.85, 0.47) v=(-0.00, -0.00) | 機器人X=+0.43 誤差=+0.02 | 速度=+0.00 θ=-0.051
[05:56:15] [INFO] [1779659775.659836]: [TRACK] 球(+0.85, 0.47) v=(-0.00, -0.00) | 機器人X=+0.43 誤差=+0.02 | 速度=+0.00 θ=-0.051
[05:56:15] [INFO] [1779659775.874166]: [TRACK] 球(+0.85, 0.47) v=(+0.00, +0.00) | 機器人X=+0.43 誤差=+0.02 | 速度=+0.00 θ=-0.052
[05:56:16] [INFO] [1779659776.088271]: [TRACK] 球(+0.85, 0.47) v=(-0.00, -0.00) | 機器人X=+0.43 誤差=+0.02 | 速度=+0.00 θ=-0.051
[05:56:16] [INFO] [1779659776.299015]: [TRACK] 球(+0.85, 0.47) v=(+0.00, +0.00) | 機器人X=+0.43 誤差=+0.02 | 速度=+0.00 θ=-0.052
[05:56:16] [INFO] [1779659776.510769]: [TRACK] 球(+0.85, 0.47) v=(+0.00, +0.00) | 機器人X=+0.43 誤差=+0.02 | 速度=+0.00 θ=-0.051
[05:56:16] [INFO] [1779659776.720517]: [TRACK] 球(+0.85, 0.47) v=(-0.00, -0.00) | 機器人X=+0.43 誤差=+0.02 | 速度=+0.00 θ=-0.051
[05:56:16] [INFO] [1779659776.931887]: [TRACK] 球(+0.85, 0.47) v=(-0.00, -0.00) | 機器人X=+0.43 誤差=+0.02 | 速度=+0.00 θ=-0.052
[05:56:17] [INFO] [1779659777.145576]: [TRACK] 球(+0.85, 0.47) v=(+0.00, -0.00) | 機器人X=+0.43 誤差=+0.02 | 速度=+0.00 θ=-0.053
[05:56:17] [INFO] [1779659777.362959]: [TRACK] 球(+0.85, 0.47) v=(+0.00, +0.00) | 機器人X=+0.43 誤差=+0.02 | 速度=+0.00 θ=-0.054
[05:56:17] [INFO] [1779659777.577828]: [TRACK] 球(+0.85, 0.47) v=(+0.00, +0.00) | 機器人X=+0.43 誤差=+0.02 | 速度=+0.00 θ=-0.055
[05:56:17] [INFO] [1779659777.780450]: [TRACK] 球(+0.85, 0.47) v=(+0.00, +0.00) | 機器人X=+0.43 誤差=+0.02 | 速度=+0.00 θ=-0.055
[05:56:18] [INFO] [1779659778.010834]: [TRACK] 球(+0.85, 0.47) v=(+0.00, +0.00) | 機器人X=+0.43 誤差=+0.02 | 速度=+0.00 θ=-0.055
[05:56:18] [INFO] [1779659778.222244]: [TRACK] 球(+0.85, 0.47) v=(-0.00, -0.00) | 機器人X=+0.43 誤差=+0.02 | 速度=+0.00 θ=-0.056
[05:56:18] [INFO] [1779659778.423148]: [TRACK] 球(+0.85, 0.47) v=(+0.00, +0.00) | 機器人X=+0.43 誤差=+0.02 | 速度=+0.00 θ=-0.057
[05:56:18] [INFO] [1779659778.653448]: [TRACK] 球(+0.85, 0.47) v=(+0.00, +0.00) | 機器人X=+0.43 誤差=+0.02 | 速度=+0.00 θ=-0.057
[05:56:18] [INFO] [1779659778.858279]: [TRACK] 球(+0.85, 0.47) v=(-0.00, -0.00) | 機器人X=+0.43 誤差=+0.02 | 速度=+0.00 θ=-0.057
[05:56:19] [INFO] [1779659779.086908]: [TRACK] 球(+0.85, 0.47) v=(-0.00, -0.00) | 機器人X=+0.43 誤差=+0.02 | 速度=+0.00 θ=-0.056
[05:56:19] [INFO] [1779659779.294075]: [TRACK] 球(+0.85, 0.47) v=(+0.00, +0.00) | 機器人X=+0.43 誤差=+0.02 | 速度=+0.00 θ=-0.056
[05:56:19] [INFO] [1779659779.526422]: [TRACK] 球(+0.85, 0.47) v=(-0.00, -0.00) | 機器人X=+0.43 誤差=+0.02 | 速度=+0.00 θ=-0.058
[05:56:19] [INFO] [1779659779.766660]: [TRACK] 球(+0.85, 0.47) v=(-0.00, -0.00) | 機器人X=+0.43 誤差=+0.02 | 速度=+0.00 θ=-0.056
[05:56:19] [0m[33m[WARN] [1779659779.985095]: [Fusion] 節點關閉，發送停止指令
