[01:33:44] [DEBUG] 成功開啟檔案，開始解析...
[01:33:44] [ERROR] 節點解析失敗，讀到異常內容: # Feature Dimension: 7
[01:33:44] [DEBUG] 找到 SECTION 1，準備讀取 Mu/Sigma...
[01:33:44] [DEBUG] Mu 讀取完畢，大小: 7
[01:33:44] [DEBUG] Sigma 讀取完畢，大小: 7
[01:33:44] 已成功載入隨機森林，總計 40 棵樹。
[01:33:44] [33m[WARN] [1779730424.708408373]: [Perception] Waiting for LiDAR...[0m
[01:34:00] [0m[INFO] [1779730424.706420309]: === [Perception] Started, 20 Hz ===[0m
[01:34:00] [0m[INFO] [1779730425.007920583]: [Perception] Post 1: x=-0.55 y=-0.47 dist=0.72 m[0m
[01:34:00] [0m[INFO] [1779730425.308191175]: [Perception] Post 1: x=-0.55 y=-0.47 dist=0.72 m[0m
[01:34:00] [0m[INFO] [1779730425.658227188]: [Perception] Post 1: x=-0.55 y=-0.47 dist=0.72 m[0m
[01:34:00] [0m[INFO] [1779730426.008175229]: [Perception] Post 1: x=-0.55 y=-0.47 dist=0.72 m[0m
[01:34:00] [0m[INFO] [1779730426.358512762]: [Perception] Post 1: x=-0.55 y=-0.47 dist=0.72 m[0m
[01:34:00] [0m[INFO] [1779730426.708078238]: [Perception] Post 1: x=-0.55 y=-0.47 dist=0.72 m[0m
[01:34:00] [0m[INFO] [1779730427.057964605]: [Perception] Post 1: x=-0.55 y=-0.47 dist=0.72 m[0m
[01:34:00] [0m[INFO] [1779730427.407291720]: [Perception] Post 1: x=-0.55 y=-0.47 dist=0.72 m[0m
[01:34:00] [0m[INFO] [1779730427.757204997]: [Perception] Post 1: x=-0.55 y=-0.47 dist=0.72 m[0m
[01:34:00] [0m[INFO] [1779730428.057819007]: [Perception] Post 1: x=-0.55 y=-0.47 dist=0.72 m[0m
[01:34:00] [0m[INFO] [1779730428.407988623]: [Perception] Post 1: x=-0.55 y=-0.47 dist=0.72 m[0m
[01:34:00] [0m[INFO] [1779730428.758153351]: [Perception] Post 1: x=-0.55 y=-0.47 dist=0.72 m[0m
[01:34:00] [0m[INFO] [1779730429.108061731]: [Perception] Post 1: x=-0.55 y=-0.47 dist=0.72 m[0m
[01:34:00] [0m[INFO] [1779730429.458232013]: [Perception] Post 1: x=-0.55 y=-0.47 dist=0.72 m[0m
[01:34:00] [0m[INFO] [1779730429.807513041]: [Perception] Post 1: x=-0.55 y=-0.47 dist=0.72 m[0m
[01:34:00] [0m[INFO] [1779730430.107979369]: [Perception] Post 1: x=-0.55 y=-0.47 dist=0.72 m[0m
[01:34:00] [0m[INFO] [1779730430.457248469]: [Perception] Post 1: x=-0.55 y=-0.47 dist=0.72 m[0m
[01:34:00] [0m[INFO] [1779730430.757474456]: [Perception] Post 1: x=-0.55 y=-0.47 dist=0.72 m[0m
[01:34:00] [0m[INFO] [1779730431.058092032]: [Perception] Post 1: x=-0.55 y=-0.47 dist=0.72 m[0m
[01:34:00] [0m[INFO] [1779730431.358114065]: [Perception] Post 1: x=-0.55 y=-0.47 dist=0.72 m[0m
[01:34:00] [0m[INFO] [1779730431.707624300]: [Perception] Post 1: x=-0.55 y=-0.47 dist=0.72 m[0m
[01:34:00] [0m[INFO] [1779730432.058560005]: [Perception] Post 1: x=-0.55 y=-0.47 dist=0.72 m[0m
[01:34:00] [0m[INFO] [1779730432.407892742]: [Perception] Post 1: x=-0.55 y=-0.47 dist=0.72 m[0m
[01:34:00] [0m[INFO] [1779730432.757443405]: [Perception] Post 1: x=-0.55 y=-0.47 dist=0.72 m[0m
[01:34:00] [0m[INFO] [1779730433.057559301]: [Perception] Post 1: x=-0.55 y=-0.47 dist=0.72 m[0m
[01:34:00] [0m[INFO] [1779730433.408697817]: [Perception] Post 1: x=-0.55 y=-0.47 dist=0.72 m[0m
[01:34:00] [0m[INFO] [1779730433.757839902]: [Perception] Post 1: x=-0.55 y=-0.47 dist=0.72 m[0m
[01:34:00] [0m[INFO] [1779730434.107980930]: [Perception] Post 1: x=-0.55 y=-0.47 dist=0.72 m[0m
[01:34:00] [0m[INFO] [1779730434.458338982]: [Perception] Post 1: x=-0.55 y=-0.47 dist=0.72 m[0m
[01:34:00] [0m[INFO] [1779730434.807466828]: [Perception] Post 1: x=-0.55 y=-0.47 dist=0.72 m[0m
[01:34:00] [0m[INFO] [1779730435.158552495]: [Perception] Post 1: x=-0.55 y=-0.47 dist=0.72 m[0m
[01:34:00] [0m[INFO] [1779730435.508109834]: [Perception] Post 1: x=-0.55 y=-0.47 dist=0.72 m[0m
[01:34:00] [0m[INFO] [1779730435.857160368]: [Perception] Post 1: x=-0.55 y=-0.47 dist=0.72 m[0m
[01:34:00] [0m[INFO] [1779730436.157521904]: [Perception] Post 1: x=-0.55 y=-0.47 dist=0.72 m[0m
[01:34:00] [0m[INFO] [1779730436.507912330]: [Perception] Post 1: x=-0.55 y=-0.47 dist=0.72 m[0m
[01:34:00] [0m[INFO] [1779730436.857685929]: [Perception] Post 1: x=-0.58 y=-0.47 dist=0.74 m[0m
[01:34:00] [0m[INFO] [1779730437.207714817]: [Perception] Post 1: x=-0.65 y=-0.47 dist=0.80 m[0m
[01:34:00] [0m[INFO] [1779730437.557901066]: [Perception] Post 1: x=-0.72 y=-0.47 dist=0.86 m[0m
[01:34:00] [0m[INFO] [1779730437.858129123]: [Perception] Post 1: x=-0.76 y=-0.47 dist=0.90 m[0m
[01:34:00] [0m[INFO] [1779730438.208009743]: [Perception] Post 1: x=-0.83 y=-0.48 dist=0.96 m[0m
[01:34:00] [0m[INFO] [1779730438.558075579]: [Perception] Post 1: x=-0.89 y=-0.49 dist=1.01 m[0m
[01:34:00] [0m[INFO] [1779730438.908153767]: [Perception] Post 1: x=-0.86 y=-0.49 dist=0.99 m[0m
[01:34:00] [0m[INFO] [1779730439.208690772]: [Perception] Post 1: x=-0.77 y=-0.51 dist=0.93 m[0m
[01:34:00] [0m[INFO] [1779730439.557421481]: [Perception] Post 1: x=-0.73 y=-0.47 dist=0.87 m[0m
[01:34:00] [0m[INFO] [1779730439.858233231]: [Perception] Post 1: x=-0.69 y=-0.46 dist=0.83 m[0m
[01:34:15] [0m[INFO] [1779730440.207421554]: [Perception] Post 1: x=-0.62 y=-0.46 dist=0.77 m[0m
[01:34:15] [0m[INFO] [1779730440.507680341]: [Perception] Post 1: x=-0.57 y=-0.46 dist=0.73 m[0m
[01:34:15] [0m[INFO] [1779730440.857522540]: [Perception] Post 1: x=-0.50 y=-0.45 dist=0.68 m[0m
[01:34:15] [0m[INFO] [1779730441.157730616]: [Perception] Post 1: x=-0.46 y=-0.45 dist=0.64 m[0m
[01:34:15] [0m[INFO] [1779730441.458268273]: [Perception] Post 1: x=-0.41 y=-0.45 dist=0.61 m[0m
[01:34:15] [0m[INFO] [1779730441.807795886]: [Perception] Post 1: x=-0.34 y=-0.45 dist=0.56 m[0m
[01:34:15] [0m[INFO] [1779730442.108036619]: [Perception] Post 1: x=-0.28 y=-0.44 dist=0.52 m[0m
[01:34:15] [0m[INFO] [1779730442.457904750]: [Perception] Post 1: x=-0.24 y=-0.44 dist=0.50 m[0m
[01:34:15] [0m[INFO] [1779730442.807904365]: [Perception] Post 1: x=-0.17 y=-0.44 dist=0.47 m[0m
[01:34:15] [0m[INFO] [1779730443.158069710]: [Perception] Post 1: x=-0.09 y=-0.44 dist=0.45 m[0m
[01:34:15] [0m[INFO] [1779730443.507286220]: [Perception] Post 1: x=-0.01 y=-0.44 dist=0.44 m[0m
[01:34:15] [0m[INFO] [1779730443.807602548]: [Perception] Post 1: x=-0.02 y=-0.44 dist=0.44 m[0m
[01:34:15] [0m[INFO] [1779730444.157053357]: [Perception] Post 1: x=-0.12 y=-0.44 dist=0.45 m[0m
[01:34:15] [0m[INFO] [1779730444.457468660]: [Perception] Post 1: x=-0.18 y=-0.43 dist=0.47 m[0m
[01:34:15] [0m[INFO] [1779730444.757655592]: [Perception] Post 1: x=-0.26 y=-0.43 dist=0.51 m[0m
[01:34:15] [0m[INFO] [1779730445.107692995]: [Perception] Post 1: x=-0.29 y=-0.44 dist=0.53 m[0m
[01:34:15] [0m[INFO] [1779730445.408202287]: [Perception] Post 1: x=-0.34 y=-0.46 dist=0.57 m[0m
[01:34:15] [0m[INFO] [1779730445.757847987]: [Perception] Post 1: x=-0.39 y=-0.46 dist=0.60 m[0m
[01:34:15] [0m[INFO] [1779730446.107830569]: [Perception] Post 1: x=-0.45 y=-0.46 dist=0.65 m[0m
[01:34:15] [0m[INFO] [1779730446.457631454]: [Perception] Post 1: x=-0.52 y=-0.46 dist=0.70 m[0m
[01:34:15] [0m[INFO] [1779730446.807573676]: [Perception] Post 1: x=-0.59 y=-0.46 dist=0.75 m[0m
[01:34:15] [0m[INFO] [1779730447.107774614]: [Perception] Post 1: x=-0.64 y=-0.47 dist=0.79 m[0m
[01:34:15] [0m[INFO] [1779730447.457455554]: [Perception] Post 1: x=-0.71 y=-0.47 dist=0.85 m[0m
[01:34:15] [0m[INFO] [1779730447.758089018]: [Perception] Post 1: x=-0.75 y=-0.47 dist=0.89 m[0m
[01:34:15] [0m[INFO] [1779730448.107376230]: [Perception] Post 1: x=-0.82 y=-0.47 dist=0.95 m[0m
[01:34:15] [0m[INFO] [1779730448.407804945]: [Perception] Post 1: x=-0.87 y=-0.48 dist=1.00 m[0m
[01:34:15] [0m[INFO] [1779730448.757987656]: [Perception] Post 1: x=-0.90 y=-0.48 dist=1.02 m[0m
[01:34:15] [0m[INFO] [1779730449.107965569]: [Perception] Post 1: x=-0.83 y=-0.47 dist=0.95 m[0m
[01:34:15] [0m[INFO] [1779730449.457515334]: [Perception] Post 1: x=-0.76 y=-0.47 dist=0.89 m[0m
[01:34:15] [0m[INFO] [1779730449.757594681]: [Perception] Post 1: x=-0.71 y=-0.48 dist=0.85 m[0m
[01:34:15] [0m[INFO] [1779730450.107345836]: [Perception] Post 1: x=-0.64 y=-0.47 dist=0.79 m[0m
[01:34:15] [0m[INFO] [1779730450.407631066]: [Perception] Post 1: x=-0.60 y=-0.46 dist=0.76 m[0m
[01:34:15] [0m[INFO] [1779730450.707696514]: [Perception] Post 1: x=-0.55 y=-0.46 dist=0.72 m[0m
[01:34:15] [0m[INFO] [1779730451.058181843]: [Perception] Post 1: x=-0.48 y=-0.46 dist=0.67 m[0m
[01:34:15] [0m[INFO] [1779730451.407664078]: [Perception] Post 1: x=-0.41 y=-0.46 dist=0.62 m[0m
[01:34:15] [0m[INFO] [1779730451.757750705]: [Perception] Post 1: x=-0.35 y=-0.45 dist=0.57 m[0m
[01:34:15] [0m[INFO] [1779730452.058667271]: [Perception] Post 1: x=-0.30 y=-0.45 dist=0.54 m[0m
[01:34:15] [0m[INFO] [1779730452.408102841]: [Perception] Post 1: x=-0.23 y=-0.45 dist=0.51 m[0m
[01:34:15] [0m[INFO] [1779730452.757764476]: [Perception] Post 1: x=-0.19 y=-0.45 dist=0.49 m[0m
[01:34:15] [0m[INFO] [1779730453.107254065]: [Perception] Post 1: x=-0.12 y=-0.45 dist=0.46 m[0m
[01:34:15] [0m[INFO] [1779730453.407465062]: [Perception] Post 1: x=-0.05 y=-0.45 dist=0.45 m[0m
[01:34:15] [0m[INFO] [1779730453.707488430]: [Perception] Post 1: x=-0.04 y=-0.45 dist=0.45 m[0m
[01:34:15] [0m[INFO] [1779730454.008629902]: [Perception] Post 1: x=-0.06 y=-0.45 dist=0.45 m[0m
[01:34:15] [0m[INFO] [1779730454.357814298]: [Perception] Post 1: x=-0.13 y=-0.45 dist=0.47 m[0m
[01:34:15] [0m[INFO] [1779730454.707625631]: [Perception] Post 1: x=-0.20 y=-0.45 dist=0.49 m[0m
[01:34:15] [0m[INFO] [1779730455.058795833]: [Perception] Post 1: x=-0.27 y=-0.45 dist=0.53 m[0m
[01:34:15] [0m[INFO] [1779730455.407782779]: [Perception] Post 1: x=-0.31 y=-0.45 dist=0.55 m[0m
[01:34:30] [0m[INFO] [1779730455.707925644]: [Perception] Post 1: x=-0.38 y=-0.46 dist=0.59 m[0m
[01:34:30] [0m[INFO] [1779730456.058130303]: [Perception] Post 1: x=-0.43 y=-0.46 dist=0.62 m[0m
[01:34:30] [0m[INFO] [1779730456.407405572]: [Perception] Post 1: x=-0.49 y=-0.46 dist=0.68 m[0m
[01:34:30] [0m[INFO] [1779730456.707601955]: [Perception] Post 1: x=-0.56 y=-0.46 dist=0.73 m[0m
[01:34:30] [0m[INFO] [1779730457.057819286]: [Perception] Post 1: x=-0.62 y=-0.46 dist=0.77 m[0m
[01:34:30] [0m[INFO] [1779730457.407794626]: [Perception] Post 1: x=-0.68 y=-0.47 dist=0.82 m[0m
[01:34:30] [0m[INFO] [1779730457.757661871]: [Perception] Post 1: x=-0.75 y=-0.47 dist=0.89 m[0m
[01:34:30] [0m[INFO] [1779730458.107534510]: [Perception] Post 1: x=-0.83 y=-0.46 dist=0.95 m[0m
[01:34:30] [0m[INFO] [1779730458.407626482]: [Perception] Post 1: x=-0.89 y=-0.43 dist=0.99 m[0m
[01:34:30] [0m[INFO] [1779730458.707748380]: [Perception] Post 1: x=-0.93 y=-0.40 dist=1.02 m[0m
[01:34:30] [0m[INFO] [1779730459.008252742]: [Perception] Post 1: x=-0.85 y=-0.46 dist=0.97 m[0m
[01:34:30] [0m[INFO] [1779730459.358134556]: [Perception] Post 1: x=-0.78 y=-0.48 dist=0.92 m[0m
[01:34:30] [0m[INFO] [1779730459.658535254]: [Perception] Post 1: x=-0.69 y=-0.51 dist=0.86 m[0m
[01:34:30] [0m[INFO] [1779730460.007518804]: [Perception] Post 1: x=-0.63 y=-0.50 dist=0.80 m[0m
[01:34:30] [0m[INFO] [1779730460.307891810]: [Perception] Post 1: x=-0.60 y=-0.48 dist=0.77 m[0m
[01:34:30] [0m[INFO] [1779730460.608532685]: [Perception] Post 1: x=-0.56 y=-0.47 dist=0.73 m[0m
[01:34:30] [0m[INFO] [1779730460.958280472]: [Perception] Post 1: x=-0.49 y=-0.47 dist=0.68 m[0m
[01:34:30] [0m[INFO] [1779730461.307443638]: [Perception] Post 1: x=-0.43 y=-0.46 dist=0.63 m[0m
[01:34:30] [0m[INFO] [1779730461.607741609]: [Perception] Post 1: x=-0.38 y=-0.46 dist=0.60 m[0m
[01:34:30] [0m[INFO] [1779730461.957691257]: [Perception] Post 1: x=-0.31 y=-0.46 dist=0.55 m[0m
[01:34:30] [0m[INFO] [1779730462.258081093]: [Perception] Post 1: x=-0.27 y=-0.46 dist=0.53 m[0m
[01:34:30] [0m[INFO] [1779730462.558353087]: [Perception] Post 1: x=-0.20 y=-0.45 dist=0.50 m[0m
[01:34:30] [0m[INFO] [1779730462.858607354]: [Perception] Post 1: x=-0.16 y=-0.45 dist=0.48 m[0m
[01:34:30] [0m[INFO] [1779730463.208671839]: [Perception] Post 1: x=-0.09 y=-0.45 dist=0.46 m[0m
[01:34:30] [0m[INFO] [1779730463.557791447]: [Perception] Post 1: x=-0.05 y=-0.45 dist=0.45 m[0m
[01:34:30] [0m[INFO] [1779730463.858544990]: [Perception] Post 1: x=-0.05 y=-0.45 dist=0.45 m[0m
[01:34:30] [0m[INFO] [1779730464.207554355]: [Perception] Post 1: x=-0.11 y=-0.45 dist=0.46 m[0m
[01:34:30] [0m[INFO] [1779730464.507960013]: [Perception] Post 1: x=-0.16 y=-0.45 dist=0.48 m[0m
[01:34:30] [0m[INFO] [1779730464.858035922]: [Perception] Post 1: x=-0.23 y=-0.45 dist=0.51 m[0m
[01:34:30] [0m[INFO] [1779730465.207720307]: [Perception] Post 1: x=-0.29 y=-0.45 dist=0.54 m[0m
[01:34:30] [0m[INFO] [1779730465.508255290]: [Perception] Post 1: x=-0.34 y=-0.46 dist=0.57 m[0m
[01:34:30] [0m[INFO] [1779730465.858338344]: [Perception] Post 1: x=-0.41 y=-0.46 dist=0.61 m[0m
[01:34:30] [0m[INFO] [1779730466.158430798]: [Perception] Post 1: x=-0.46 y=-0.46 dist=0.65 m[0m
[01:34:30] [0m[INFO] [1779730466.508716665]: [Perception] Post 1: x=-0.52 y=-0.47 dist=0.70 m[0m
[01:34:30] [0m[INFO] [1779730466.858523886]: [Perception] Post 1: x=-0.57 y=-0.46 dist=0.73 m[0m
[01:34:30] [0m[INFO] [1779730467.207576308]: [Perception] Post 1: x=-0.64 y=-0.46 dist=0.79 m[0m
[01:34:30] [0m[INFO] [1779730467.507578161]: [Perception] Post 1: x=-0.73 y=-0.43 dist=0.85 m[0m
[01:34:30] [0m[INFO] [1779730467.808148691]: [Perception] Post 1: x=-0.80 y=-0.40 dist=0.89 m[0m
[01:34:30] [0m[INFO] [1779730468.158169335]: [Perception] Post 1: x=-0.89 y=-0.37 dist=0.96 m[0m
[01:34:30] [0m[INFO] [1779730468.507464565]: [Perception] Post 1: x=-0.94 y=-0.38 dist=1.01 m[0m
[01:34:30] [0m[INFO] [1779730468.807756122]: [Perception] Post 1: x=-0.89 y=-0.40 dist=0.98 m[0m
[01:34:30] [0m[INFO] [1779730469.108462085]: [Perception] Post 1: x=-0.82 y=-0.45 dist=0.94 m[0m
[01:34:30] [0m[INFO] [1779730469.458192152]: [Perception] Post 1: x=-0.72 y=-0.49 dist=0.87 m[0m
[01:34:30] [0m[INFO] [1779730469.758216803]: [Perception] Post 1: x=-0.66 y=-0.52 dist=0.84 m[0m
[01:34:30] [0m[INFO] [1779730470.107835961]: [Perception] Post 1: x=-0.61 y=-0.49 dist=0.78 m[0m
[01:34:30] [0m[INFO] [1779730470.457982514]: [Perception] Post 1: x=-0.55 y=-0.47 dist=0.73 m[0m
[01:34:46] [0m[INFO] [1779730470.807669575]: [Perception] Post 1: x=-0.48 y=-0.47 dist=0.67 m[0m
[01:34:46] [0m[INFO] [1779730471.108022295]: [Perception] Post 1: x=-0.44 y=-0.47 dist=0.64 m[0m
[01:34:46] [0m[INFO] [1779730471.457525449]: [Perception] Post 1: x=-0.37 y=-0.46 dist=0.59 m[0m
[01:34:46] [0m[INFO] [1779730471.757772197]: [Perception] Post 1: x=-0.32 y=-0.46 dist=0.57 m[0m
[01:34:46] [0m[INFO] [1779730472.058210141]: [Perception] Post 1: x=-0.28 y=-0.46 dist=0.54 m[0m
[01:34:46] [0m[INFO] [1779730472.358276527]: [Perception] Post 1: x=-0.21 y=-0.46 dist=0.51 m[0m
[01:34:46] [0m[INFO] [1779730472.658317773]: [Perception] Post 1: x=-0.17 y=-0.46 dist=0.49 m[0m
[01:34:46] [0m[INFO] [1779730473.007351193]: [Perception] Post 1: x=-0.10 y=-0.46 dist=0.47 m[0m
[01:34:46] [0m[INFO] [1779730473.307926916]: [Perception] Post 1: x=-0.06 y=-0.45 dist=0.46 m[0m
[01:34:46] [0m[INFO] [1779730473.657852702]: [Perception] Post 1: x=-0.04 y=-0.46 dist=0.46 m[0m
[01:34:46] [0m[INFO] [1779730474.007583015]: [Perception] Post 1: x=-0.09 y=-0.45 dist=0.46 m[0m
[01:34:46] [0m[INFO] [1779730474.308093681]: [Perception] Post 1: x=-0.13 y=-0.46 dist=0.48 m[0m
[01:34:46] [0m[INFO] [1779730474.657805209]: [Perception] Post 1: x=-0.20 y=-0.46 dist=0.50 m[0m
[01:34:46] [0m[INFO] [1779730475.007737797]: [Perception] Post 1: x=-0.27 y=-0.46 dist=0.53 m[0m
[01:34:46] [0m[INFO] [1779730475.357350685]: [Perception] Post 1: x=-0.31 y=-0.46 dist=0.56 m[0m
[01:34:46] [0m[INFO] [1779730475.657464782]: [Perception] Post 1: x=-0.38 y=-0.46 dist=0.60 m[0m
[01:34:46] [0m[INFO] [1779730475.957654956]: [Perception] Post 1: x=-0.43 y=-0.46 dist=0.63 m[0m
[01:34:46] [0m[INFO] [1779730476.258106537]: [Perception] Post 1: x=-0.47 y=-0.47 dist=0.66 m[0m
[01:34:46] [0m[INFO] [1779730476.607372690]: [Perception] Post 1: x=-0.55 y=-0.47 dist=0.72 m[0m
[01:34:46] [0m[INFO] [1779730476.907815243]: [Perception] Post 1: x=-0.61 y=-0.47 dist=0.77 m[0m
[01:34:46] [0m[INFO] [1779730477.207894016]: [Perception] Post 1: x=-0.66 y=-0.47 dist=0.81 m[0m
[01:34:46] [0m[INFO] [1779730477.508303010]: [Perception] Post 1: x=-0.71 y=-0.47 dist=0.85 m[0m
[01:34:46] [0m[INFO] [1779730477.808356124]: [Perception] Post 1: x=-0.81 y=-0.42 dist=0.92 m[0m
[01:34:46] [0m[INFO] [1779730478.109565016]: [Perception] Post 1: x=-0.87 y=-0.39 dist=0.96 m[0m
[01:34:46] [0m[INFO] [1779730478.458246872]: [Perception] Post 1: x=-0.94 y=-0.39 dist=1.02 m[0m
[01:34:46] [0m[INFO] [1779730478.758349324]: [Perception] Post 1: x=0.02 y=-0.45 dist=0.45 m[0m
[01:34:46] [0m[INFO] [1779730479.058652417]: [Perception] Post 1: x=-0.80 y=-0.49 dist=0.94 m[0m
[01:34:46] [0m[INFO] [1779730479.407913592]: [Perception] Post 1: x=-0.73 y=-0.51 dist=0.90 m[0m
[01:34:46] [0m[INFO] [1779730479.757712879]: [Perception] Post 1: x=-0.67 y=-0.51 dist=0.84 m[0m
[01:34:46] [0m[INFO] [1779730480.058112428]: [Perception] Post 1: x=-0.63 y=-0.49 dist=0.80 m[0m
[01:34:46] [0m[INFO] [1779730480.408122155]: [Perception] Post 1: x=-0.56 y=-0.49 dist=0.74 m[0m
[01:34:46] [0m[INFO] [1779730480.757913058]: [Perception] Post 1: x=-0.50 y=-0.48 dist=0.69 m[0m
[01:34:46] [0m[INFO] [1779730481.057990522]: [Perception] Post 1: x=-0.45 y=-0.48 dist=0.66 m[0m
[01:34:46] [0m[INFO] [1779730481.407650061]: [Perception] Post 1: x=-0.39 y=-0.48 dist=0.61 m[0m
[01:34:46] [0m[INFO] [1779730481.757782643]: [Perception] Post 1: x=-0.31 y=-0.48 dist=0.57 m[0m
[01:34:46] [0m[INFO] [1779730482.058246566]: [Perception] Post 1: x=-0.27 y=-0.47 dist=0.55 m[0m
[01:34:46] [0m[INFO] [1779730482.407681434]: [Perception] Post 1: x=-0.21 y=-0.47 dist=0.52 m[0m
[01:34:46] [0m[INFO] [1779730482.757659535]: [Perception] Post 1: x=-0.14 y=-0.47 dist=0.49 m[0m
[01:34:46] [0m[INFO] [1779730483.057942400]: [Perception] Post 1: x=-0.09 y=-0.47 dist=0.48 m[0m
[01:34:46] [0m[INFO] [1779730483.407421021]: [Perception] Post 1: x=-0.04 y=-0.47 dist=0.47 m[0m
[01:34:46] [0m[INFO] [1779730483.707610406]: [Perception] Post 1: x=-0.03 y=-0.47 dist=0.47 m[0m
[01:34:46] [0m[INFO] [1779730484.057713624]: [Perception] Post 1: x=-0.09 y=-0.47 dist=0.48 m[0m
[01:34:46] [0m[INFO] [1779730484.407771425]: [Perception] Post 1: x=-0.16 y=-0.47 dist=0.50 m[0m
[01:34:46] [0m[INFO] [1779730484.707773388]: [Perception] Post 1: x=-0.21 y=-0.47 dist=0.52 m[0m
[01:34:46] [0m[INFO] [1779730485.007978327]: [Perception] Post 1: x=-0.25 y=-0.47 dist=0.54 m[0m
[01:34:46] [0m[INFO] [1779730485.358031322]: [Perception] Post 1: x=-0.32 y=-0.47 dist=0.57 m[0m
[01:34:46] [0m[INFO] [1779730485.707384495]: [Perception] Post 1: x=-0.39 y=-0.47 dist=0.62 m[0m
[01:35:01] [0m[INFO] [1779730486.007778969]: [Perception] Post 1: x=-0.44 y=-0.48 dist=0.65 m[0m
[01:35:01] [0m[INFO] [1779730486.358040954]: [Perception] Post 1: x=-0.50 y=-0.48 dist=0.70 m[0m
[01:35:01] [0m[INFO] [1779730486.658054803]: [Perception] Post 1: x=-0.55 y=-0.48 dist=0.73 m[0m
[01:35:01] [0m[INFO] [1779730487.007845854]: [Perception] Post 1: x=-0.62 y=-0.48 dist=0.79 m[0m
[01:35:01] [0m[INFO] [1779730487.358088051]: [Perception] Post 1: x=-0.69 y=-0.49 dist=0.84 m[0m
[01:35:01] [0m[INFO] [1779730487.707808200]: [Perception] Post 1: x=-0.76 y=-0.48 dist=0.90 m[0m
[01:35:01] [0m[INFO] [1779730488.007835786]: [Perception] Post 1: x=-0.81 y=-0.49 dist=0.95 m[0m
[01:35:01] [0m[INFO] [1779730488.307936565]: [Perception] Post 1: x=-0.86 y=-0.49 dist=0.99 m[0m
[01:35:01] [0m[INFO] [1779730488.658413875]: [Perception] Post 1: x=-0.90 y=-0.48 dist=1.02 m[0m
[01:35:01] [0m[INFO] [1779730489.007606278]: [Perception] Post 1: x=-0.83 y=-0.47 dist=0.95 m[0m
[01:35:01] [0m[INFO] [1779730489.307624642]: [Perception] Post 1: x=-0.78 y=-0.46 dist=0.91 m[0m
[01:35:01] [0m[INFO] [1779730489.658283580]: [Perception] Post 1: x=-0.71 y=-0.47 dist=0.85 m[0m
[01:35:01] [0m[INFO] [1779730490.007655220]: [Perception] Post 1: x=-0.64 y=-0.46 dist=0.79 m[0m
[01:35:01] [0m[INFO] [1779730490.308076525]: [Perception] Post 1: x=-0.60 y=-0.46 dist=0.75 m[0m
[01:35:01] [0m[INFO] [1779730490.658128791]: [Perception] Post 1: x=-0.53 y=-0.45 dist=0.70 m[0m
[01:35:01] [0m[INFO] [1779730491.007817891]: [Perception] Post 1: x=-0.46 y=-0.45 dist=0.65 m[0m
[01:35:01] [0m[INFO] [1779730491.358222686]: [Perception] Post 1: x=-0.42 y=-0.45 dist=0.61 m[0m
[01:35:01] [0m[INFO] [1779730491.707975704]: [Perception] Post 1: x=-0.35 y=-0.45 dist=0.57 m[0m
[01:35:01] [0m[INFO] [1779730492.057538846]: [Perception] Post 1: x=-0.28 y=-0.45 dist=0.53 m[0m
[01:35:01] [0m[INFO] [1779730492.407590080]: [Perception] Post 1: x=-0.21 y=-0.44 dist=0.49 m[0m
[01:35:01] [0m[INFO] [1779730492.707761440]: [Perception] Post 1: x=-0.17 y=-0.44 dist=0.47 m[0m
[01:35:01] [0m[INFO] [1779730493.007758029]: [Perception] Post 1: x=-0.12 y=-0.44 dist=0.46 m[0m
[01:35:01] [0m[INFO] [1779730493.357829385]: [Perception] Post 1: x=-0.04 y=-0.44 dist=0.44 m[0m
[01:35:01] [0m[INFO] [1779730493.658208420]: [Perception] Post 1: x=-0.01 y=-0.44 dist=0.44 m[0m
[01:35:01] [0m[INFO] [1779730494.007633919]: [Perception] Post 1: x=-0.09 y=-0.44 dist=0.45 m[0m
[01:35:01] [0m[INFO] [1779730494.358303771]: [Perception] Post 1: x=-0.19 y=-0.44 dist=0.47 m[0m
[01:35:01] [0m[INFO] [1779730494.707436664]: [Perception] Post 1: x=-0.26 y=-0.44 dist=0.51 m[0m
[01:35:01] [0m[INFO] [1779730495.007718479]: [Perception] Post 1: x=-0.28 y=-0.45 dist=0.53 m[0m
[01:35:01] [0m[INFO] [1779730495.357746143]: [Perception] Post 1: x=-0.33 y=-0.46 dist=0.57 m[0m
[01:35:01] [0m[INFO] [1779730495.707817269]: [Perception] Post 1: x=-0.40 y=-0.46 dist=0.61 m[0m
[01:35:01] [0m[INFO] [1779730496.058070053]: [Perception] Post 1: x=-0.45 y=-0.47 dist=0.65 m[0m
[01:35:01] [0m[INFO] [1779730496.407813626]: [Perception] Post 1: x=-0.51 y=-0.47 dist=0.70 m[0m
[01:35:01] [0m[INFO] [1779730496.707941399]: [Perception] Post 1: x=-0.56 y=-0.47 dist=0.73 m[0m
[01:35:01] [0m[INFO] [1779730497.057393404]: [Perception] Post 1: x=-0.63 y=-0.47 dist=0.79 m[0m
[01:35:01] [0m[INFO] [1779730497.357617496]: [Perception] Post 1: x=-0.68 y=-0.47 dist=0.83 m[0m
[01:35:01] [0m[INFO] [1779730497.658098032]: [Perception] Post 1: x=-0.75 y=-0.48 dist=0.89 m[0m
[01:35:01] [0m[INFO] [1779730498.007592787]: [Perception] Post 1: x=-0.82 y=-0.48 dist=0.95 m[0m
[01:35:01] [0m[INFO] [1779730498.308266333]: [Perception] Post 1: x=-0.87 y=-0.47 dist=0.99 m[0m
[01:35:01] [0m[INFO] [1779730498.657919220]: [Perception] Post 1: x=-0.91 y=-0.44 dist=1.01 m[0m
[01:35:01] [0m[INFO] [1779730498.958045189]: [Perception] Post 1: x=-0.84 y=-0.47 dist=0.97 m[0m
[01:35:01] [0m[INFO] [1779730499.307345848]: [Perception] Post 1: x=-0.75 y=-0.51 dist=0.90 m[0m
[01:35:01] [0m[INFO] [1779730499.607767876]: [Perception] Post 1: x=-0.69 y=-0.52 dist=0.86 m[0m
[01:35:01] [0m[INFO] [1779730499.907773789]: [Perception] Post 1: x=-0.63 y=-0.50 dist=0.81 m[0m
[01:35:01] [0m[INFO] [1779730500.207935115]: [Perception] Post 1: x=-0.61 y=-0.47 dist=0.77 m[0m
[01:35:01] [0m[INFO] [1779730500.557741790]: [Perception] Post 1: x=-0.54 y=-0.47 dist=0.71 m[0m
[01:35:01] [0m[INFO] [1779730500.857847809]: [Perception] Post 1: x=-0.50 y=-0.46 dist=0.68 m[0m
[01:35:16] [0m[INFO] [1779730501.207605210]: [Perception] Post 1: x=-0.43 y=-0.46 dist=0.63 m[0m
[01:35:16] [0m[INFO] [1779730501.557560345]: [Perception] Post 1: x=-0.36 y=-0.46 dist=0.58 m[0m
[01:35:16] [0m[INFO] [1779730501.857779490]: [Perception] Post 1: x=-0.31 y=-0.46 dist=0.55 m[0m
[01:35:16] [0m[INFO] [1779730502.157791861]: [Perception] Post 1: x=-0.27 y=-0.45 dist=0.53 m[0m
[01:35:16] [0m[INFO] [1779730502.458125915]: [Perception] Post 1: x=-0.20 y=-0.45 dist=0.50 m[0m
[01:35:16] [0m[INFO] [1779730502.807756836]: [Perception] Post 1: x=-0.14 y=-0.45 dist=0.47 m[0m
[01:35:16] [0m[INFO] [1779730503.107957026]: [Perception] Post 1: x=-0.09 y=-0.45 dist=0.46 m[0m
[01:35:16] [0m[INFO] [1779730503.457356958]: [Perception] Post 1: x=-0.05 y=-0.45 dist=0.45 m[0m
[01:35:16] [0m[INFO] [1779730503.757592332]: [Perception] Post 1: x=-0.06 y=-0.45 dist=0.45 m[0m
[01:35:16] [0m[INFO] [1779730504.057974985]: [Perception] Post 1: x=-0.10 y=-0.45 dist=0.46 m[0m
[01:35:16] [0m[INFO] [1779730504.407913186]: [Perception] Post 1: x=-0.17 y=-0.45 dist=0.48 m[0m
[01:35:16] [0m[INFO] [1779730504.758164662]: [Perception] Post 1: x=-0.24 y=-0.45 dist=0.51 m[0m
[01:35:16] [0m[INFO] [1779730505.107774256]: [Perception] Post 1: x=-0.28 y=-0.45 dist=0.53 m[0m
[01:35:16] [0m[INFO] [1779730505.407862101]: [Perception] Post 1: x=-0.35 y=-0.46 dist=0.57 m[0m
[01:35:16] [0m[INFO] [1779730505.757536008]: [Perception] Post 1: x=-0.42 y=-0.46 dist=0.62 m[0m
[01:35:16] [0m[INFO] [1779730506.107671295]: [Perception] Post 1: x=-0.46 y=-0.46 dist=0.65 m[0m
[01:35:16] [0m[INFO] [1779730506.457485435]: [Perception] Post 1: x=-0.53 y=-0.46 dist=0.71 m[0m
[01:35:16] [0m[INFO] [1779730506.757608891]: [Perception] Post 1: x=-0.60 y=-0.46 dist=0.76 m[0m
[01:35:16] [0m[INFO] [1779730507.057791678]: [Perception] Post 1: x=-0.65 y=-0.47 dist=0.80 m[0m
[01:35:16] [0m[INFO] [1779730507.358111174]: [Perception] Post 1: x=-0.70 y=-0.47 dist=0.84 m[0m
[01:35:16] [0m[INFO] [1779730507.707858266]: [Perception] Post 1: x=-0.77 y=-0.47 dist=0.90 m[0m
[01:35:16] [0m[INFO] [1779730508.057803823]: [Perception] Post 1: x=-0.84 y=-0.47 dist=0.96 m[0m
[01:35:16] [0m[INFO] [1779730508.407750860]: [Perception] Post 1: x=-0.88 y=-0.48 dist=1.00 m[0m
[01:35:16] [0m[INFO] [1779730508.708220610]: [Perception] Post 1: x=-0.86 y=-0.48 dist=0.98 m[0m
[01:35:16] [0m[INFO] [1779730509.057392160]: [Perception] Post 1: x=-0.76 y=-0.51 dist=0.92 m[0m
[01:35:16] [0m[INFO] [1779730509.407991450]: [Perception] Post 1: x=-0.72 y=-0.50 dist=0.88 m[0m
[01:35:16] [0m[INFO] [1779730509.757916840]: [Perception] Post 1: x=-0.67 y=-0.48 dist=0.82 m[0m
[01:35:16] [0m[INFO] [1779730510.107220647]: [Perception] Post 1: x=-0.60 y=-0.47 dist=0.76 m[0m
[01:35:16] [0m[INFO] [1779730510.407811121]: [Perception] Post 1: x=-0.56 y=-0.46 dist=0.73 m[0m
[01:35:16] [0m[INFO] [1779730510.757308441]: [Perception] Post 1: x=-0.48 y=-0.47 dist=0.67 m[0m
[01:35:16] [0m[INFO] [1779730511.058390444]: [Perception] Post 1: x=-0.44 y=-0.46 dist=0.64 m[0m
[01:35:16] [0m[INFO] [1779730511.358391961]: [Perception] Post 1: x=-0.37 y=-0.46 dist=0.59 m[0m
[01:35:16] [0m[INFO] [1779730511.707698678]: [Perception] Post 1: x=-0.33 y=-0.46 dist=0.56 m[0m
[01:35:16] [0m[INFO] [1779730512.057820005]: [Perception] Post 1: x=-0.26 y=-0.46 dist=0.52 m[0m
[01:35:16] [0m[INFO] [1779730512.407514003]: [Perception] Post 1: x=-0.20 y=-0.45 dist=0.49 m[0m
[01:35:16] [0m[INFO] [1779730512.707680082]: [Perception] Post 1: x=-0.15 y=-0.45 dist=0.48 m[0m
[01:35:16] [0m[INFO] [1779730513.057298566]: [Perception] Post 1: x=-0.09 y=-0.45 dist=0.46 m[0m
[01:35:16] [0m[INFO] [1779730513.357674513]: [Perception] Post 1: x=-0.04 y=-0.45 dist=0.45 m[0m
[01:35:16] [0m[INFO] [1779730513.657940398]: [Perception] Post 1: x=-0.05 y=-0.45 dist=0.45 m[0m
[01:35:16] [0m[INFO] [1779730514.007710551]: [Perception] Post 1: x=-0.12 y=-0.45 dist=0.46 m[0m
[01:35:16] [0m[INFO] [1779730514.308046243]: [Perception] Post 1: x=-0.16 y=-0.45 dist=0.48 m[0m
[01:35:16] [0m[INFO] [1779730514.657845521]: [Perception] Post 1: x=-0.23 y=-0.45 dist=0.51 m[0m
[01:35:16] [0m[INFO] [1779730515.007963260]: [Perception] Post 1: x=-0.28 y=-0.45 dist=0.53 m[0m
[01:35:16] [0m[INFO] [1779730515.357525873]: [Perception] Post 1: x=-0.34 y=-0.46 dist=0.57 m[0m
[01:35:16] [0m[INFO] [1779730515.657521484]: [Perception] Post 2: x=0.53 y=-0.46 dist=0.70 m[0m
[01:35:16] [0m[INFO] [1779730515.958339368]: [Perception] Post 1: x=-0.46 y=-0.46 dist=0.65 m[0m
[01:35:16] [0m[INFO] [1779730516.307585817]: [Perception] Post 1: x=-0.53 y=-0.46 dist=0.70 m[0m
[01:35:32] [0m[INFO] [1779730516.607786185]: [Perception] Post 1: x=-0.58 y=-0.46 dist=0.74 m[0m
[01:35:32] [0m[INFO] [1779730516.957815036]: [Perception] Post 1: x=-0.65 y=-0.47 dist=0.80 m[0m
[01:35:32] [0m[INFO] [1779730517.307358347]: [Perception] Post 1: x=-0.72 y=-0.47 dist=0.86 m[0m
[01:35:32] [0m[INFO] [1779730517.607701634]: [Perception] Post 1: x=-0.78 y=-0.44 dist=0.90 m[0m
[01:35:32] [0m[INFO] [1779730517.908104568]: [Perception] Post 1: x=-0.84 y=-0.41 dist=0.94 m[0m
[01:35:32] [0m[INFO] [1779730518.258293990]: [Perception] Post 1: x=-0.92 y=-0.40 dist=1.01 m[0m
[01:35:32] [0m[INFO] [1779730518.608339867]: [Perception] Post 1: x=0.04 y=-0.45 dist=0.45 m[0m
[01:35:32] [0m[INFO] [1779730518.957971729]: [Perception] Post 1: x=-0.83 y=-0.48 dist=0.96 m[0m
[01:35:32] [0m[INFO] [1779730519.258036538]: [Perception] Post 1: x=-0.73 y=-0.51 dist=0.89 m[0m
[01:35:32] [0m[INFO] [1779730519.607916197]: [Perception] Post 1: x=-0.68 y=-0.49 dist=0.84 m[0m
[01:35:32] [0m[INFO] [1779730519.957715726]: [Perception] Post 1: x=-0.64 y=-0.48 dist=0.80 m[0m
[01:35:32] [0m[INFO] [1779730520.257810972]: [Perception] Post 1: x=-0.57 y=-0.48 dist=0.74 m[0m
[01:35:32] [0m[INFO] [1779730520.557849437]: [Perception] Post 1: x=-0.52 y=-0.48 dist=0.70 m[0m
[01:35:32] [0m[INFO] [1779730520.907435436]: [Perception] Post 1: x=-0.45 y=-0.47 dist=0.66 m[0m
[01:35:32] [0m[INFO] [1779730521.207852448]: [Perception] Post 1: x=-0.41 y=-0.47 dist=0.62 m[0m
[01:35:32] [0m[INFO] [1779730521.557330346]: [Perception] Post 1: x=-0.34 y=-0.47 dist=0.58 m[0m
[01:35:32] [0m[INFO] [1779730521.857800096]: [Perception] Post 1: x=-0.29 y=-0.47 dist=0.55 m[0m
[01:35:32] [0m[INFO] [1779730522.158464322]: [Perception] Post 1: x=-0.23 y=-0.46 dist=0.52 m[0m
[01:35:32] [0m[INFO] [1779730522.507417768]: [Perception] Post 1: x=-0.18 y=-0.46 dist=0.50 m[0m
[01:35:32] [0m[INFO] [1779730522.807699113]: [Perception] Post 1: x=-0.12 y=-0.46 dist=0.48 m[0m
[01:35:32] [0m[INFO] [1779730523.107704128]: [Perception] Post 1: x=-0.07 y=-0.46 dist=0.47 m[0m
[01:35:32] [0m[INFO] [1779730523.457859832]: [Perception] Post 1: x=-0.04 y=-0.46 dist=0.46 m[0m
[01:35:32] [0m[INFO] [1779730523.807417963]: [Perception] Post 1: x=-0.08 y=-0.46 dist=0.47 m[0m
[01:35:32] [0m[INFO] [1779730524.157746194]: [Perception] Post 1: x=-0.13 y=-0.46 dist=0.48 m[0m
[01:35:32] [0m[INFO] [1779730524.507697935]: [Perception] Post 1: x=-0.20 y=-0.46 dist=0.50 m[0m
[01:35:32] [0m[INFO] [1779730524.857997023]: [Perception] Post 1: x=-0.26 y=-0.47 dist=0.53 m[0m
[01:35:32] [0m[INFO] [1779730525.207669585]: [Perception] Post 1: x=-0.33 y=-0.47 dist=0.57 m[0m
[01:35:32] [0m[INFO] [1779730525.507878863]: [Perception] Post 1: x=-0.38 y=-0.47 dist=0.60 m[0m
[01:35:32] [0m[INFO] [1779730525.858000681]: [Perception] Post 1: x=-0.45 y=-0.47 dist=0.65 m[0m
[01:35:32] [0m[INFO] [1779730526.207517005]: [Perception] Post 1: x=-0.52 y=-0.47 dist=0.70 m[0m
[01:35:32] [0m[INFO] [1779730526.557995619]: [Perception] Post 1: x=-0.57 y=-0.47 dist=0.74 m[0m
[01:35:32] [0m[INFO] [1779730526.907667317]: [Perception] Post 1: x=-0.63 y=-0.47 dist=0.79 m[0m
[01:35:32] [0m[INFO] [1779730527.258188560]: [Perception] Post 1: x=-0.70 y=-0.48 dist=0.85 m[0m
[01:35:32] [0m[INFO] [1779730527.607800589]: [Perception] Post 1: x=-0.74 y=-0.49 dist=0.89 m[0m
[01:35:32] [0m[INFO] [1779730527.957929656]: [Perception] Post 1: x=-0.25 y=-0.05 dist=0.25 m[0m
[01:35:32] [0m[INFO] [1779730528.257948630]: [Perception] Post 1: x=-0.25 y=-0.07 dist=0.26 m[0m
[01:35:32] [0m[INFO] [1779730528.607357305]: [Perception] Post 1: x=-0.22 y=-0.07 dist=0.23 m[0m
[01:35:32] [0m[INFO] [1779730528.957867600]: [Perception] Post 1: x=-0.17 y=-0.08 dist=0.19 m[0m
[01:35:32] [0m[INFO] [1779730529.307654095]: [Perception] Post 1: x=-0.21 y=-0.07 dist=0.22 m[0m
[01:35:32] [0m[INFO] [1779730529.657661849]: [Perception] Post 1: x=-0.21 y=-0.04 dist=0.22 m[0m
[01:35:32] [0m[INFO] [1779730530.007749947]: [Perception] Post 1: x=-0.22 y=-0.04 dist=0.22 m[0m
[01:35:32] [0m[INFO] [1779730530.307831036]: [Perception] Post 1: x=-0.12 y=-0.51 dist=0.52 m[0m
[01:35:32] [0m[INFO] [1779730530.657565470]: [Perception] Post 1: x=-0.40 y=-0.12 dist=0.42 m[0m
[01:35:32] [0m[INFO] [1779730530.957580799]: [Perception] Post 1: x=-0.33 y=-0.15 dist=0.37 m[0m
[01:35:32] [0m[INFO] [1779730531.258052205]: [Perception] Post 1: x=-0.26 y=-0.18 dist=0.32 m[0m
[01:35:32] [0m[INFO] [1779730531.607450920]: [Perception] Post 1: x=-0.16 y=-0.21 dist=0.27 m[0m
[01:35:32] [0m[INFO] [1779730531.907568790]: [Perception] Post 1: x=-0.10 y=-0.22 dist=0.24 m[0m
[01:35:45] [0m[INFO] [1779730532.207830234]: [Perception] Post 1: x=-0.00 y=-0.22 dist=0.22 m[0m
[01:35:45] [0m[INFO] [1779730532.507926036]: [Perception] Post 1: x=0.06 y=-0.22 dist=0.23 m[0m
[01:35:45] [0m[INFO] [1779730532.857858894]: [Perception] Post 1: x=0.15 y=-0.21 dist=0.25 m[0m
[01:35:45] [0m[INFO] [1779730533.207628687]: [Perception] Post 1: x=0.20 y=-0.20 dist=0.28 m[0m
[01:35:45] [0m[INFO] [1779730533.557946514]: [Perception] Post 1: x=0.16 y=-0.21 dist=0.27 m[0m
[01:35:45] [0m[INFO] [1779730533.707496254]: [Perception] Ball: x=1.01 y=0.07 dist=1.01 m[0m
[01:35:45] [0m[INFO] [1779730533.908055073]: [Perception] Post 1: x=0.08 y=-0.22 dist=0.23 m[0m
[01:35:45] [0m[INFO] [1779730534.257835236]: [Perception] Post 1: x=0.00 y=-0.22 dist=0.22 m[0m
[01:35:45] [0m[INFO] [1779730534.607422628]: [Perception] Post 1: x=-0.07 y=-0.22 dist=0.23 m[0m
[01:35:45] [0m[INFO] [1779730534.907668268]: [Perception] Post 1: x=-0.05 y=-0.22 dist=0.23 m[0m
[01:35:45] [0m[INFO] [1779730535.258096604]: [Perception] Post 1: x=-0.09 y=-0.23 dist=0.25 m[0m
[01:35:45] [0m[INFO] [1779730535.607819274]: [Perception] Post 1: x=-0.15 y=-0.24 dist=0.28 m[0m
[01:35:45] [0m[INFO] [1779730535.958048875]: [Perception] Post 1: x=-0.17 y=-0.25 dist=0.30 m[0m
[01:35:45] [0m[INFO] [1779730536.258072771]: [Perception] Post 1: x=-0.23 y=-0.26 dist=0.35 m[0m
[01:35:45] [0m[INFO] [1779730536.607500611]: [Perception] Post 1: x=-0.30 y=-0.27 dist=0.40 m[0m
[01:35:45] [0m[INFO] [1779730536.907542247]: [Perception] Post 1: x=-0.35 y=-0.27 dist=0.44 m[0m
[01:35:45] [0m[INFO] [1779730537.207702959]: [Perception] Post 1: x=-0.39 y=-0.27 dist=0.48 m[0m
[01:35:45] [0m[INFO] [1779730537.508567006]: [Perception] Post 1: x=-0.48 y=-0.25 dist=0.54 m[0m
[01:35:45] [0m[INFO] [1779730537.858439316]: [Perception] Post 1: x=-0.51 y=-0.28 dist=0.58 m[0m
[01:35:45] [0m[INFO] [1779730538.057368209]: [Perception] Ball: x=0.74 y=0.02 dist=0.74 m[0m
[01:35:45] [0m[INFO] [1779730538.208072591]: [Perception] Post 1: x=-0.51 y=-0.38 dist=0.64 m[0m
[01:35:45] [0m[INFO] [1779730538.358081678]: [Perception] Ball: x=0.69 y=0.11 dist=0.70 m[0m
[01:35:45] [0m[INFO] [1779730538.557661480]: [Perception] Post 1: x=-0.52 y=-0.46 dist=0.69 m[0m
[01:35:45] [0m[INFO] [1779730538.707776340]: [Perception] Ball: x=0.59 y=0.20 dist=0.63 m[0m
[01:35:45] [0m[INFO] [1779730538.908169533]: [Perception] Post 1: x=-0.55 y=-0.49 dist=0.73 m[0m
[01:35:45] [0m[INFO] [1779730539.008198678]: [Perception] Ball: x=0.53 y=0.24 dist=0.58 m[0m
[01:35:45] [0m[INFO] [1779730539.258061356]: [Perception] Post 1: x=-0.18 y=-0.06 dist=0.19 m[0m
[01:35:45] [0m[INFO] [1779730539.357208265]: [Perception] Ball: x=0.43 y=0.25 dist=0.50 m[0m
[01:35:45] [0m[INFO] [1779730539.607721121]: [Perception] Post 1: x=-0.20 y=-0.09 dist=0.22 m[0m
[01:35:45] [0m[INFO] [1779730539.957767087]: [Perception] Post 1: x=-0.23 y=-0.06 dist=0.24 m[0m
[01:35:45] [0m[INFO] [1779730540.307524604]: [Perception] Post 1: x=-0.22 y=-0.06 dist=0.23 m[0m
[01:35:45] [0m[INFO] [1779730540.607655572]: [Perception] Post 1: x=-0.22 y=-0.07 dist=0.23 m[0m
[01:35:45] [0m[INFO] [1779730540.958149212]: [Perception] Post 1: x=-0.24 y=-0.17 dist=0.30 m[0m
[01:35:45] [0m[INFO] [1779730541.307699695]: [Perception] Post 1: x=-0.64 y=-0.45 dist=0.78 m[0m
[01:35:45] [0m[INFO] [1779730541.657933900]: [Perception] Post 1: x=-0.61 y=-0.39 dist=0.72 m[0m
[01:35:45] [0m[INFO] [1779730542.007785776]: [Perception] Post 1: x=-0.54 y=-0.38 dist=0.66 m[0m
[01:35:45] [0m[INFO] [1779730542.357128885]: [Perception] Post 1: x=-0.46 y=-0.40 dist=0.60 m[0m
[01:35:45] [0m[INFO] [1779730542.658261804]: [Perception] Post 1: x=-0.41 y=-0.40 dist=0.57 m[0m
[01:35:45] [0m[INFO] [1779730543.007734755]: [Perception] Post 1: x=-0.32 y=-0.41 dist=0.52 m[0m
[01:35:45] [0m[INFO] [1779730543.357372758]: [Perception] Post 1: x=-0.23 y=-0.42 dist=0.48 m[0m
[01:35:45] [0m[INFO] [1779730543.657493437]: [Perception] Post 1: x=-0.17 y=-0.43 dist=0.46 m[0m
[01:35:45] [0m[INFO] [1779730543.958050925]: [Perception] Post 1: x=-0.11 y=-0.43 dist=0.44 m[0m
[01:35:45] [0m[INFO] [1779730544.258365765]: [Perception] Post 1: x=-0.02 y=-0.43 dist=0.43 m[0m
[01:35:45] [0m[INFO] [1779730544.607573306]: [Perception] Post 1: x=0.00 y=-0.43 dist=0.43 m[0m
[01:35:45] [0m[INFO] [1779730544.957793700]: [Perception] Post 1: x=-0.04 y=-0.43 dist=0.43 m[0m
[01:35:45] [0m[INFO] [1779730545.307503149]: [Perception] Post 1: x=-0.11 y=-0.43 dist=0.45 m[0m
[01:36:01] [0m[INFO] [1779730545.657377168]: [Perception] Post 1: x=-0.17 y=-0.43 dist=0.47 m[0m
[01:36:01] [0m[INFO] [1779730545.957431843]: [Perception] Post 1: x=-0.21 y=-0.44 dist=0.49 m[0m
[01:36:01] [0m[INFO] [1779730546.258217436]: [Perception] Post 1: x=-0.26 y=-0.44 dist=0.51 m[0m
[01:36:01] [0m[INFO] [1779730546.607642332]: [Perception] Post 1: x=-0.33 y=-0.44 dist=0.55 m[0m
[01:36:01] [0m[INFO] [1779730546.957606837]: [Perception] Post 1: x=-0.40 y=-0.44 dist=0.60 m[0m
[01:36:01] [0m[INFO] [1779730547.257941607]: [Perception] Post 1: x=-0.44 y=-0.44 dist=0.63 m[0m
[01:36:01] [0m[INFO] [1779730547.607505083]: [Perception] Post 1: x=-0.52 y=-0.44 dist=0.68 m[0m
[01:36:01] [0m[INFO] [1779730547.907965283]: [Perception] Post 1: x=-0.56 y=-0.45 dist=0.72 m[0m
[01:36:01] [0m[INFO] [1779730548.257716989]: [Perception] Post 1: x=-0.63 y=-0.45 dist=0.77 m[0m
[01:36:01] [0m[INFO] [1779730548.607927577]: [Perception] Post 1: x=-0.70 y=-0.45 dist=0.83 m[0m
[01:36:01] [0m[INFO] [1779730548.957547606]: [Perception] Post 1: x=-0.77 y=-0.46 dist=0.89 m[0m
[01:36:01] [0m[INFO] [1779730549.257584711]: [Perception] Post 1: x=-0.82 y=-0.46 dist=0.94 m[0m
[01:36:01] [0m[INFO] [1779730549.557965735]: [Perception] Post 1: x=-0.87 y=-0.46 dist=0.98 m[0m
[01:36:01] [0m[INFO] [1779730549.907774107]: [Perception] Post 1: x=-0.91 y=-0.46 dist=1.02 m[0m
[01:36:01] [0m[INFO] [1779730550.258310710]: [Perception] Post 1: x=-0.84 y=-0.46 dist=0.96 m[0m
[01:36:01] [0m[INFO] [1779730550.607422580]: [Perception] Post 1: x=-0.77 y=-0.46 dist=0.90 m[0m
[01:36:01] [0m[INFO] [1779730550.907431250]: [Perception] Post 1: x=-0.73 y=-0.46 dist=0.86 m[0m
[01:36:01] [0m[INFO] [1779730551.207472359]: [Perception] Post 1: x=-0.68 y=-0.45 dist=0.82 m[0m
[01:36:01] [0m[INFO] [1779730551.507623496]: [Perception] Post 1: x=-0.61 y=-0.45 dist=0.76 m[0m
[01:36:01] [0m[INFO] [1779730551.858071992]: [Perception] Post 1: x=-0.56 y=-0.45 dist=0.72 m[0m
[01:36:01] [0m[INFO] [1779730552.207719590]: [Perception] Post 1: x=-0.50 y=-0.45 dist=0.67 m[0m
[01:36:01] [0m[INFO] [1779730552.557791003]: [Perception] Post 1: x=-0.42 y=-0.44 dist=0.61 m[0m
[01:36:01] [0m[INFO] [1779730552.857988341]: [Perception] Post 1: x=-0.38 y=-0.44 dist=0.58 m[0m
[01:36:01] [0m[INFO] [1779730553.207583817]: [Perception] Post 1: x=-0.31 y=-0.44 dist=0.54 m[0m
[01:36:01] [0m[INFO] [1779730553.507845540]: [Perception] Post 1: x=-0.26 y=-0.44 dist=0.51 m[0m
[01:36:01] [0m[INFO] [1779730553.857881828]: [Perception] Post 1: x=-0.16 y=-0.45 dist=0.48 m[0m
[01:36:01] [0m[INFO] [1779730554.207689555]: [Perception] Post 1: x=-0.08 y=-0.46 dist=0.46 m[0m
[01:36:01] [0m[INFO] [1779730554.557435793]: [Perception] Post 1: x=-0.03 y=-0.46 dist=0.46 m[0m
[01:36:01] [0m[INFO] [1779730554.907433838]: [Perception] Post 1: x=-0.02 y=-0.46 dist=0.46 m[0m
[01:36:01] [0m[INFO] [1779730555.207642021]: [Perception] Post 1: x=-0.06 y=-0.46 dist=0.46 m[0m
[01:36:01] [0m[INFO] [1779730555.507748736]: [Perception] Post 1: x=-0.11 y=-0.46 dist=0.47 m[0m
[01:36:01] [0m[INFO] [1779730555.857667394]: [Perception] Post 1: x=-0.17 y=-0.46 dist=0.49 m[0m
[01:36:01] [0m[INFO] [1779730556.207200166]: [Perception] Post 1: x=-0.25 y=-0.45 dist=0.52 m[0m
[01:36:01] [0m[INFO] [1779730556.557206869]: [Perception] Post 1: x=-0.31 y=-0.45 dist=0.54 m[0m
[01:36:01] [0m[INFO] [1779730556.857219430]: [Perception] Post 1: x=-0.31 y=-0.45 dist=0.54 m[0m
[01:36:01] [0m[INFO] [1779730557.157513990]: [Perception] Post 1: x=-0.30 y=-0.45 dist=0.54 m[0m
[01:36:01] [0m[INFO] [1779730557.507761872]: [Perception] Post 1: x=-0.30 y=-0.45 dist=0.54 m[0m
[01:36:01] [0m[INFO] [1779730557.857703403]: [Perception] Post 1: x=-0.30 y=-0.45 dist=0.54 m[0m
[01:36:01] [0m[INFO] [1779730558.157895748]: [Perception] Post 1: x=-0.30 y=-0.45 dist=0.54 m[0m
[01:36:01] [0m[INFO] [1779730558.507342165]: [Perception] Post 1: x=-0.30 y=-0.45 dist=0.54 m[0m
[01:36:01] [0m[INFO] [1779730558.807396517]: [Perception] Post 1: x=-0.31 y=-0.45 dist=0.54 m[0m
[01:36:01] [0m[INFO] [1779730559.107689529]: [Perception] Post 1: x=-0.31 y=-0.45 dist=0.54 m[0m
[01:36:01] [0m[INFO] [1779730559.458243750]: [Perception] Post 1: x=-0.31 y=-0.45 dist=0.54 m[0m
[01:36:01] [0m[INFO] [1779730559.758564737]: [Perception] Post 1: x=-0.30 y=-0.45 dist=0.54 m[0m
[01:36:01] [0m[INFO] [1779730560.107512748]: [Perception] Post 1: x=-0.31 y=-0.45 dist=0.54 m[0m
[01:36:01] [0m[INFO] [1779730560.407973270]: [Perception] Post 1: x=-0.30 y=-0.45 dist=0.54 m[0m
[01:36:01] [0m[INFO] [1779730560.757792733]: [Perception] Post 1: x=-0.31 y=-0.45 dist=0.54 m[0m
[01:36:16] [0m[INFO] [1779730561.107850209]: [Perception] Post 1: x=-0.30 y=-0.45 dist=0.54 m[0m
[01:36:16] [0m[INFO] [1779730561.457374596]: [Perception] Post 1: x=-0.30 y=-0.45 dist=0.54 m[0m
[01:36:16] [0m[INFO] [1779730561.757451985]: [Perception] Post 1: x=-0.30 y=-0.45 dist=0.54 m[0m
[01:36:16] [0m[INFO] [1779730562.059040693]: [Perception] Post 1: x=-0.30 y=-0.45 dist=0.54 m[0m
[01:36:16] [0m[INFO] [1779730562.407806371]: [Perception] Post 1: x=-0.31 y=-0.45 dist=0.55 m[0m
[01:36:16] [0m[INFO] [1779730562.708540109]: [Perception] Post 1: x=-0.31 y=-0.45 dist=0.54 m[0m
[01:36:16] [0m[INFO] [1779730563.058458091]: [Perception] Post 1: x=-0.31 y=-0.45 dist=0.54 m[0m
[01:36:16] [0m[INFO] [1779730563.358961671]: [Perception] Post 1: x=-0.30 y=-0.45 dist=0.54 m[0m
[01:36:16] [0m[INFO] [1779730563.708180626]: [Perception] Post 1: x=-0.31 y=-0.45 dist=0.54 m[0m
[01:36:16] [0m[INFO] [1779730564.057581281]: [Perception] Post 1: x=-0.30 y=-0.45 dist=0.54 m[0m
[01:36:16] [0m[INFO] [1779730564.358546683]: [Perception] Post 1: x=-0.30 y=-0.45 dist=0.54 m[0m
[01:36:16] [0m[INFO] [1779730564.707532698]: [Perception] Post 1: x=-0.31 y=-0.45 dist=0.54 m[0m
[01:36:16] [0m[INFO] [1779730565.057413358]: [Perception] Post 1: x=-0.31 y=-0.45 dist=0.54 m[0m
[01:36:16] [0m[INFO] [1779730565.357775373]: [Perception] Post 1: x=-0.30 y=-0.45 dist=0.54 m[0m
[01:36:16] [0m[INFO] [1779730565.707129492]: [Perception] Post 1: x=-0.31 y=-0.45 dist=0.55 m[0m
[01:36:16] [0m[INFO] [1779730566.007605694]: [Perception] Post 1: x=-0.30 y=-0.45 dist=0.54 m[0m
[01:36:16] [0m[INFO] [1779730566.308782713]: [Perception] Post 1: x=-0.30 y=-0.45 dist=0.54 m[0m
[01:36:16] [0m[INFO] [1779730566.658637957]: [Perception] Post 1: x=-0.31 y=-0.45 dist=0.54 m[0m
[01:36:16] [0m[INFO] [1779730567.007840602]: [Perception] Post 1: x=-0.31 y=-0.45 dist=0.54 m[0m
[01:36:16] [0m[INFO] [1779730567.308078546]: [Perception] Post 1: x=-0.30 y=-0.45 dist=0.54 m[0m
[01:36:16] [0m[INFO] [1779730567.657760185]: [Perception] Post 1: x=-0.30 y=-0.45 dist=0.54 m[0m
[01:36:16] [0m[INFO] [1779730568.007525448]: [Perception] Post 1: x=-0.31 y=-0.45 dist=0.54 m[0m
[01:36:16] [0m[INFO] [1779730568.357647571]: [Perception] Post 1: x=-0.31 y=-0.45 dist=0.54 m[0m
[01:36:16] [0m[INFO] [1779730568.657782865]: [Perception] Post 1: x=-0.31 y=-0.45 dist=0.54 m[0m
[01:36:16] [0m[INFO] [1779730569.007655292]: [Perception] Post 1: x=-0.31 y=-0.45 dist=0.55 m[0m
[01:36:16] [0m[INFO] [1779730569.357084028]: [Perception] Post 1: x=-0.31 y=-0.45 dist=0.55 m[0m
[01:36:16] [0m[INFO] [1779730569.657442356]: [Perception] Post 1: x=-0.31 y=-0.45 dist=0.54 m[0m
[01:36:16] [0m[INFO] [1779730569.957614246]: [Perception] Post 1: x=-0.30 y=-0.45 dist=0.54 m[0m
[01:36:16] [0m[INFO] [1779730570.257849534]: [Perception] Post 1: x=-0.30 y=-0.45 dist=0.54 m[0m
[01:36:16] [0m[INFO] [1779730570.557975361]: [Perception] Post 1: x=-0.30 y=-0.45 dist=0.54 m[0m
[01:36:16] [0m[INFO] [1779730570.907718939]: [Perception] Post 1: x=-0.31 y=-0.45 dist=0.54 m[0m
[01:36:16] [0m[INFO] [1779730571.208398971]: [Perception] Post 1: x=-0.31 y=-0.45 dist=0.54 m[0m
[01:36:16] [0m[INFO] [1779730571.557490213]: [Perception] Post 1: x=-0.30 y=-0.45 dist=0.54 m[0m
[01:36:16] [0m[INFO] [1779730571.857573439]: [Perception] Post 1: x=-0.31 y=-0.45 dist=0.55 m[0m
[01:36:16] [0m[INFO] [1779730572.157597911]: [Perception] Post 1: x=-0.31 y=-0.45 dist=0.54 m[0m
[01:36:16] [0m[INFO] [1779730572.458945337]: [Perception] Post 1: x=-0.31 y=-0.45 dist=0.54 m[0m
[01:36:16] [0m[INFO] [1779730572.808302937]: [Perception] Post 1: x=-0.30 y=-0.45 dist=0.54 m[0m
[01:36:16] [0m[INFO] [1779730573.108430832]: [Perception] Post 1: x=-0.31 y=-0.45 dist=0.55 m[0m
[01:36:16] [0m[INFO] [1779730573.458462140]: [Perception] Post 1: x=-0.30 y=-0.45 dist=0.54 m[0m
[01:36:16] [0m[INFO] [1779730573.758529455]: [Perception] Post 1: x=-0.31 y=-0.45 dist=0.55 m[0m
[01:36:16] [0m[INFO] [1779730574.058915255]: [Perception] Post 1: x=-0.30 y=-0.45 dist=0.54 m[0m
[01:36:16] [0m[INFO] [1779730574.408705654]: [Perception] Post 1: x=-0.30 y=-0.45 dist=0.54 m[0m
[01:36:16] [0m[INFO] [1779730574.757525557]: [Perception] Post 1: x=-0.30 y=-0.45 dist=0.54 m[0m
[01:36:16] [0m[INFO] [1779730575.058033173]: [Perception] Post 1: x=-0.31 y=-0.45 dist=0.54 m[0m
[01:36:16] [0m[INFO] [1779730575.407341670]: [Perception] Post 1: x=-0.30 y=-0.45 dist=0.54 m[0m
[01:36:16] [0m[INFO] [1779730575.708270201]: [Perception] Post 1: x=-0.30 y=-0.45 dist=0.54 m[0m
[01:36:31] [0m[INFO] [1779730576.008701527]: [Perception] Post 1: x=-0.30 y=-0.45 dist=0.54 m[0m
[01:36:31] [0m[INFO] [1779730576.308834937]: [Perception] Post 1: x=-0.31 y=-0.45 dist=0.54 m[0m
[01:36:31] [0m[INFO] [1779730576.658761506]: [Perception] Post 1: x=-0.30 y=-0.45 dist=0.54 m[0m
[01:36:31] [0m[INFO] [1779730577.008391652]: [Perception] Post 1: x=-0.31 y=-0.45 dist=0.54 m[0m
[01:36:31] [0m[INFO] [1779730577.308682472]: [Perception] Post 1: x=-0.31 y=-0.45 dist=0.54 m[0m
[01:36:31] [0m[INFO] [1779730577.657681624]: [Perception] Post 1: x=-0.30 y=-0.45 dist=0.54 m[0m
[01:36:31] [0m[INFO] [1779730577.958403961]: [Perception] Post 1: x=-0.31 y=-0.45 dist=0.54 m[0m
[01:36:31] [0m[INFO] [1779730578.258423596]: [Perception] Post 1: x=-0.30 y=-0.45 dist=0.54 m[0m
[01:36:31] [0m[INFO] [1779730578.608314159]: [Perception] Post 1: x=-0.30 y=-0.45 dist=0.54 m[0m
[01:36:31] [0m[INFO] [1779730578.958687385]: [Perception] Post 1: x=-0.30 y=-0.45 dist=0.54 m[0m
[01:36:31] [0m[INFO] [1779730579.307724315]: [Perception] Post 1: x=-0.30 y=-0.45 dist=0.54 m[0m
[01:36:31] [0m[INFO] [1779730579.657840204]: [Perception] Post 1: x=-0.30 y=-0.45 dist=0.54 m[0m
[01:36:31] [0m[INFO] [1779730579.958346330]: [Perception] Post 1: x=-0.31 y=-0.45 dist=0.54 m[0m
[01:36:31] [0m[INFO] [1779730580.307651400]: [Perception] Post 1: x=-0.30 y=-0.45 dist=0.54 m[0m
[01:36:31] [0m[INFO] [1779730580.608992971]: [Perception] Post 1: x=-0.31 y=-0.45 dist=0.54 m[0m
[01:36:31] [0m[INFO] [1779730580.958443764]: [Perception] Post 1: x=-0.30 y=-0.45 dist=0.54 m[0m
[01:36:31] [0m[INFO] [1779730581.258974913]: [Perception] Post 1: x=-0.31 y=-0.45 dist=0.54 m[0m
[01:36:31] [0m[INFO] [1779730581.608250422]: [Perception] Post 1: x=-0.30 y=-0.45 dist=0.54 m[0m
[01:36:31] [0m[INFO] [1779730581.958900811]: [Perception] Post 1: x=-0.30 y=-0.45 dist=0.54 m[0m
[01:36:31] [0m[INFO] [1779730582.308049932]: [Perception] Post 1: x=-0.30 y=-0.45 dist=0.54 m[0m
[01:36:31] [0m[INFO] [1779730582.608256010]: [Perception] Post 1: x=-0.31 y=-0.45 dist=0.55 m[0m
[01:36:31] [0m[INFO] [1779730582.908315996]: [Perception] Post 1: x=-0.30 y=-0.45 dist=0.54 m[0m
[01:36:31] [0m[INFO] [1779730583.258394849]: [Perception] Post 1: x=-0.30 y=-0.45 dist=0.54 m[0m
[01:36:31] [0m[INFO] [1779730583.559098237]: [Perception] Post 1: x=-0.30 y=-0.45 dist=0.54 m[0m
[01:36:31] [0m[INFO] [1779730583.908146646]: [Perception] Post 1: x=-0.30 y=-0.45 dist=0.54 m[0m
[01:36:31] [0m[INFO] [1779730584.257916634]: [Perception] Post 1: x=-0.31 y=-0.45 dist=0.54 m[0m
[01:36:31] [0m[INFO] [1779730584.608898615]: [Perception] Post 1: x=-0.30 y=-0.45 dist=0.54 m[0m
[01:36:31] [0m[INFO] [1779730584.957829370]: [Perception] Post 1: x=-0.31 y=-0.45 dist=0.54 m[0m
[01:36:31] [0m[INFO] [1779730585.307348382]: [Perception] Post 1: x=-0.30 y=-0.45 dist=0.54 m[0m
[01:36:31] [0m[INFO] [1779730585.609081527]: [Perception] Post 1: x=-0.31 y=-0.45 dist=0.54 m[0m
[01:36:31] [0m[INFO] [1779730585.958017162]: [Perception] Post 1: x=-0.31 y=-0.45 dist=0.54 m[0m
[01:36:31] [0m[INFO] [1779730586.258976825]: [Perception] Post 1: x=-0.31 y=-0.45 dist=0.54 m[0m
[01:36:31] [0m[INFO] [1779730586.608934118]: [Perception] Post 1: x=-0.31 y=-0.45 dist=0.54 m[0m
[01:36:31] [0m[INFO] [1779730586.909013931]: [Perception] Post 1: x=-0.31 y=-0.45 dist=0.54 m[0m
[01:36:31] [0m[INFO] [1779730587.257795320]: [Perception] Post 1: x=-0.31 y=-0.45 dist=0.54 m[0m
[01:36:31] [0m[INFO] [1779730587.558303639]: [Perception] Post 1: x=-0.31 y=-0.45 dist=0.55 m[0m
[01:36:31] [0m[INFO] [1779730587.859401721]: [Perception] Post 1: x=-0.30 y=-0.45 dist=0.54 m[0m
[01:36:31] [0m[INFO] [1779730588.208234057]: [Perception] Post 1: x=-0.30 y=-0.45 dist=0.54 m[0m
[01:36:31] [0m[INFO] [1779730588.508497360]: [Perception] Post 1: x=-0.30 y=-0.45 dist=0.54 m[0m
[01:36:31] [0m[INFO] [1779730588.857544341]: [Perception] Post 1: x=-0.30 y=-0.45 dist=0.54 m[0m
[01:36:31] [0m[INFO] [1779730589.208317802]: [Perception] Post 1: x=-0.30 y=-0.45 dist=0.54 m[0m
[01:36:31] [0m[INFO] [1779730589.508316831]: [Perception] Post 1: x=-0.30 y=-0.45 dist=0.54 m[0m
[01:36:31] [0m[INFO] [1779730589.808922012]: [Perception] Post 1: x=-0.31 y=-0.45 dist=0.54 m[0m
[01:36:31] [0m[INFO] [1779730590.158304104]: [Perception] Post 1: x=-0.30 y=-0.45 dist=0.54 m[0m
[01:36:31] [0m[INFO] [1779730590.458429078]: [Perception] Post 1: x=-0.30 y=-0.45 dist=0.54 m[0m
[01:36:31] [0m[INFO] [1779730590.808463875]: [Perception] Post 1: x=-0.30 y=-0.45 dist=0.54 m[0m
[01:36:31] [0m[INFO] [1779730591.108502484]: [Perception] Post 1: x=-0.30 y=-0.45 dist=0.54 m[0m
[01:36:46] [0m[INFO] [1779730591.408902052]: [Perception] Post 1: x=-0.30 y=-0.45 dist=0.54 m[0m
[01:36:46] [0m[INFO] [1779730591.758560152]: [Perception] Post 1: x=-0.31 y=-0.45 dist=0.54 m[0m
[01:36:46] [0m[INFO] [1779730592.108924329]: [Perception] Post 1: x=-0.31 y=-0.45 dist=0.54 m[0m
[01:36:46] [0m[INFO] [1779730592.458264332]: [Perception] Post 1: x=-0.30 y=-0.45 dist=0.54 m[0m
[01:36:46] [0m[INFO] [1779730592.758610749]: [Perception] Post 1: x=-0.31 y=-0.45 dist=0.54 m[0m
[01:36:46] [0m[INFO] [1779730593.107726795]: [Perception] Post 1: x=-0.30 y=-0.45 dist=0.54 m[0m
[01:36:46] [0m[INFO] [1779730593.408256083]: [Perception] Post 1: x=-0.30 y=-0.45 dist=0.54 m[0m
[01:36:46] [0m[INFO] [1779730593.709043895]: [Perception] Post 1: x=-0.31 y=-0.45 dist=0.54 m[0m
[01:36:46] [0m[INFO] [1779730594.057866099]: [Perception] Post 1: x=-0.30 y=-0.45 dist=0.54 m[0m
[01:36:46] [0m[INFO] [1779730594.358084667]: [Perception] Post 1: x=-0.31 y=-0.45 dist=0.54 m[0m
[01:36:46] [0m[INFO] [1779730594.658650941]: [Perception] Post 1: x=-0.31 y=-0.45 dist=0.54 m[0m
[01:36:46] [0m[INFO] [1779730594.958951689]: [Perception] Post 1: x=-0.30 y=-0.45 dist=0.54 m[0m
[01:36:46] [0m[INFO] [1779730595.307941063]: [Perception] Post 1: x=-0.30 y=-0.45 dist=0.54 m[0m
[01:36:46] [0m[INFO] [1779730595.658924783]: [Perception] Post 1: x=-0.31 y=-0.45 dist=0.55 m[0m
[01:36:46] [0m[INFO] [1779730596.008162159]: [Perception] Post 1: x=-0.31 y=-0.45 dist=0.54 m[0m
[01:36:46] [0m[INFO] [1779730596.358943001]: [Perception] Post 1: x=-0.31 y=-0.45 dist=0.55 m[0m
[01:36:46] [0m[INFO] [1779730596.708034544]: [Perception] Post 1: x=-0.31 y=-0.45 dist=0.54 m[0m
[01:36:46] [0m[INFO] [1779730597.009345232]: [Perception] Post 1: x=-0.31 y=-0.45 dist=0.54 m[0m
[01:36:46] [0m[INFO] [1779730597.358368709]: [Perception] Post 1: x=-0.31 y=-0.45 dist=0.54 m[0m
[01:36:46] [0m[INFO] [1779730597.658993849]: [Perception] Post 1: x=-0.31 y=-0.45 dist=0.54 m[0m
[01:36:46] [0m[INFO] [1779730598.007923190]: [Perception] Post 1: x=-0.31 y=-0.45 dist=0.54 m[0m
[01:36:46] [0m[INFO] [1779730598.308674718]: [Perception] Post 1: x=-0.30 y=-0.45 dist=0.54 m[0m
[01:36:46] [0m[INFO] [1779730598.657991881]: [Perception] Post 1: x=-0.31 y=-0.45 dist=0.54 m[0m
[01:36:46] [0m[INFO] [1779730598.958511083]: [Perception] Post 1: x=-0.31 y=-0.45 dist=0.55 m[0m
[01:36:46] [0m[INFO] [1779730599.258700210]: [Perception] Post 1: x=-0.30 y=-0.45 dist=0.54 m[0m
[01:36:46] [0m[INFO] [1779730599.608150155]: [Perception] Post 1: x=-0.30 y=-0.45 dist=0.54 m[0m
[01:36:46] [0m[INFO] [1779730599.908458804]: [Perception] Post 1: x=-0.31 y=-0.45 dist=0.54 m[0m
[01:36:46] [0m[INFO] [1779730600.209075554]: [Perception] Post 1: x=-0.31 y=-0.45 dist=0.54 m[0m
[01:36:46] [0m[INFO] [1779730600.558272310]: [Perception] Post 1: x=-0.31 y=-0.45 dist=0.54 m[0m
[01:36:46] [0m[INFO] [1779730600.907808225]: [Perception] Post 1: x=-0.30 y=-0.45 dist=0.54 m[0m
[01:36:46] [0m[INFO] [1779730601.208381933]: [Perception] Post 1: x=-0.31 y=-0.45 dist=0.54 m[0m
[01:36:46] [0m[INFO] [1779730601.557927742]: [Perception] Post 1: x=-0.31 y=-0.45 dist=0.54 m[0m
[01:36:46] [0m[INFO] [1779730601.858293058]: [Perception] Post 1: x=-0.31 y=-0.45 dist=0.54 m[0m
[01:36:46] [0m[INFO] [1779730602.207127156]: [Perception] Post 1: x=-0.31 y=-0.45 dist=0.54 m[0m
[01:36:46] [0m[INFO] [1779730602.508099335]: [Perception] Post 1: x=-0.30 y=-0.45 dist=0.54 m[0m
[01:36:46] [0m[INFO] [1779730602.808656047]: [Perception] Post 1: x=-0.30 y=-0.45 dist=0.54 m[0m
[01:36:46] [0m[INFO] [1779730603.157336738]: [Perception] Post 1: x=-0.31 y=-0.45 dist=0.54 m[0m
[01:36:46] [0m[INFO] [1779730603.457545130]: [Perception] Post 1: x=-0.31 y=-0.45 dist=0.54 m[0m
[01:36:46] [0m[INFO] [1779730603.758960279]: [Perception] Post 1: x=-0.30 y=-0.45 dist=0.54 m[0m
[01:36:46] [0m[INFO] [1779730604.107478755]: [Perception] Post 1: x=-0.30 y=-0.45 dist=0.54 m[0m
[01:36:46] [0m[INFO] [1779730604.407660321]: [Perception] Post 1: x=-0.30 y=-0.45 dist=0.54 m[0m
[01:36:46] [0m[INFO] [1779730604.707884722]: [Perception] Post 1: x=-0.31 y=-0.45 dist=0.54 m[0m
[01:36:46] [0m[INFO] [1779730605.007913263]: [Perception] Post 1: x=-0.30 y=-0.45 dist=0.54 m[0m
[01:36:46] [0m[INFO] [1779730605.358895628]: [Perception] Post 1: x=-0.30 y=-0.45 dist=0.54 m[0m
[01:36:46] [0m[INFO] [1779730605.708980305]: [Perception] Post 1: x=-0.30 y=-0.45 dist=0.54 m[0m
[01:36:46] [0m[INFO] [1779730606.059245141]: [Perception] Post 1: x=-0.31 y=-0.45 dist=0.54 m[0m
[01:36:46] [0m[INFO] [1779730606.407373512]: [Perception] Post 1: x=-0.30 y=-0.45 dist=0.54 m[0m
[01:37:01] [0m[INFO] [1779730606.708272067]: [Perception] Post 1: x=-0.31 y=-0.45 dist=0.54 m[0m
[01:37:01] [0m[INFO] [1779730607.008344241]: [Perception] Post 1: x=-0.30 y=-0.45 dist=0.54 m[0m
[01:37:01] [0m[INFO] [1779730607.308418640]: [Perception] Post 1: x=-0.30 y=-0.45 dist=0.54 m[0m
[01:37:01] [0m[INFO] [1779730607.609141654]: [Perception] Post 1: x=-0.31 y=-0.45 dist=0.54 m[0m
[01:37:01] [0m[INFO] [1779730607.958361808]: [Perception] Post 1: x=-0.31 y=-0.45 dist=0.55 m[0m
[01:37:01] [0m[INFO] [1779730608.308978564]: [Perception] Post 1: x=-0.30 y=-0.45 dist=0.54 m[0m
[01:37:01] [0m[INFO] [1779730608.659004397]: [Perception] Post 1: x=-0.31 y=-0.45 dist=0.54 m[0m
[01:37:01] [0m[INFO] [1779730609.007924345]: [Perception] Post 1: x=-0.30 y=-0.45 dist=0.54 m[0m
[01:37:01] [0m[INFO] [1779730609.308489640]: [Perception] Post 1: x=-0.31 y=-0.45 dist=0.55 m[0m
[01:37:01] [0m[INFO] [1779730609.609312679]: [Perception] Post 1: x=-0.31 y=-0.45 dist=0.54 m[0m
[01:37:01] [0m[INFO] [1779730609.958378269]: [Perception] Post 1: x=-0.30 y=-0.45 dist=0.54 m[0m
[01:37:01] [0m[INFO] [1779730610.259472734]: [Perception] Post 1: x=-0.30 y=-0.45 dist=0.54 m[0m
[01:37:01] [0m[INFO] [1779730610.608271775]: [Perception] Post 1: x=-0.30 y=-0.45 dist=0.54 m[0m
[01:37:01] [0m[INFO] [1779730610.958963467]: [Perception] Post 1: x=-0.31 y=-0.45 dist=0.54 m[0m
[01:37:01] [0m[INFO] [1779730611.308043661]: [Perception] Post 1: x=-0.30 y=-0.45 dist=0.54 m[0m
[01:37:01] [0m[INFO] [1779730611.608426698]: [Perception] Post 1: x=-0.31 y=-0.45 dist=0.55 m[0m
[01:37:01] [0m[INFO] [1779730611.958002789]: [Perception] Post 1: x=-0.31 y=-0.45 dist=0.54 m[0m
[01:37:01] [0m[INFO] [1779730612.258033303]: [Perception] Post 1: x=-0.31 y=-0.45 dist=0.55 m[0m
[01:37:01] [0m[INFO] [1779730612.608090646]: [Perception] Post 1: x=-0.31 y=-0.45 dist=0.54 m[0m
[01:37:01] [0m[INFO] [1779730612.908301379]: [Perception] Post 1: x=-0.31 y=-0.45 dist=0.54 m[0m
[01:37:01] [0m[INFO] [1779730613.208892100]: [Perception] Post 1: x=-0.30 y=-0.45 dist=0.54 m[0m
[01:37:01] [0m[INFO] [1779730613.557354997]: [Perception] Post 1: x=-0.31 y=-0.45 dist=0.55 m[0m
[01:37:01] [0m[INFO] [1779730613.858434795]: [Perception] Post 1: x=-0.31 y=-0.45 dist=0.54 m[0m
[01:37:01] [0m[INFO] [1779730614.159136141]: [Perception] Post 1: x=-0.31 y=-0.45 dist=0.55 m[0m
[01:37:01] [0m[INFO] [1779730614.508122494]: [Perception] Post 1: x=-0.31 y=-0.45 dist=0.54 m[0m
[01:37:01] [0m[INFO] [1779730614.808848133]: [Perception] Post 1: x=-0.30 y=-0.45 dist=0.54 m[0m
[01:37:01] [0m[INFO] [1779730615.158621786]: [Perception] Post 1: x=-0.31 y=-0.45 dist=0.54 m[0m
[01:37:01] [0m[INFO] [1779730615.509234259]: [Perception] Post 1: x=-0.30 y=-0.45 dist=0.54 m[0m
[01:37:01] [0m[INFO] [1779730615.857954858]: [Perception] Post 1: x=-0.30 y=-0.45 dist=0.54 m[0m
[01:37:01] [0m[INFO] [1779730616.158068709]: [Perception] Post 1: x=-0.31 y=-0.45 dist=0.54 m[0m
[01:37:01] [0m[INFO] [1779730616.509056725]: [Perception] Post 1: x=-0.30 y=-0.45 dist=0.54 m[0m
[01:37:01] [0m[INFO] [1779730616.858300493]: [Perception] Post 1: x=-0.30 y=-0.45 dist=0.54 m[0m
[01:37:01] [0m[INFO] [1779730617.158547457]: [Perception] Post 1: x=-0.30 y=-0.45 dist=0.54 m[0m
[01:37:01] [0m[INFO] [1779730617.458922274]: [Perception] Post 1: x=-0.30 y=-0.45 dist=0.54 m[0m
[01:37:01] [0m[INFO] [1779730617.807939732]: [Perception] Post 1: x=-0.31 y=-0.45 dist=0.55 m[0m
[01:37:01] [0m[INFO] [1779730618.109210534]: [Perception] Post 1: x=-0.31 y=-0.45 dist=0.55 m[0m
[01:37:01] [0m[INFO] [1779730618.457970156]: [Perception] Post 1: x=-0.30 y=-0.45 dist=0.54 m[0m
[01:37:01] [0m[INFO] [1779730618.808845891]: [Perception] Post 1: x=-0.30 y=-0.45 dist=0.54 m[0m
[01:37:01] [0m[INFO] [1779730619.158369868]: [Perception] Post 1: x=-0.30 y=-0.45 dist=0.54 m[0m
[01:37:01] [0m[INFO] [1779730619.459144754]: [Perception] Post 1: x=-0.30 y=-0.45 dist=0.54 m[0m
[01:37:01] [0m[INFO] [1779730619.759298233]: [Perception] Post 1: x=-0.31 y=-0.45 dist=0.54 m[0m
[01:37:01] [0m[INFO] [1779730620.108433910]: [Perception] Post 1: x=-0.31 y=-0.45 dist=0.55 m[0m
[01:37:01] [0m[INFO] [1779730620.458480881]: [Perception] Post 1: x=-0.30 y=-0.45 dist=0.54 m[0m
[01:37:01] [0m[INFO] [1779730620.808152910]: [Perception] Post 1: x=-0.30 y=-0.45 dist=0.54 m[0m
[01:37:01] [0m[INFO] [1779730621.109251477]: [Perception] Post 1: x=-0.31 y=-0.45 dist=0.54 m[0m
[01:37:01] [0m[INFO] [1779730621.457356455]: [Perception] Post 1: x=-0.31 y=-0.45 dist=0.55 m[0m
[01:37:17] [0m[INFO] [1779730621.758867871]: [Perception] Post 1: x=-0.31 y=-0.45 dist=0.54 m[0m
[01:37:17] [0m[INFO] [1779730622.109075788]: [Perception] Post 1: x=-0.31 y=-0.45 dist=0.54 m[0m
[01:37:17] [0m[INFO] [1779730622.457655476]: [Perception] Post 1: x=-0.31 y=-0.45 dist=0.54 m[0m
[01:37:17] [0m[INFO] [1779730622.757846615]: [Perception] Post 1: x=-0.31 y=-0.45 dist=0.54 m[0m
[01:37:17] [0m[INFO] [1779730623.058137236]: [Perception] Post 1: x=-0.31 y=-0.45 dist=0.54 m[0m
[01:37:17] [0m[INFO] [1779730623.408355713]: [Perception] Post 1: x=-0.31 y=-0.45 dist=0.54 m[0m
[01:37:17] [0m[INFO] [1779730623.708421667]: [Perception] Post 1: x=-0.31 y=-0.45 dist=0.54 m[0m
[01:37:17] [0m[INFO] [1779730624.009532298]: [Perception] Post 1: x=-0.30 y=-0.45 dist=0.54 m[0m
[01:37:17] [0m[INFO] [1779730624.358166398]: [Perception] Post 1: x=-0.31 y=-0.45 dist=0.54 m[0m
[01:37:17] [0m[INFO] [1779730624.658531502]: [Perception] Post 1: x=-0.31 y=-0.45 dist=0.54 m[0m
[01:37:17] [0m[INFO] [1779730625.008557083]: [Perception] Post 1: x=-0.31 y=-0.45 dist=0.54 m[0m
[01:37:17] [0m[INFO] [1779730625.358343783]: [Perception] Post 1: x=-0.30 y=-0.45 dist=0.54 m[0m
[01:37:17] [0m[INFO] [1779730625.707861791]: [Perception] Post 1: x=-0.30 y=-0.45 dist=0.54 m[0m
[01:37:17] [0m[INFO] [1779730626.058764320]: [Perception] Post 1: x=-0.31 y=-0.45 dist=0.54 m[0m
[01:37:17] [0m[INFO] [1779730626.408450917]: [Perception] Post 1: x=-0.31 y=-0.45 dist=0.54 m[0m
[01:37:17] [0m[INFO] [1779730626.709423242]: [Perception] Post 1: x=-0.31 y=-0.45 dist=0.54 m[0m
[01:37:17] [0m[INFO] [1779730627.058171412]: [Perception] Post 1: x=-0.30 y=-0.45 dist=0.54 m[0m
[01:37:17] [0m[INFO] [1779730627.358477186]: [Perception] Post 1: x=-0.30 y=-0.45 dist=0.54 m[0m
[01:37:17] [0m[INFO] [1779730627.708785406]: [Perception] Post 1: x=-0.30 y=-0.45 dist=0.54 m[0m
[01:37:17] [0m[INFO] [1779730628.008796327]: [Perception] Post 1: x=-0.30 y=-0.45 dist=0.54 m[0m
[01:37:17] [0m[INFO] [1779730628.358403725]: [Perception] Post 1: x=-0.30 y=-0.45 dist=0.54 m[0m
[01:37:17] [0m[INFO] [1779730628.708900870]: [Perception] Post 1: x=-0.30 y=-0.45 dist=0.54 m[0m
[01:37:17] [0m[INFO] [1779730629.058351438]: [Perception] Post 1: x=-0.30 y=-0.45 dist=0.54 m[0m
[01:37:17] [0m[INFO] [1779730629.358839206]: [Perception] Post 1: x=-0.30 y=-0.45 dist=0.54 m[0m
[01:37:17] [0m[INFO] [1779730629.708100289]: [Perception] Post 1: x=-0.31 y=-0.45 dist=0.54 m[0m
[01:37:17] [0m[INFO] [1779730630.008921033]: [Perception] Post 1: x=-0.31 y=-0.45 dist=0.54 m[0m
[01:37:17] [0m[INFO] [1779730630.309081111]: [Perception] Post 1: x=-0.31 y=-0.45 dist=0.54 m[0m
[01:37:17] [0m[INFO] [1779730630.657336679]: [Perception] Post 1: x=-0.30 y=-0.45 dist=0.54 m[0m
[01:37:17] [0m[INFO] [1779730630.958128555]: [Perception] Post 1: x=-0.31 y=-0.45 dist=0.55 m[0m
[01:37:17] [0m[INFO] [1779730631.308588662]: [Perception] Post 1: x=-0.31 y=-0.45 dist=0.55 m[0m
[01:37:17] [0m[INFO] [1779730631.658102197]: [Perception] Post 1: x=-0.31 y=-0.45 dist=0.54 m[0m
[01:37:17] [0m[INFO] [1779730631.958739948]: [Perception] Post 1: x=-0.31 y=-0.45 dist=0.55 m[0m
[01:37:17] [0m[INFO] [1779730632.309279530]: [Perception] Post 1: x=-0.30 y=-0.45 dist=0.54 m[0m
[01:37:17] [0m[INFO] [1779730632.658226176]: [Perception] Post 1: x=-0.30 y=-0.45 dist=0.54 m[0m
[01:37:17] [0m[INFO] [1779730633.007416413]: [Perception] Post 1: x=-0.31 y=-0.45 dist=0.54 m[0m
[01:37:17] [0m[INFO] [1779730633.308080236]: [Perception] Post 1: x=-0.31 y=-0.45 dist=0.54 m[0m
[01:37:17] [0m[INFO] [1779730633.608174695]: [Perception] Post 1: x=-0.31 y=-0.45 dist=0.54 m[0m
[01:37:17] [0m[INFO] [1779730633.909105735]: [Perception] Post 1: x=-0.30 y=-0.45 dist=0.54 m[0m
[01:37:17] [0m[INFO] [1779730634.257845552]: [Perception] Post 1: x=-0.30 y=-0.45 dist=0.54 m[0m
[01:37:17] [0m[INFO] [1779730634.558906517]: [Perception] Post 1: x=-0.30 y=-0.45 dist=0.54 m[0m
[01:37:17] [0m[INFO] [1779730634.908359589]: [Perception] Post 1: x=-0.30 y=-0.45 dist=0.54 m[0m
[01:37:17] [0m[INFO] [1779730635.208545895]: [Perception] Post 1: x=-0.30 y=-0.45 dist=0.54 m[0m
[01:37:17] [0m[INFO] [1779730635.557788920]: [Perception] Post 1: x=-0.31 y=-0.45 dist=0.54 m[0m
[01:37:17] [0m[INFO] [1779730635.908042918]: [Perception] Post 1: x=-0.30 y=-0.45 dist=0.54 m[0m
[01:37:17] [0m[INFO] [1779730636.259282921]: [Perception] Post 1: x=-0.31 y=-0.45 dist=0.54 m[0m
[01:37:17] [0m[INFO] [1779730636.609016494]: [Perception] Post 1: x=-0.30 y=-0.45 dist=0.54 m[0m
[01:37:17] [0m[INFO] [1779730636.958103988]: [Perception] Post 1: x=-0.30 y=-0.45 dist=0.54 m[0m
[01:37:32] [0m[INFO] [1779730637.258203335]: [Perception] Post 1: x=-0.30 y=-0.45 dist=0.54 m[0m
[01:37:32] [0m[INFO] [1779730637.608401942]: [Perception] Post 1: x=-0.30 y=-0.45 dist=0.54 m[0m
[01:37:32] [0m[INFO] [1779730637.908481432]: [Perception] Post 1: x=-0.30 y=-0.45 dist=0.54 m[0m
[01:37:32] [0m[INFO] [1779730638.258183885]: [Perception] Post 1: x=-0.31 y=-0.45 dist=0.54 m[0m
[01:37:32] [0m[INFO] [1779730638.558225609]: [Perception] Post 1: x=-0.30 y=-0.45 dist=0.54 m[0m
[01:37:32] [0m[INFO] [1779730638.907749023]: [Perception] Post 1: x=-0.31 y=-0.45 dist=0.54 m[0m
[01:37:32] [0m[INFO] [1779730639.208431047]: [Perception] Post 1: x=-0.30 y=-0.45 dist=0.54 m[0m
[01:37:32] [0m[INFO] [1779730639.509225220]: [Perception] Post 1: x=-0.31 y=-0.45 dist=0.54 m[0m
[01:37:32] [0m[INFO] [1779730639.858295295]: [Perception] Post 1: x=-0.30 y=-0.45 dist=0.54 m[0m
[01:37:32] [0m[INFO] [1779730640.158442955]: [Perception] Post 1: x=-0.31 y=-0.45 dist=0.54 m[0m
[01:37:32] [0m[INFO] [1779730640.508152500]: [Perception] Post 1: x=-0.30 y=-0.45 dist=0.54 m[0m
[01:37:32] [0m[INFO] [1779730640.808678901]: [Perception] Post 1: x=-0.31 y=-0.45 dist=0.54 m[0m
[01:37:32] [0m[INFO] [1779730641.157583943]: [Perception] Post 1: x=-0.31 y=-0.45 dist=0.55 m[0m
[01:37:32] [0m[INFO] [1779730641.457999249]: [Perception] Post 1: x=-0.30 y=-0.45 dist=0.54 m[0m
[01:37:32] [0m[INFO] [1779730641.758145047]: [Perception] Post 1: x=-0.31 y=-0.45 dist=0.55 m[0m
[01:37:32] [0m[INFO] [1779730642.058672957]: [Perception] Post 1: x=-0.30 y=-0.45 dist=0.54 m[0m
[01:37:32] [0m[INFO] [1779730642.358947121]: [Perception] Post 1: x=-0.31 y=-0.45 dist=0.54 m[0m
[01:37:32] [0m[INFO] [1779730642.708300902]: [Perception] Post 1: x=-0.31 y=-0.45 dist=0.55 m[0m
[01:37:32] [0m[INFO] [1779730643.059219855]: [Perception] Post 1: x=-0.30 y=-0.45 dist=0.54 m[0m
[01:37:32] [0m[INFO] [1779730643.408542636]: [Perception] Post 1: x=-0.30 y=-0.45 dist=0.54 m[0m
[01:37:32] [0m[INFO] [1779730643.757819245]: [Perception] Post 1: x=-0.30 y=-0.45 dist=0.54 m[0m
[01:37:32] [0m[INFO] [1779730644.058282380]: [Perception] Post 1: x=-0.30 y=-0.45 dist=0.54 m[0m
[01:37:32] [0m[INFO] [1779730644.359172097]: [Perception] Post 1: x=-0.30 y=-0.45 dist=0.54 m[0m
[01:37:32] [0m[INFO] [1779730644.707987338]: [Perception] Post 1: x=-0.30 y=-0.45 dist=0.54 m[0m
[01:37:32] [0m[INFO] [1779730645.008032276]: [Perception] Post 1: x=-0.31 y=-0.45 dist=0.55 m[0m
[01:37:32] [0m[INFO] [1779730645.308654169]: [Perception] Post 1: x=-0.30 y=-0.45 dist=0.54 m[0m
[01:37:32] [0m[INFO] [1779730645.657629671]: [Perception] Post 1: x=-0.30 y=-0.45 dist=0.54 m[0m
[01:37:32] [0m[INFO] [1779730645.958012970]: [Perception] Post 1: x=-0.31 y=-0.45 dist=0.54 m[0m
[01:37:32] [0m[INFO] [1779730646.307736662]: [Perception] Post 1: x=-0.31 y=-0.45 dist=0.54 m[0m
[01:37:32] [0m[INFO] [1779730646.658133247]: [Perception] Post 1: x=-0.30 y=-0.45 dist=0.54 m[0m
[01:37:32] [0m[INFO] [1779730647.007628573]: [Perception] Post 1: x=-0.31 y=-0.45 dist=0.54 m[0m
[01:37:32] [0m[INFO] [1779730647.307969549]: [Perception] Post 1: x=-0.31 y=-0.45 dist=0.54 m[0m
[01:37:32] [0m[INFO] [1779730647.658053823]: [Perception] Post 1: x=-0.30 y=-0.45 dist=0.54 m[0m
[01:37:32] [0m[INFO] [1779730647.958661291]: [Perception] Post 1: x=-0.31 y=-0.45 dist=0.54 m[0m
[01:37:32] [0m[INFO] [1779730648.307467547]: [Perception] Post 1: x=-0.30 y=-0.45 dist=0.54 m[0m
[01:37:32] [0m[INFO] [1779730648.608207438]: [Perception] Post 1: x=-0.31 y=-0.45 dist=0.54 m[0m
[01:37:32] [0m[INFO] [1779730648.908269733]: [Perception] Post 1: x=-0.30 y=-0.45 dist=0.54 m[0m
[01:37:32] [0m[INFO] [1779730649.208404526]: [Perception] Post 1: x=-0.31 y=-0.45 dist=0.54 m[0m
[01:37:32] [0m[INFO] [1779730649.508436019]: [Perception] Post 1: x=-0.31 y=-0.45 dist=0.54 m[0m
[01:37:32] [0m[INFO] [1779730649.858232713]: [Perception] Post 1: x=-0.30 y=-0.45 dist=0.54 m[0m
[01:37:32] [0m[INFO] [1779730650.208519059]: [Perception] Post 1: x=-0.31 y=-0.45 dist=0.55 m[0m
[01:37:32] [0m[INFO] [1779730650.557639420]: [Perception] Post 1: x=-0.31 y=-0.45 dist=0.55 m[0m
[01:37:32] [0m[INFO] [1779730650.857626195]: [Perception] Post 1: x=-0.31 y=-0.45 dist=0.54 m[0m
[01:37:32] [0m[INFO] [1779730651.158031579]: [Perception] Post 1: x=-0.31 y=-0.45 dist=0.54 m[0m
[01:37:32] [0m[INFO] [1779730651.508007010]: [Perception] Post 1: x=-0.31 y=-0.45 dist=0.54 m[0m
[01:37:32] [0m[INFO] [1779730651.857348394]: [Perception] Post 1: x=-0.30 y=-0.45 dist=0.54 m[0m
[01:37:47] [0m[INFO] [1779730652.158675857]: [Perception] Post 1: x=-0.30 y=-0.45 dist=0.54 m[0m
[01:37:47] [0m[INFO] [1779730652.507375419]: [Perception] Post 1: x=-0.30 y=-0.45 dist=0.54 m[0m
[01:37:47] [0m[INFO] [1779730652.807844079]: [Perception] Post 1: x=-0.31 y=-0.45 dist=0.54 m[0m
[01:37:47] [0m[INFO] [1779730653.109185588]: [Perception] Post 1: x=-0.31 y=-0.45 dist=0.54 m[0m
[01:37:47] [0m[INFO] [1779730653.457539332]: [Perception] Post 1: x=-0.31 y=-0.45 dist=0.54 m[0m
[01:37:47] [0m[INFO] [1779730653.757936034]: [Perception] Post 1: x=-0.30 y=-0.45 dist=0.54 m[0m
[01:37:47] [0m[INFO] [1779730654.057942117]: [Perception] Post 1: x=-0.30 y=-0.45 dist=0.54 m[0m
[01:37:47] [0m[INFO] [1779730654.358421012]: [Perception] Post 1: x=-0.30 y=-0.45 dist=0.54 m[0m
[01:37:47] [0m[INFO] [1779730654.708403613]: [Perception] Post 1: x=-0.31 y=-0.45 dist=0.54 m[0m
[01:37:47] [0m[INFO] [1779730655.057434012]: [Perception] Post 1: x=-0.30 y=-0.45 dist=0.54 m[0m
[01:37:47] [0m[INFO] [1779730655.357862406]: [Perception] Post 1: x=-0.31 y=-0.45 dist=0.54 m[0m
[01:37:47] [0m[INFO] [1779730655.707542858]: [Perception] Post 1: x=-0.31 y=-0.45 dist=0.54 m[0m
[01:37:47] [0m[INFO] [1779730656.008364534]: [Perception] Post 1: x=-0.30 y=-0.45 dist=0.54 m[0m
[01:37:47] [0m[INFO] [1779730656.357403413]: [Perception] Post 1: x=-0.31 y=-0.45 dist=0.54 m[0m
[01:37:47] [0m[INFO] [1779730656.658759377]: [Perception] Post 1: x=-0.30 y=-0.45 dist=0.54 m[0m
[01:37:47] [0m[INFO] [1779730657.008018485]: [Perception] Post 1: x=-0.31 y=-0.45 dist=0.55 m[0m
[01:37:47] [0m[INFO] [1779730657.358647366]: [Perception] Post 1: x=-0.31 y=-0.45 dist=0.54 m[0m
[01:37:47] [0m[INFO] [1779730657.708095596]: [Perception] Post 1: x=-0.31 y=-0.45 dist=0.54 m[0m
[01:37:47] [0m[INFO] [1779730658.008367439]: [Perception] Post 1: x=-0.31 y=-0.45 dist=0.54 m[0m
[01:37:47] [0m[INFO] [1779730658.309252518]: [Perception] Post 1: x=-0.31 y=-0.45 dist=0.54 m[0m
[01:37:47] [0m[INFO] [1779730658.657598720]: [Perception] Post 1: x=-0.30 y=-0.45 dist=0.54 m[0m
[01:37:47] [0m[INFO] [1779730659.007110502]: [Perception] Post 1: x=-0.30 y=-0.45 dist=0.54 m[0m
[01:37:47] [0m[INFO] [1779730659.307589857]: [Perception] Post 1: x=-0.31 y=-0.45 dist=0.54 m[0m
[01:37:47] [0m[INFO] [1779730659.657322417]: [Perception] Post 1: x=-0.30 y=-0.45 dist=0.54 m[0m
[01:37:47] [0m[INFO] [1779730659.957407442]: [Perception] Post 1: x=-0.30 y=-0.45 dist=0.54 m[0m
[01:37:47] [0m[INFO] [1779730660.258330482]: [Perception] Post 1: x=-0.31 y=-0.45 dist=0.55 m[0m
[01:37:47] [0m[INFO] [1779730660.607755176]: [Perception] Post 1: x=-0.31 y=-0.45 dist=0.54 m[0m
[01:37:47] [0m[INFO] [1779730660.907884046]: [Perception] Post 1: x=-0.30 y=-0.45 dist=0.54 m[0m
[01:37:47] [0m[INFO] [1779730661.257786497]: [Perception] Post 1: x=-0.31 y=-0.45 dist=0.54 m[0m
[01:37:47] [0m[INFO] [1779730661.607999451]: [Perception] Post 1: x=-0.31 y=-0.45 dist=0.54 m[0m
[01:37:47] [0m[INFO] [1779730661.908364683]: [Perception] Post 1: x=-0.30 y=-0.45 dist=0.54 m[0m
[01:37:47] [0m[INFO] [1779730662.257704415]: [Perception] Post 1: x=-0.30 y=-0.45 dist=0.54 m[0m
[01:37:47] [0m[INFO] [1779730662.607220390]: [Perception] Post 1: x=-0.30 y=-0.45 dist=0.54 m[0m
[01:37:47] [0m[INFO] [1779730662.908078284]: [Perception] Post 1: x=-0.30 y=-0.45 dist=0.54 m[0m
[01:37:47] [0m[INFO] [1779730663.258124439]: [Perception] Post 1: x=-0.31 y=-0.45 dist=0.54 m[0m
[01:37:47] [0m[INFO] [1779730663.607505214]: [Perception] Post 1: x=-0.31 y=-0.45 dist=0.55 m[0m
[01:37:47] [0m[INFO] [1779730663.957614459]: [Perception] Post 1: x=-0.31 y=-0.45 dist=0.54 m[0m
[01:37:47] [0m[INFO] [1779730664.258984002]: [Perception] Post 1: x=-0.30 y=-0.45 dist=0.54 m[0m
[01:37:47] [0m[INFO] [1779730664.608345931]: [Perception] Post 1: x=-0.30 y=-0.45 dist=0.54 m[0m
[01:37:47] [0m[INFO] [1779730664.959080356]: [Perception] Post 1: x=-0.30 y=-0.45 dist=0.54 m[0m
[01:37:47] [0m[INFO] [1779730665.308994389]: [Perception] Post 1: x=-0.30 y=-0.45 dist=0.54 m[0m
[01:37:47] [0m[INFO] [1779730665.659146386]: [Perception] Post 1: x=-0.31 y=-0.45 dist=0.54 m[0m
[01:37:47] [0m[INFO] [1779730665.959264322]: [Perception] Post 1: x=-0.30 y=-0.45 dist=0.54 m[0m
[01:37:47] [0m[INFO] [1779730666.309061924]: [Perception] Post 1: x=-0.31 y=-0.45 dist=0.54 m[0m
[01:37:47] [0m[INFO] [1779730666.609160140]: [Perception] Post 1: x=-0.31 y=-0.45 dist=0.55 m[0m
[01:37:47] [0m[INFO] [1779730666.958851373]: [Perception] Post 1: x=-0.31 y=-0.45 dist=0.54 m[0m
[01:37:47] [0m[INFO] [1779730667.308546570]: [Perception] Post 1: x=-0.31 y=-0.45 dist=0.54 m[0m
[01:38:02] [0m[INFO] [1779730667.659274724]: [Perception] Post 1: x=-0.31 y=-0.45 dist=0.54 m[0m
[01:38:02] [0m[INFO] [1779730668.007633147]: [Perception] Post 1: x=-0.31 y=-0.45 dist=0.54 m[0m
[01:38:02] [0m[INFO] [1779730668.307678171]: [Perception] Post 1: x=-0.30 y=-0.45 dist=0.54 m[0m
[01:38:02] [0m[INFO] [1779730668.608779169]: [Perception] Post 1: x=-0.30 y=-0.45 dist=0.54 m[0m
[01:38:02] [0m[INFO] [1779730668.957781540]: [Perception] Post 1: x=-0.31 y=-0.45 dist=0.54 m[0m
[01:38:02] [0m[INFO] [1779730669.258073876]: [Perception] Post 1: x=-0.30 y=-0.45 dist=0.54 m[0m
[01:38:02] [0m[INFO] [1779730669.558247883]: [Perception] Post 1: x=-0.30 y=-0.45 dist=0.54 m[0m
[01:38:02] [0m[INFO] [1779730669.907744068]: [Perception] Post 1: x=-0.30 y=-0.45 dist=0.54 m[0m
[01:38:02] [0m[INFO] [1779730670.207772960]: [Perception] Post 1: x=-0.31 y=-0.45 dist=0.55 m[0m
[01:38:02] [0m[INFO] [1779730670.508401816]: [Perception] Post 1: x=-0.30 y=-0.45 dist=0.54 m[0m
[01:38:02] [0m[INFO] [1779730670.858140939]: [Perception] Post 1: x=-0.30 y=-0.45 dist=0.54 m[0m
[01:38:02] [0m[INFO] [1779730671.207263048]: [Perception] Post 1: x=-0.30 y=-0.45 dist=0.54 m[0m
[01:38:02] [0m[INFO] [1779730671.508397501]: [Perception] Post 1: x=-0.31 y=-0.45 dist=0.54 m[0m
[01:38:02] [0m[INFO] [1779730671.858202188]: [Perception] Post 1: x=-0.31 y=-0.45 dist=0.54 m[0m
[01:38:02] [0m[INFO] [1779730672.207896286]: [Perception] Post 1: x=-0.31 y=-0.45 dist=0.54 m[0m
[01:38:02] [0m[INFO] [1779730672.508137048]: [Perception] Post 1: x=-0.30 y=-0.45 dist=0.54 m[0m
[01:38:02] [0m[INFO] [1779730672.857772759]: [Perception] Post 1: x=-0.31 y=-0.45 dist=0.55 m[0m
[01:38:02] [0m[INFO] [1779730673.207518624]: [Perception] Post 1: x=-0.30 y=-0.45 dist=0.54 m[0m
[01:38:02] [0m[INFO] [1779730673.507681946]: [Perception] Post 1: x=-0.31 y=-0.45 dist=0.54 m[0m
[01:38:02] [0m[INFO] [1779730673.858366537]: [Perception] Post 1: x=-0.31 y=-0.45 dist=0.54 m[0m
[01:38:02] [0m[INFO] [1779730674.158540724]: [Perception] Post 1: x=-0.31 y=-0.45 dist=0.54 m[0m
[01:38:02] [0m[INFO] [1779730674.508292367]: [Perception] Post 1: x=-0.30 y=-0.45 dist=0.54 m[0m
[01:38:02] [0m[INFO] [1779730674.857642008]: [Perception] Post 1: x=-0.31 y=-0.45 dist=0.54 m[0m
[01:38:02] [0m[INFO] [1779730675.159425826]: [Perception] Post 1: x=-0.31 y=-0.45 dist=0.55 m[0m
[01:38:02] [0m[INFO] [1779730675.508839029]: [Perception] Post 1: x=-0.31 y=-0.45 dist=0.54 m[0m
[01:38:02] [0m[INFO] [1779730675.857084299]: [Perception] Post 1: x=-0.30 y=-0.45 dist=0.54 m[0m
[01:38:02] [0m[INFO] [1779730676.157785793]: [Perception] Post 1: x=-0.31 y=-0.45 dist=0.54 m[0m
[01:38:02] [0m[INFO] [1779730676.507787534]: [Perception] Post 1: x=-0.31 y=-0.45 dist=0.54 m[0m
[01:38:02] [0m[INFO] [1779730676.807848086]: [Perception] Post 1: x=-0.30 y=-0.45 dist=0.54 m[0m
[01:38:02] [0m[INFO] [1779730677.157947865]: [Perception] Post 1: x=-0.31 y=-0.45 dist=0.55 m[0m
[01:38:02] [0m[INFO] [1779730677.458496329]: [Perception] Post 1: x=-0.31 y=-0.45 dist=0.55 m[0m
[01:38:02] [0m[INFO] [1779730677.807375380]: [Perception] Post 1: x=-0.30 y=-0.45 dist=0.54 m[0m
[01:38:02] [0m[INFO] [1779730678.107657031]: [Perception] Post 1: x=-0.30 y=-0.45 dist=0.54 m[0m
[01:38:02] [0m[INFO] [1779730678.407749487]: [Perception] Post 1: x=-0.30 y=-0.45 dist=0.54 m[0m
[01:38:02] [0m[INFO] [1779730678.757785310]: [Perception] Post 1: x=-0.30 y=-0.45 dist=0.54 m[0m
[01:38:02] [0m[INFO] [1779730679.058310911]: [Perception] Post 1: x=-0.31 y=-0.45 dist=0.54 m[0m
[01:38:02] [0m[INFO] [1779730679.358663464]: [Perception] Post 1: x=-0.31 y=-0.45 dist=0.54 m[0m
[01:38:02] [0m[INFO] [1779730679.707896636]: [Perception] Post 1: x=-0.30 y=-0.45 dist=0.54 m[0m
[01:38:02] [0m[INFO] [1779730680.057803672]: [Perception] Post 1: x=-0.31 y=-0.45 dist=0.54 m[0m
[01:38:02] [0m[INFO] [1779730680.407430806]: [Perception] Post 1: x=-0.31 y=-0.45 dist=0.54 m[0m
[01:38:02] [0m[INFO] [1779730680.707520162]: [Perception] Post 1: x=-0.31 y=-0.45 dist=0.54 m[0m
[01:38:02] [0m[INFO] [1779730681.007702935]: [Perception] Post 1: x=-0.31 y=-0.45 dist=0.55 m[0m
[01:38:02] [0m[INFO] [1779730681.357130553]: [Perception] Post 1: x=-0.31 y=-0.45 dist=0.54 m[0m
[01:38:02] [0m[INFO] [1779730681.659006606]: [Perception] Post 1: x=-0.30 y=-0.45 dist=0.54 m[0m
[01:38:02] [0m[INFO] [1779730682.008346608]: [Perception] Post 1: x=-0.30 y=-0.45 dist=0.54 m[0m
[01:38:02] [0m[INFO] [1779730682.308732410]: [Perception] Post 1: x=-0.30 y=-0.45 dist=0.54 m[0m
[01:38:18] [0m[INFO] [1779730682.658885197]: [Perception] Post 1: x=-0.31 y=-0.45 dist=0.54 m[0m
[01:38:18] [0m[INFO] [1779730683.008909558]: [Perception] Post 1: x=-0.31 y=-0.45 dist=0.54 m[0m
[01:38:18] [0m[INFO] [1779730683.358372044]: [Perception] Post 1: x=-0.31 y=-0.45 dist=0.55 m[0m
[01:38:18] [0m[INFO] [1779730683.708836158]: [Perception] Post 1: x=-0.30 y=-0.45 dist=0.54 m[0m
[01:38:18] [0m[INFO] [1779730684.058404753]: [Perception] Post 1: x=-0.30 y=-0.45 dist=0.54 m[0m
[01:38:18] [0m[INFO] [1779730684.359094552]: [Perception] Post 1: x=-0.31 y=-0.45 dist=0.54 m[0m
[01:38:18] [0m[INFO] [1779730684.708861010]: [Perception] Post 1: x=-0.30 y=-0.45 dist=0.54 m[0m
[01:38:18] [0m[INFO] [1779730685.058382475]: [Perception] Post 1: x=-0.31 y=-0.45 dist=0.54 m[0m
[01:38:18] [0m[INFO] [1779730685.358523299]: [Perception] Post 1: x=-0.30 y=-0.45 dist=0.54 m[0m
[01:38:18] [0m[INFO] [1779730685.658829046]: [Perception] Post 1: x=-0.31 y=-0.45 dist=0.54 m[0m
[01:38:18] [0m[INFO] [1779730686.008495855]: [Perception] Post 1: x=-0.30 y=-0.45 dist=0.54 m[0m
[01:38:18] [0m[INFO] [1779730686.358915840]: [Perception] Post 1: x=-0.30 y=-0.45 dist=0.54 m[0m
[01:38:18] [0m[INFO] [1779730686.708218260]: [Perception] Post 1: x=-0.30 y=-0.45 dist=0.54 m[0m
[01:38:18] [0m[INFO] [1779730687.008706335]: [Perception] Post 1: x=-0.31 y=-0.45 dist=0.54 m[0m
[01:38:18] [0m[INFO] [1779730687.358502649]: [Perception] Post 1: x=-0.31 y=-0.45 dist=0.54 m[0m
[01:38:18] [0m[INFO] [1779730687.658756906]: [Perception] Post 1: x=-0.31 y=-0.45 dist=0.54 m[0m
[01:38:18] [0m[INFO] [1779730688.008478086]: [Perception] Post 1: x=-0.30 y=-0.45 dist=0.54 m[0m
[01:38:18] [0m[INFO] [1779730688.309120415]: [Perception] Post 1: x=-0.31 y=-0.45 dist=0.54 m[0m
[01:38:18] [0m[INFO] [1779730688.657995059]: [Perception] Post 1: x=-0.30 y=-0.45 dist=0.54 m[0m
[01:38:18] [0m[INFO] [1779730688.958945920]: [Perception] Post 1: x=-0.31 y=-0.45 dist=0.54 m[0m
[01:38:18] [0m[INFO] [1779730689.308686037]: [Perception] Post 1: x=-0.30 y=-0.45 dist=0.54 m[0m
[01:38:18] [0m[INFO] [1779730689.658994910]: [Perception] Post 1: x=-0.30 y=-0.45 dist=0.54 m[0m
[01:38:18] [0m[INFO] [1779730689.959104807]: [Perception] Post 1: x=-0.30 y=-0.45 dist=0.54 m[0m
[01:38:18] [0m[INFO] [1779730690.309010568]: [Perception] Post 1: x=-0.31 y=-0.45 dist=0.54 m[0m
[01:38:18] [0m[INFO] [1779730690.659314347]: [Perception] Post 1: x=-0.31 y=-0.45 dist=0.54 m[0m
[01:38:18] [0m[INFO] [1779730691.008381742]: [Perception] Post 1: x=-0.30 y=-0.45 dist=0.54 m[0m
[01:38:18] [0m[INFO] [1779730691.308747217]: [Perception] Post 1: x=-0.30 y=-0.45 dist=0.54 m[0m
[01:38:18] [0m[INFO] [1779730691.658599326]: [Perception] Post 1: x=-0.30 y=-0.45 dist=0.54 m[0m
[01:38:18] [0m[INFO] [1779730692.009189020]: [Perception] Post 1: x=-0.30 y=-0.45 dist=0.54 m[0m
[01:38:18] [0m[INFO] [1779730692.358510691]: [Perception] Post 1: x=-0.30 y=-0.45 dist=0.54 m[0m
[01:38:18] [0m[INFO] [1779730692.658635432]: [Perception] Post 1: x=-0.30 y=-0.45 dist=0.54 m[0m
[01:38:18] [0m[INFO] [1779730693.008230921]: [Perception] Post 1: x=-0.31 y=-0.45 dist=0.55 m[0m
[01:38:18] [0m[INFO] [1779730693.309212388]: [Perception] Post 1: x=-0.31 y=-0.45 dist=0.54 m[0m
[01:38:18] [0m[INFO] [1779730693.658425828]: [Perception] Post 1: x=-0.31 y=-0.45 dist=0.54 m[0m
[01:38:18] [0m[INFO] [1779730694.009068644]: [Perception] Post 1: x=-0.30 y=-0.45 dist=0.54 m[0m
[01:38:18] [0m[INFO] [1779730694.359024907]: [Perception] Post 1: x=-0.31 y=-0.45 dist=0.54 m[0m
[01:38:18] [0m[INFO] [1779730694.659212908]: [Perception] Post 1: x=-0.31 y=-0.45 dist=0.54 m[0m
[01:38:18] [0m[INFO] [1779730695.008568105]: [Perception] Post 1: x=-0.31 y=-0.45 dist=0.54 m[0m
[01:38:18] [0m[INFO] [1779730695.358734691]: [Perception] Post 1: x=-0.31 y=-0.45 dist=0.55 m[0m
[01:38:18] [0m[INFO] [1779730695.708459633]: [Perception] Post 1: x=-0.31 y=-0.45 dist=0.54 m[0m
[01:38:18] [0m[INFO] [1779730696.058313771]: [Perception] Post 1: x=-0.31 y=-0.45 dist=0.54 m[0m
[01:38:18] [0m[INFO] [1779730696.358409121]: [Perception] Post 1: x=-0.30 y=-0.45 dist=0.54 m[0m
[01:38:18] [0m[INFO] [1779730696.659088645]: [Perception] Post 1: x=-0.30 y=-0.45 dist=0.54 m[0m
[01:38:18] [0m[INFO] [1779730697.007277403]: [Perception] Post 1: x=-0.30 y=-0.45 dist=0.54 m[0m
[01:38:18] [0m[INFO] [1779730697.307277948]: [Perception] Post 1: x=-0.31 y=-0.45 dist=0.54 m[0m
[01:38:18] [0m[INFO] [1779730697.608080139]: [Perception] Post 1: x=-0.30 y=-0.45 dist=0.54 m[0m
[01:38:18] [0m[INFO] [1779730697.957830429]: [Perception] Post 1: x=-0.31 y=-0.45 dist=0.54 m[0m
[01:38:33] [0m[INFO] [1779730698.308133989]: [Perception] Post 1: x=-0.31 y=-0.45 dist=0.54 m[0m
[01:38:33] [0m[INFO] [1779730698.608162757]: [Perception] Post 1: x=-0.30 y=-0.45 dist=0.54 m[0m
[01:38:33] [0m[INFO] [1779730698.957442504]: [Perception] Post 1: x=-0.31 y=-0.45 dist=0.54 m[0m
[01:38:33] [0m[INFO] [1779730699.257864582]: [Perception] Post 1: x=-0.30 y=-0.45 dist=0.54 m[0m
[01:38:33] [0m[INFO] [1779730699.558493789]: [Perception] Post 1: x=-0.31 y=-0.45 dist=0.54 m[0m
[01:38:33] [0m[INFO] [1779730699.907918502]: [Perception] Post 1: x=-0.31 y=-0.45 dist=0.54 m[0m
[01:38:33] [0m[INFO] [1779730700.208966127]: [Perception] Post 1: x=-0.30 y=-0.45 dist=0.54 m[0m
[01:38:33] [0m[INFO] [1779730700.558241161]: [Perception] Post 1: x=-0.31 y=-0.45 dist=0.54 m[0m
[01:38:33] [0m[INFO] [1779730700.907558527]: [Perception] Post 1: x=-0.31 y=-0.45 dist=0.54 m[0m
[01:38:33] [0m[INFO] [1779730701.257711329]: [Perception] Post 1: x=-0.31 y=-0.45 dist=0.54 m[0m
[01:38:33] [0m[INFO] [1779730701.558009916]: [Perception] Post 1: x=-0.30 y=-0.45 dist=0.54 m[0m
[01:38:33] [0m[INFO] [1779730701.907487367]: [Perception] Post 1: x=-0.30 y=-0.45 dist=0.54 m[0m
[01:38:33] [0m[INFO] [1779730702.208635734]: [Perception] Post 1: x=-0.30 y=-0.45 dist=0.54 m[0m
[01:38:33] [0m[INFO] [1779730702.509091639]: [Perception] Post 1: x=-0.31 y=-0.45 dist=0.55 m[0m
[01:38:33] [0m[INFO] [1779730702.858433455]: [Perception] Post 1: x=-0.31 y=-0.45 dist=0.54 m[0m
[01:38:33] [0m[INFO] [1779730703.208342866]: [Perception] Post 1: x=-0.30 y=-0.45 dist=0.54 m[0m
[01:38:33] [0m[INFO] [1779730703.508450681]: [Perception] Post 1: x=-0.31 y=-0.45 dist=0.54 m[0m
[01:38:33] [0m[INFO] [1779730703.857680324]: [Perception] Post 1: x=-0.31 y=-0.45 dist=0.54 m[0m
[01:38:33] [0m[INFO] [1779730704.158087344]: [Perception] Post 1: x=-0.30 y=-0.45 dist=0.54 m[0m
[01:38:33] [0m[INFO] [1779730704.508336918]: [Perception] Post 1: x=-0.31 y=-0.45 dist=0.54 m[0m
[01:38:33] [0m[INFO] [1779730704.857926543]: [Perception] Post 1: x=-0.30 y=-0.45 dist=0.54 m[0m
[01:38:33] [0m[INFO] [1779730705.158360826]: [Perception] Post 1: x=-0.31 y=-0.45 dist=0.54 m[0m
[01:38:33] [0m[INFO] [1779730705.508368187]: [Perception] Post 1: x=-0.31 y=-0.45 dist=0.54 m[0m
[01:38:33] [0m[INFO] [1779730705.809084269]: [Perception] Post 1: x=-0.31 y=-0.45 dist=0.55 m[0m
[01:38:33] [0m[INFO] [1779730706.158005593]: [Perception] Post 1: x=-0.31 y=-0.45 dist=0.54 m[0m
[01:38:33] [0m[INFO] [1779730706.458196860]: [Perception] Post 1: x=-0.30 y=-0.45 dist=0.54 m[0m
[01:38:33] [0m[INFO] [1779730706.808472206]: [Perception] Post 1: x=-0.31 y=-0.45 dist=0.55 m[0m
[01:38:33] [0m[INFO] [1779730707.108552268]: [Perception] Post 1: x=-0.30 y=-0.45 dist=0.54 m[0m
[01:38:33] [0m[INFO] [1779730707.409007831]: [Perception] Post 1: x=-0.30 y=-0.45 dist=0.54 m[0m
[01:38:33] [0m[INFO] [1779730707.758494812]: [Perception] Post 1: x=-0.31 y=-0.45 dist=0.54 m[0m
[01:38:33] [0m[INFO] [1779730708.109112825]: [Perception] Post 1: x=-0.31 y=-0.45 dist=0.54 m[0m
[01:38:33] [0m[INFO] [1779730708.458454024]: [Perception] Post 1: x=-0.30 y=-0.45 dist=0.54 m[0m
[01:38:33] [0m[INFO] [1779730708.758740503]: [Perception] Post 1: x=-0.30 y=-0.45 dist=0.54 m[0m
[01:38:33] [0m[INFO] [1779730709.108379759]: [Perception] Post 1: x=-0.30 y=-0.45 dist=0.54 m[0m
[01:38:33] [0m[INFO] [1779730709.458144595]: [Perception] Post 1: x=-0.30 y=-0.45 dist=0.54 m[0m
[01:38:33] [0m[INFO] [1779730709.758168891]: [Perception] Post 1: x=-0.30 y=-0.45 dist=0.54 m[0m
[01:38:33] [0m[INFO] [1779730710.109122582]: [Perception] Post 1: x=-0.30 y=-0.45 dist=0.54 m[0m
[01:38:33] [0m[INFO] [1779730710.458141150]: [Perception] Post 1: x=-0.30 y=-0.45 dist=0.54 m[0m
[01:38:33] [0m[INFO] [1779730710.758508965]: [Perception] Post 1: x=-0.31 y=-0.45 dist=0.54 m[0m
[01:38:33] [0m[INFO] [1779730711.108390558]: [Perception] Post 1: x=-0.31 y=-0.45 dist=0.54 m[0m
[01:38:33] [0m[INFO] [1779730711.458535752]: [Perception] Post 1: x=-0.31 y=-0.45 dist=0.54 m[0m
[01:38:33] [0m[INFO] [1779730711.808456547]: [Perception] Post 1: x=-0.30 y=-0.45 dist=0.54 m[0m
[01:38:33] [0m[INFO] [1779730712.109029558]: [Perception] Post 1: x=-0.30 y=-0.45 dist=0.54 m[0m
[01:38:33] [0m[INFO] [1779730712.409128797]: [Perception] Post 1: x=-0.30 y=-0.45 dist=0.54 m[0m
[01:38:33] [0m[INFO] [1779730712.758156278]: [Perception] Post 1: x=-0.30 y=-0.45 dist=0.54 m[0m
[01:38:33] [0m[INFO] [1779730713.058385521]: [Perception] Post 1: x=-0.30 y=-0.45 dist=0.55 m[0m
[01:38:48] [0m[INFO] [1779730713.407724792]: [Perception] Post 1: x=-0.31 y=-0.45 dist=0.54 m[0m
[01:38:48] [0m[INFO] [1779730713.757585440]: [Perception] Post 1: x=-0.31 y=-0.45 dist=0.54 m[0m
[01:38:48] [0m[INFO] [1779730714.107481574]: [Perception] Post 1: x=-0.31 y=-0.45 dist=0.54 m[0m
[01:38:48] [0m[INFO] [1779730714.407553342]: [Perception] Post 1: x=-0.30 y=-0.45 dist=0.54 m[0m
[01:38:48] [0m[INFO] [1779730714.708160583]: [Perception] Post 1: x=-0.31 y=-0.45 dist=0.54 m[0m
[01:38:48] [0m[INFO] [1779730715.008429741]: [Perception] Post 1: x=-0.30 y=-0.45 dist=0.54 m[0m
[01:38:48] [0m[INFO] [1779730715.309036053]: [Perception] Post 1: x=-0.31 y=-0.45 dist=0.54 m[0m
[01:38:48] [0m[INFO] [1779730715.658345514]: [Perception] Post 1: x=-0.30 y=-0.45 dist=0.54 m[0m
[01:38:48] [0m[INFO] [1779730715.958500842]: [Perception] Post 1: x=-0.30 y=-0.45 dist=0.54 m[0m
[01:38:48] [0m[INFO] [1779730716.308410335]: [Perception] Post 1: x=-0.31 y=-0.45 dist=0.54 m[0m
[01:38:48] [0m[INFO] [1779730716.609124019]: [Perception] Post 1: x=-0.31 y=-0.45 dist=0.54 m[0m
[01:38:48] [0m[INFO] [1779730716.958182715]: [Perception] Post 1: x=-0.31 y=-0.45 dist=0.55 m[0m
[01:38:48] [0m[INFO] [1779730717.258694904]: [Perception] Post 1: x=-0.31 y=-0.45 dist=0.54 m[0m
[01:38:48] [0m[INFO] [1779730717.607620839]: [Perception] Post 1: x=-0.31 y=-0.45 dist=0.54 m[0m
[01:38:48] [0m[INFO] [1779730717.908100127]: [Perception] Post 1: x=-0.30 y=-0.45 dist=0.54 m[0m
[01:38:48] [0m[INFO] [1779730718.257655304]: [Perception] Post 1: x=-0.31 y=-0.45 dist=0.54 m[0m
[01:38:48] [0m[INFO] [1779730718.558300717]: [Perception] Post 1: x=-0.30 y=-0.45 dist=0.54 m[0m
[01:38:48] [0m[INFO] [1779730718.858685855]: [Perception] Post 1: x=-0.30 y=-0.45 dist=0.54 m[0m
[01:38:48] [0m[INFO] [1779730719.208193058]: [Perception] Post 1: x=-0.31 y=-0.45 dist=0.54 m[0m
[01:38:48] [0m[INFO] [1779730719.557425250]: [Perception] Post 1: x=-0.31 y=-0.45 dist=0.55 m[0m
[01:38:48] [0m[INFO] [1779730719.858372958]: [Perception] Post 1: x=-0.30 y=-0.45 dist=0.54 m[0m
[01:38:48] [0m[INFO] [1779730720.158534410]: [Perception] Post 1: x=-0.30 y=-0.45 dist=0.54 m[0m
[01:38:48] [0m[INFO] [1779730720.508041058]: [Perception] Post 1: x=-0.31 y=-0.45 dist=0.54 m[0m
[01:38:48] [0m[INFO] [1779730720.808364357]: [Perception] Post 1: x=-0.31 y=-0.45 dist=0.54 m[0m
[01:38:48] [0m[INFO] [1779730721.157984769]: [Perception] Post 1: x=-0.31 y=-0.45 dist=0.54 m[0m
[01:38:48] [0m[INFO] [1779730721.458161362]: [Perception] Post 1: x=-0.31 y=-0.45 dist=0.54 m[0m
[01:38:48] [0m[INFO] [1779730721.758313537]: [Perception] Post 1: x=-0.31 y=-0.45 dist=0.54 m[0m
[01:38:48] [0m[INFO] [1779730722.058637585]: [Perception] Post 1: x=-0.31 y=-0.45 dist=0.54 m[0m
[01:38:48] [0m[INFO] [1779730722.407401303]: [Perception] Post 1: x=-0.31 y=-0.45 dist=0.54 m[0m
[01:38:48] [0m[INFO] [1779730722.708113695]: [Perception] Post 1: x=-0.31 y=-0.45 dist=0.54 m[0m
[01:38:48] [0m[INFO] [1779730723.058354366]: [Perception] Post 1: x=-0.31 y=-0.45 dist=0.54 m[0m
[01:38:48] [0m[INFO] [1779730723.358388172]: [Perception] Post 1: x=-0.30 y=-0.45 dist=0.54 m[0m
[01:38:48] [0m[INFO] [1779730723.708378283]: [Perception] Post 1: x=-0.30 y=-0.45 dist=0.54 m[0m
[01:38:48] [0m[INFO] [1779730724.057900281]: [Perception] Post 1: x=-0.31 y=-0.45 dist=0.54 m[0m
[01:38:48] [0m[INFO] [1779730724.358335380]: [Perception] Post 1: x=-0.31 y=-0.45 dist=0.54 m[0m
[01:38:48] [0m[INFO] [1779730724.709100435]: [Perception] Post 1: x=-0.30 y=-0.45 dist=0.54 m[0m
[01:38:48] [0m[INFO] [1779730725.058313335]: [Perception] Post 1: x=-0.30 y=-0.45 dist=0.54 m[0m
[01:38:48] [0m[INFO] [1779730725.358969658]: [Perception] Post 1: x=-0.30 y=-0.45 dist=0.54 m[0m
[01:38:48] [0m[INFO] [1779730725.708462993]: [Perception] Post 1: x=-0.31 y=-0.45 dist=0.55 m[0m
[01:38:48] [0m[INFO] [1779730726.009024677]: [Perception] Post 1: x=-0.30 y=-0.45 dist=0.54 m[0m
[01:38:48] [0m[INFO] [1779730726.357939967]: [Perception] Post 1: x=-0.30 y=-0.45 dist=0.54 m[0m
[01:38:48] [0m[INFO] [1779730726.658001519]: [Perception] Post 1: x=-0.30 y=-0.45 dist=0.54 m[0m
[01:38:48] [0m[INFO] [1779730726.958203013]: [Perception] Post 1: x=-0.31 y=-0.45 dist=0.54 m[0m
[01:38:48] [0m[INFO] [1779730727.258242576]: [Perception] Post 1: x=-0.31 y=-0.45 dist=0.54 m[0m
[01:38:48] [0m[INFO] [1779730727.559140954]: [Perception] Post 1: x=-0.30 y=-0.45 dist=0.54 m[0m
[01:38:48] [0m[INFO] [1779730727.907589846]: [Perception] Post 1: x=-0.30 y=-0.45 dist=0.54 m[0m
[01:38:48] [0m[INFO] [1779730728.258640907]: [Perception] Post 1: x=-0.31 y=-0.45 dist=0.54 m[0m
[01:39:03] [0m[INFO] [1779730728.559280697]: [Perception] Post 1: x=-0.30 y=-0.45 dist=0.54 m[0m
[01:39:03] [0m[INFO] [1779730728.908466271]: [Perception] Post 1: x=-0.30 y=-0.45 dist=0.54 m[0m
[01:39:03] [0m[INFO] [1779730729.257986933]: [Perception] Post 1: x=-0.30 y=-0.45 dist=0.54 m[0m
[01:39:03] [0m[INFO] [1779730729.558510018]: [Perception] Post 1: x=-0.30 y=-0.45 dist=0.54 m[0m
[01:39:03] [0m[INFO] [1779730729.908442570]: [Perception] Post 1: x=-0.31 y=-0.45 dist=0.55 m[0m
[01:39:03] [0m[INFO] [1779730730.259015067]: [Perception] Post 1: x=-0.31 y=-0.45 dist=0.54 m[0m
[01:39:03] [0m[INFO] [1779730730.608346356]: [Perception] Post 1: x=-0.31 y=-0.45 dist=0.55 m[0m
[01:39:03] [0m[INFO] [1779730730.908610844]: [Perception] Post 1: x=-0.30 y=-0.45 dist=0.54 m[0m
[01:39:03] [0m[INFO] [1779730731.259064526]: [Perception] Post 1: x=-0.30 y=-0.45 dist=0.54 m[0m
[01:39:03] [0m[INFO] [1779730731.608045455]: [Perception] Post 1: x=-0.31 y=-0.45 dist=0.54 m[0m
[01:39:03] [0m[INFO] [1779730731.958296087]: [Perception] Post 1: x=-0.31 y=-0.45 dist=0.54 m[0m
[01:39:03] [0m[INFO] [1779730732.258329843]: [Perception] Post 1: x=-0.31 y=-0.45 dist=0.54 m[0m
[01:39:03] [0m[INFO] [1779730732.559343850]: [Perception] Post 1: x=-0.30 y=-0.45 dist=0.54 m[0m
[01:39:03] [0m[INFO] [1779730732.908395724]: [Perception] Post 1: x=-0.30 y=-0.45 dist=0.54 m[0m
[01:39:03] [0m[INFO] [1779730733.208622039]: [Perception] Post 1: x=-0.30 y=-0.45 dist=0.54 m[0m
[01:39:03] [0m[INFO] [1779730733.509144046]: [Perception] Post 1: x=-0.31 y=-0.45 dist=0.55 m[0m
[01:39:03] [0m[INFO] [1779730733.858936876]: [Perception] Post 1: x=-0.30 y=-0.45 dist=0.54 m[0m
[01:39:03] [0m[INFO] [1779730734.207392611]: [Perception] Post 1: x=-0.30 y=-0.45 dist=0.54 m[0m
[01:39:03] [0m[INFO] [1779730734.508667370]: [Perception] Post 1: x=-0.30 y=-0.45 dist=0.54 m[0m
[01:39:03] [0m[INFO] [1779730734.858712977]: [Perception] Post 1: x=-0.30 y=-0.45 dist=0.54 m[0m
[01:39:03] [0m[INFO] [1779730735.208354870]: [Perception] Post 1: x=-0.30 y=-0.45 dist=0.54 m[0m
[01:39:03] [0m[INFO] [1779730735.509058571]: [Perception] Post 1: x=-0.30 y=-0.45 dist=0.54 m[0m
[01:39:03] [0m[INFO] [1779730735.858232974]: [Perception] Post 1: x=-0.31 y=-0.45 dist=0.54 m[0m
[01:39:03] [0m[INFO] [1779730736.159058898]: [Perception] Post 1: x=-0.30 y=-0.45 dist=0.54 m[0m
[01:39:03] [0m[INFO] [1779730736.508183275]: [Perception] Post 1: x=-0.31 y=-0.45 dist=0.54 m[0m
[01:39:03] [0m[INFO] [1779730736.809078859]: [Perception] Post 1: x=-0.31 y=-0.45 dist=0.54 m[0m
[01:39:03] [0m[INFO] [1779730737.158479326]: [Perception] Post 1: x=-0.31 y=-0.45 dist=0.54 m[0m
[01:39:03] [0m[INFO] [1779730737.509534911]: [Perception] Post 1: x=-0.31 y=-0.45 dist=0.54 m[0m
[01:39:03] [0m[INFO] [1779730737.858392715]: [Perception] Post 1: x=-0.31 y=-0.45 dist=0.54 m[0m
[01:39:03] [0m[INFO] [1779730738.159053466]: [Perception] Post 1: x=-0.31 y=-0.45 dist=0.54 m[0m
[01:39:03] [0m[INFO] [1779730738.508059769]: [Perception] Post 1: x=-0.30 y=-0.45 dist=0.54 m[0m
[01:39:03] [0m[INFO] [1779730738.858473222]: [Perception] Post 1: x=-0.31 y=-0.45 dist=0.55 m[0m
[01:39:03] [0m[INFO] [1779730739.208973535]: [Perception] Post 1: x=-0.31 y=-0.45 dist=0.54 m[0m
[01:39:03] [0m[INFO] [1779730739.557969250]: [Perception] Post 1: x=-0.31 y=-0.45 dist=0.55 m[0m
[01:39:03] [0m[INFO] [1779730739.858367457]: [Perception] Post 1: x=-0.30 y=-0.45 dist=0.54 m[0m
[01:39:03] [0m[INFO] [1779730740.158469073]: [Perception] Post 1: x=-0.30 y=-0.45 dist=0.54 m[0m
[01:39:03] [0m[INFO] [1779730740.508800162]: [Perception] Post 1: x=-0.31 y=-0.45 dist=0.54 m[0m
[01:39:03] [0m[INFO] [1779730740.859011924]: [Perception] Post 1: x=-0.30 y=-0.45 dist=0.54 m[0m
[01:39:03] [0m[INFO] [1779730741.208273449]: [Perception] Post 1: x=-0.30 y=-0.45 dist=0.54 m[0m
[01:39:03] [0m[INFO] [1779730741.509061131]: [Perception] Post 1: x=-0.31 y=-0.45 dist=0.55 m[0m
[01:39:03] [0m[INFO] [1779730741.858765026]: [Perception] Post 1: x=-0.30 y=-0.45 dist=0.54 m[0m
[01:39:03] [0m[INFO] [1779730742.209004822]: [Perception] Post 1: x=-0.30 y=-0.45 dist=0.54 m[0m
[01:39:03] [0m[INFO] [1779730742.558670739]: [Perception] Post 1: x=-0.31 y=-0.45 dist=0.54 m[0m
[01:39:03] [0m[INFO] [1779730742.909084106]: [Perception] Post 1: x=-0.31 y=-0.45 dist=0.54 m[0m
[01:39:03] [0m[INFO] [1779730743.258502705]: [Perception] Post 1: x=-0.31 y=-0.45 dist=0.54 m[0m
[01:39:03] [0m[INFO] [1779730743.558693772]: [Perception] Post 1: x=-0.30 y=-0.45 dist=0.54 m[0m
[01:39:19] [0m[INFO] [1779730743.908501909]: [Perception] Post 1: x=-0.30 y=-0.45 dist=0.54 m[0m
[01:39:19] [0m[INFO] [1779730744.258812229]: [Perception] Post 1: x=-0.31 y=-0.45 dist=0.54 m[0m
[01:39:19] [0m[INFO] [1779730744.608269457]: [Perception] Post 1: x=-0.30 y=-0.45 dist=0.54 m[0m
[01:39:19] [0m[INFO] [1779730744.908489533]: [Perception] Post 1: x=-0.30 y=-0.45 dist=0.54 m[0m
[01:39:19] [0m[INFO] [1779730745.258294624]: [Perception] Post 1: x=-0.31 y=-0.45 dist=0.55 m[0m
[01:39:19] [0m[INFO] [1779730745.608129210]: [Perception] Post 1: x=-0.30 y=-0.45 dist=0.54 m[0m
[01:39:19] [0m[INFO] [1779730745.908246997]: [Perception] Post 1: x=-0.31 y=-0.45 dist=0.54 m[0m
[01:39:19] [0m[INFO] [1779730746.258909420]: [Perception] Post 1: x=-0.30 y=-0.45 dist=0.54 m[0m
[01:39:19] [0m[INFO] [1779730746.608276652]: [Perception] Post 1: x=-0.30 y=-0.45 dist=0.54 m[0m
[01:39:19] [0m[INFO] [1779730746.908652387]: [Perception] Post 1: x=-0.31 y=-0.45 dist=0.54 m[0m
[01:39:19] [0m[INFO] [1779730747.258072238]: [Perception] Post 1: x=-0.30 y=-0.45 dist=0.54 m[0m
[01:39:19] [0m[INFO] [1779730747.608081753]: [Perception] Post 1: x=-0.31 y=-0.45 dist=0.54 m[0m
[01:39:19] [0m[INFO] [1779730747.908312362]: [Perception] Post 1: x=-0.30 y=-0.45 dist=0.54 m[0m
[01:39:19] [0m[INFO] [1779730748.208769923]: [Perception] Post 1: x=-0.31 y=-0.45 dist=0.54 m[0m
[01:39:19] [0m[INFO] [1779730748.557659054]: [Perception] Post 1: x=-0.31 y=-0.45 dist=0.54 m[0m
[01:39:19] [0m[INFO] [1779730748.857857828]: [Perception] Post 1: x=-0.31 y=-0.45 dist=0.55 m[0m
[01:39:19] [0m[INFO] [1779730749.158386811]: [Perception] Post 1: x=-0.30 y=-0.45 dist=0.54 m[0m
[01:39:19] [0m[INFO] [1779730749.509018782]: [Perception] Post 1: x=-0.31 y=-0.45 dist=0.55 m[0m
[01:39:19] [0m[INFO] [1779730749.809046096]: [Perception] Post 1: x=-0.30 y=-0.45 dist=0.54 m[0m
[01:39:19] [0m[INFO] [1779730750.158590600]: [Perception] Post 1: x=-0.31 y=-0.45 dist=0.54 m[0m
[01:39:19] [0m[INFO] [1779730750.508467366]: [Perception] Post 1: x=-0.31 y=-0.45 dist=0.54 m[0m
[01:39:19] [0m[INFO] [1779730750.858560268]: [Perception] Post 1: x=-0.30 y=-0.45 dist=0.54 m[0m
[01:39:19] [0m[INFO] [1779730751.159028650]: [Perception] Post 1: x=-0.31 y=-0.45 dist=0.54 m[0m
[01:39:19] [0m[INFO] [1779730751.508412564]: [Perception] Post 1: x=-0.30 y=-0.45 dist=0.54 m[0m
[01:39:19] [0m[INFO] [1779730751.858480191]: [Perception] Post 1: x=-0.31 y=-0.45 dist=0.54 m[0m
[01:39:19] [0m[INFO] [1779730752.207847131]: [Perception] Post 1: x=-0.30 y=-0.45 dist=0.54 m[0m
[01:39:19] [0m[INFO] [1779730752.509096177]: [Perception] Post 1: x=-0.31 y=-0.45 dist=0.55 m[0m
[01:39:19] [0m[INFO] [1779730752.858045911]: [Perception] Post 1: x=-0.31 y=-0.45 dist=0.54 m[0m
[01:39:19] [0m[INFO] [1779730753.158671037]: [Perception] Post 1: x=-0.30 y=-0.45 dist=0.54 m[0m
[01:39:19] [0m[INFO] [1779730753.508134352]: [Perception] Post 1: x=-0.30 y=-0.45 dist=0.54 m[0m
[01:39:19] [0m[INFO] [1779730753.809012937]: [Perception] Post 1: x=-0.31 y=-0.45 dist=0.54 m[0m
[01:39:19] [0m[INFO] [1779730754.109071645]: [Perception] Post 1: x=-0.31 y=-0.45 dist=0.54 m[0m
[01:39:19] [0m[INFO] [1779730754.458426154]: [Perception] Post 1: x=-0.30 y=-0.45 dist=0.54 m[0m
[01:39:19] [0m[INFO] [1779730754.809127077]: [Perception] Post 1: x=-0.30 y=-0.45 dist=0.54 m[0m
[01:39:19] [0m[INFO] [1779730755.158205151]: [Perception] Post 1: x=-0.30 y=-0.45 dist=0.54 m[0m
[01:39:19] [0m[INFO] [1779730755.508161499]: [Perception] Post 1: x=-0.31 y=-0.45 dist=0.54 m[0m
[01:39:19] [0m[INFO] [1779730755.808568051]: [Perception] Post 1: x=-0.31 y=-0.45 dist=0.54 m[0m
[01:39:19] [0m[INFO] [1779730756.109084857]: [Perception] Post 1: x=-0.31 y=-0.45 dist=0.54 m[0m
[01:39:19] [0m[INFO] [1779730756.457966403]: [Perception] Post 1: x=-0.31 y=-0.45 dist=0.54 m[0m
[01:39:19] [0m[INFO] [1779730756.758407392]: [Perception] Post 1: x=-0.31 y=-0.45 dist=0.54 m[0m
[01:39:19] [0m[INFO] [1779730757.107404281]: [Perception] Post 1: x=-0.30 y=-0.45 dist=0.54 m[0m
[01:39:19] [0m[INFO] [1779730757.407594323]: [Perception] Post 1: x=-0.30 y=-0.45 dist=0.54 m[0m
[01:39:19] [0m[INFO] [1779730757.709002987]: [Perception] Post 1: x=-0.30 y=-0.45 dist=0.54 m[0m
[01:39:19] [0m[INFO] [1779730758.058389844]: [Perception] Post 1: x=-0.31 y=-0.45 dist=0.54 m[0m
[01:39:19] [0m[INFO] [1779730758.408477551]: [Perception] Post 1: x=-0.31 y=-0.45 dist=0.54 m[0m
[01:39:19] [0m[INFO] [1779730758.708958367]: [Perception] Post 1: x=-0.31 y=-0.45 dist=0.55 m[0m
[01:39:19] [0m[INFO] [1779730759.057922887]: [Perception] Post 1: x=-0.30 y=-0.45 dist=0.54 m[0m
[01:39:34] [0m[INFO] [1779730759.358285394]: [Perception] Post 1: x=-0.31 y=-0.45 dist=0.54 m[0m
[01:39:34] [0m[INFO] [1779730759.707649304]: [Perception] Post 1: x=-0.30 y=-0.45 dist=0.54 m[0m
[01:39:34] [0m[INFO] [1779730760.008170813]: [Perception] Post 1: x=-0.31 y=-0.45 dist=0.55 m[0m
[01:39:34] [0m[INFO] [1779730760.358292198]: [Perception] Post 1: x=-0.30 y=-0.45 dist=0.54 m[0m
[01:39:34] [0m[INFO] [1779730760.708181646]: [Perception] Post 1: x=-0.30 y=-0.45 dist=0.54 m[0m
[01:39:34] [0m[INFO] [1779730761.008615008]: [Perception] Post 1: x=-0.31 y=-0.45 dist=0.54 m[0m
[01:39:34] [0m[INFO] [1779730761.309077516]: [Perception] Post 1: x=-0.31 y=-0.45 dist=0.54 m[0m
[01:39:34] [0m[INFO] [1779730761.658503268]: [Perception] Post 1: x=-0.31 y=-0.45 dist=0.54 m[0m
[01:39:34] [0m[INFO] [1779730762.007601178]: [Perception] Post 1: x=-0.31 y=-0.45 dist=0.54 m[0m
[01:39:34] [0m[INFO] [1779730762.308185285]: [Perception] Post 1: x=-0.30 y=-0.45 dist=0.54 m[0m
[01:39:34] [0m[INFO] [1779730762.609521661]: [Perception] Post 1: x=-0.31 y=-0.45 dist=0.54 m[0m
[01:39:34] [0m[INFO] [1779730762.958123939]: [Perception] Post 1: x=-0.31 y=-0.45 dist=0.54 m[0m
[01:39:34] [0m[INFO] [1779730763.308891830]: [Perception] Post 1: x=-0.31 y=-0.45 dist=0.55 m[0m
[01:39:34] [0m[INFO] [1779730763.658326751]: [Perception] Post 1: x=-0.30 y=-0.45 dist=0.54 m[0m
[01:39:34] [0m[INFO] [1779730763.958850798]: [Perception] Post 1: x=-0.30 y=-0.45 dist=0.54 m[0m
[01:39:34] [0m[INFO] [1779730764.308515695]: [Perception] Post 1: x=-0.30 y=-0.45 dist=0.54 m[0m
[01:39:34] [0m[INFO] [1779730764.608957090]: [Perception] Post 1: x=-0.30 y=-0.45 dist=0.54 m[0m
[01:39:34] [0m[INFO] [1779730764.957759245]: [Perception] Post 1: x=-0.31 y=-0.45 dist=0.54 m[0m
[01:39:34] [0m[INFO] [1779730765.258181703]: [Perception] Post 1: x=-0.30 y=-0.45 dist=0.54 m[0m
[01:39:34] [0m[INFO] [1779730765.558283941]: [Perception] Post 1: x=-0.31 y=-0.45 dist=0.55 m[0m
[01:39:34] [0m[INFO] [1779730765.909027722]: [Perception] Post 1: x=-0.31 y=-0.45 dist=0.55 m[0m
[01:39:34] [0m[INFO] [1779730766.209122478]: [Perception] Post 1: x=-0.31 y=-0.45 dist=0.55 m[0m
[01:39:34] [0m[INFO] [1779730766.558493066]: [Perception] Post 1: x=-0.31 y=-0.45 dist=0.55 m[0m
[01:39:34] [0m[INFO] [1779730766.908866581]: [Perception] Post 1: x=-0.30 y=-0.45 dist=0.54 m[0m
[01:39:34] [0m[INFO] [1779730767.258301076]: [Perception] Post 1: x=-0.30 y=-0.45 dist=0.54 m[0m
[01:39:34] [0m[INFO] [1779730767.607647413]: [Perception] Post 1: x=-0.31 y=-0.45 dist=0.54 m[0m
[01:39:34] [0m[INFO] [1779730767.908466791]: [Perception] Post 1: x=-0.31 y=-0.45 dist=0.55 m[0m
[01:39:34] [0m[INFO] [1779730768.208940388]: [Perception] Post 1: x=-0.30 y=-0.45 dist=0.54 m[0m
[01:39:34] [0m[INFO] [1779730768.558031953]: [Perception] Post 1: x=-0.31 y=-0.45 dist=0.55 m[0m
[01:39:34] [0m[INFO] [1779730768.858285229]: [Perception] Post 1: x=-0.31 y=-0.45 dist=0.54 m[0m
[01:39:34] [0m[INFO] [1779730769.158960203]: [Perception] Post 1: x=-0.31 y=-0.45 dist=0.54 m[0m
[01:39:34] [0m[INFO] [1779730769.507663806]: [Perception] Post 1: x=-0.30 y=-0.45 dist=0.54 m[0m
[01:39:34] [0m[INFO] [1779730769.809035645]: [Perception] Post 1: x=-0.31 y=-0.45 dist=0.54 m[0m
[01:39:34] [0m[INFO] [1779730770.158156978]: [Perception] Post 1: x=-0.31 y=-0.45 dist=0.54 m[0m
[01:39:34] [0m[INFO] [1779730770.458475863]: [Perception] Post 1: x=-0.30 y=-0.45 dist=0.54 m[0m
[01:39:34] [0m[INFO] [1779730770.759156392]: [Perception] Post 1: x=-0.31 y=-0.45 dist=0.54 m[0m
[01:39:34] [0m[INFO] [1779730771.107965924]: [Perception] Post 1: x=-0.31 y=-0.45 dist=0.54 m[0m
[01:39:34] [0m[INFO] [1779730771.408494926]: [Perception] Post 1: x=-0.30 y=-0.45 dist=0.54 m[0m
[01:39:34] [0m[INFO] [1779730771.758547484]: [Perception] Post 1: x=-0.30 y=-0.45 dist=0.54 m[0m
[01:39:34] [0m[INFO] [1779730772.108628127]: [Perception] Post 1: x=-0.31 y=-0.45 dist=0.54 m[0m
[01:39:34] [0m[INFO] [1779730772.458470775]: [Perception] Post 1: x=-0.30 y=-0.45 dist=0.54 m[0m
[01:39:34] [0m[INFO] [1779730772.759008002]: [Perception] Post 1: x=-0.30 y=-0.45 dist=0.54 m[0m
[01:39:34] [0m[INFO] [1779730773.108865416]: [Perception] Post 1: x=-0.31 y=-0.45 dist=0.55 m[0m
[01:39:34] [0m[INFO] [1779730773.457688216]: [Perception] Post 1: x=-0.31 y=-0.45 dist=0.54 m[0m
[01:39:34] [0m[INFO] [1779730773.808741547]: [Perception] Post 1: x=-0.31 y=-0.45 dist=0.55 m[0m
[01:39:34] [0m[INFO] [1779730774.157919121]: [Perception] Post 1: x=-0.31 y=-0.45 dist=0.54 m[0m
[01:39:34] [0m[INFO] [1779730774.458471254]: [Perception] Post 1: x=-0.31 y=-0.45 dist=0.54 m[0m
[01:39:49] [0m[INFO] [1779730774.758980664]: [Perception] Post 1: x=-0.30 y=-0.45 dist=0.54 m[0m
[01:39:49] [0m[INFO] [1779730775.107057938]: [Perception] Post 1: x=-0.31 y=-0.45 dist=0.54 m[0m
[01:39:49] [0m[INFO] [1779730775.407379182]: [Perception] Post 1: x=-0.30 y=-0.45 dist=0.54 m[0m
[01:39:49] [0m[INFO] [1779730775.707671835]: [Perception] Post 1: x=-0.30 y=-0.45 dist=0.54 m[0m
[01:39:49] [0m[INFO] [1779730776.008522895]: [Perception] Post 1: x=-0.30 y=-0.45 dist=0.54 m[0m
[01:39:49] [0m[INFO] [1779730776.308861985]: [Perception] Post 1: x=-0.31 y=-0.45 dist=0.55 m[0m
[01:39:49] [0m[INFO] [1779730776.658233534]: [Perception] Post 1: x=-0.30 y=-0.45 dist=0.54 m[0m
[01:39:49] [0m[INFO] [1779730777.008039950]: [Perception] Post 1: x=-0.31 y=-0.45 dist=0.54 m[0m
[01:39:49] [0m[INFO] [1779730777.308444671]: [Perception] Post 1: x=-0.31 y=-0.45 dist=0.54 m[0m
[01:39:49] [0m[INFO] [1779730777.658091299]: [Perception] Post 1: x=-0.31 y=-0.45 dist=0.55 m[0m
[01:39:49] [0m[INFO] [1779730777.958086102]: [Perception] Post 1: x=-0.30 y=-0.45 dist=0.54 m[0m
[01:39:49] [0m[INFO] [1779730778.258345534]: [Perception] Post 1: x=-0.30 y=-0.45 dist=0.54 m[0m
[01:39:49] [0m[INFO] [1779730778.608051033]: [Perception] Post 1: x=-0.30 y=-0.45 dist=0.55 m[0m
[01:39:49] [0m[INFO] [1779730778.908537724]: [Perception] Post 1: x=-0.30 y=-0.45 dist=0.54 m[0m
[01:39:49] [0m[INFO] [1779730779.208848059]: [Perception] Post 1: x=-0.31 y=-0.45 dist=0.54 m[0m
[01:39:49] [0m[INFO] [1779730779.558409472]: [Perception] Post 1: x=-0.30 y=-0.45 dist=0.54 m[0m
[01:39:49] [0m[INFO] [1779730779.908958759]: [Perception] Post 1: x=-0.31 y=-0.45 dist=0.55 m[0m
[01:39:49] [0m[INFO] [1779730780.258460371]: [Perception] Post 1: x=-0.30 y=-0.45 dist=0.54 m[0m
[01:39:49] [0m[INFO] [1779730780.558482473]: [Perception] Post 1: x=-0.30 y=-0.45 dist=0.54 m[0m
[01:39:49] [0m[INFO] [1779730780.908714471]: [Perception] Post 1: x=-0.31 y=-0.45 dist=0.54 m[0m
[01:39:49] [0m[INFO] [1779730781.258980475]: [Perception] Post 1: x=-0.31 y=-0.45 dist=0.55 m[0m
[01:39:49] [0m[INFO] [1779730781.608484593]: [Perception] Post 1: x=-0.30 y=-0.45 dist=0.54 m[0m
[01:39:49] [0m[INFO] [1779730781.958401817]: [Perception] Post 1: x=-0.31 y=-0.45 dist=0.54 m[0m
[01:39:49] [0m[INFO] [1779730782.308311005]: [Perception] Post 1: x=-0.31 y=-0.45 dist=0.54 m[0m
[01:39:49] [0m[INFO] [1779730782.657362781]: [Perception] Post 1: x=-0.30 y=-0.45 dist=0.54 m[0m
[01:39:49] [0m[INFO] [1779730782.958409110]: [Perception] Post 1: x=-0.31 y=-0.45 dist=0.54 m[0m
[01:39:49] [0m[INFO] [1779730783.308327534]: [Perception] Post 1: x=-0.31 y=-0.45 dist=0.54 m[0m
[01:39:49] [0m[INFO] [1779730783.608451515]: [Perception] Post 1: x=-0.30 y=-0.45 dist=0.54 m[0m
[01:39:49] [0m[INFO] [1779730783.958365465]: [Perception] Post 1: x=-0.31 y=-0.45 dist=0.55 m[0m
[01:39:49] [0m[INFO] [1779730784.308496478]: [Perception] Post 1: x=-0.31 y=-0.45 dist=0.54 m[0m
[01:39:49] [0m[INFO] [1779730784.658612687]: [Perception] Post 1: x=-0.31 y=-0.45 dist=0.54 m[0m
[01:39:49] [0m[INFO] [1779730785.008279458]: [Perception] Post 1: x=-0.31 y=-0.45 dist=0.54 m[0m
[01:39:49] [0m[INFO] [1779730785.357808184]: [Perception] Post 1: x=-0.31 y=-0.45 dist=0.54 m[0m
[01:39:49] [0m[INFO] [1779730785.658215359]: [Perception] Post 1: x=-0.30 y=-0.45 dist=0.54 m[0m
[01:39:49] [0m[INFO] [1779730786.009281183]: [Perception] Post 1: x=-0.30 y=-0.45 dist=0.55 m[0m
[01:39:49] [0m[INFO] [1779730786.358681172]: [Perception] Post 1: x=-0.31 y=-0.45 dist=0.55 m[0m
[01:39:49] [0m[INFO] [1779730786.707916969]: [Perception] Post 1: x=-0.30 y=-0.45 dist=0.54 m[0m
[01:39:49] [0m[INFO] [1779730787.008002689]: [Perception] Post 1: x=-0.31 y=-0.45 dist=0.54 m[0m
[01:39:49] [0m[INFO] [1779730787.358920425]: [Perception] Post 1: x=-0.31 y=-0.45 dist=0.54 m[0m
[01:39:49] [0m[INFO] [1779730787.707972639]: [Perception] Post 1: x=-0.31 y=-0.45 dist=0.54 m[0m
[01:39:49] [0m[INFO] [1779730788.057808650]: [Perception] Post 1: x=-0.31 y=-0.45 dist=0.54 m[0m
[01:39:49] [0m[INFO] [1779730788.358529703]: [Perception] Post 1: x=-0.30 y=-0.45 dist=0.54 m[0m
[01:39:49] [0m[INFO] [1779730788.658583427]: [Perception] Post 1: x=-0.31 y=-0.45 dist=0.55 m[0m
[01:39:49] [0m[INFO] [1779730789.007696146]: [Perception] Post 1: x=-0.31 y=-0.45 dist=0.54 m[0m
[01:39:49] [0m[INFO] [1779730789.308640707]: [Perception] Post 1: x=-0.31 y=-0.45 dist=0.54 m[0m
[01:39:49] [0m[INFO] [1779730789.658223619]: [Perception] Post 1: x=-0.31 y=-0.45 dist=0.54 m[0m
[01:40:05] [0m[INFO] [1779730789.958536463]: [Perception] Post 1: x=-0.31 y=-0.45 dist=0.54 m[0m
[01:40:05] [0m[INFO] [1779730790.258987677]: [Perception] Post 1: x=-0.31 y=-0.45 dist=0.54 m[0m
[01:40:05] [0m[INFO] [1779730790.608331142]: [Perception] Post 1: x=-0.31 y=-0.45 dist=0.54 m[0m
[01:40:05] [0m[INFO] [1779730790.909281128]: [Perception] Post 1: x=-0.31 y=-0.45 dist=0.54 m[0m
[01:40:05] [0m[INFO] [1779730791.258258066]: [Perception] Post 1: x=-0.31 y=-0.45 dist=0.54 m[0m
[01:40:05] [0m[INFO] [1779730791.559007720]: [Perception] Post 1: x=-0.30 y=-0.45 dist=0.54 m[0m
[01:40:05] [0m[INFO] [1779730791.908497844]: [Perception] Post 1: x=-0.30 y=-0.45 dist=0.54 m[0m
[01:40:05] [0m[INFO] [1779730792.258489376]: [Perception] Post 1: x=-0.30 y=-0.45 dist=0.54 m[0m
[01:40:05] [0m[INFO] [1779730792.608549210]: [Perception] Post 1: x=-0.31 y=-0.45 dist=0.54 m[0m
[01:40:05] [0m[INFO] [1779730792.959279871]: [Perception] Post 1: x=-0.30 y=-0.45 dist=0.54 m[0m
[01:40:05] [0m[INFO] [1779730793.308308521]: [Perception] Post 1: x=-0.30 y=-0.45 dist=0.54 m[0m
[01:40:05] [0m[INFO] [1779730793.608392136]: [Perception] Post 1: x=-0.31 y=-0.45 dist=0.54 m[0m
[01:40:05] [0m[INFO] [1779730793.959022441]: [Perception] Post 1: x=-0.30 y=-0.45 dist=0.54 m[0m
[01:40:05] [0m[INFO] [1779730794.309641069]: [Perception] Post 1: x=-0.30 y=-0.45 dist=0.54 m[0m
[01:40:05] [0m[INFO] [1779730794.659060917]: [Perception] Post 1: x=-0.31 y=-0.45 dist=0.54 m[0m
[01:40:05] [0m[INFO] [1779730795.007972001]: [Perception] Post 1: x=-0.31 y=-0.45 dist=0.54 m[0m
[01:40:05] [0m[INFO] [1779730795.308303062]: [Perception] Post 1: x=-0.30 y=-0.45 dist=0.54 m[0m
[01:40:05] [0m[INFO] [1779730795.608317114]: [Perception] Post 1: x=-0.30 y=-0.45 dist=0.54 m[0m
[01:40:05] [0m[INFO] [1779730795.957388831]: [Perception] Post 1: x=-0.31 y=-0.45 dist=0.54 m[0m
[01:40:05] [0m[INFO] [1779730796.258211783]: [Perception] Post 1: x=-0.30 y=-0.45 dist=0.54 m[0m
[01:40:05] [0m[INFO] [1779730796.559374442]: [Perception] Post 1: x=-0.30 y=-0.45 dist=0.54 m[0m
[01:40:05] [0m[INFO] [1779730796.907980206]: [Perception] Post 1: x=-0.30 y=-0.45 dist=0.54 m[0m
[01:40:05] [0m[INFO] [1779730797.209274348]: [Perception] Post 1: x=-0.31 y=-0.45 dist=0.54 m[0m
[01:40:05] [0m[INFO] [1779730797.558390817]: [Perception] Post 1: x=-0.31 y=-0.45 dist=0.54 m[0m
[01:40:05] [0m[INFO] [1779730797.909378947]: [Perception] Post 1: x=-0.30 y=-0.45 dist=0.54 m[0m
[01:40:05] [0m[INFO] [1779730798.259028442]: [Perception] Post 1: x=-0.31 y=-0.45 dist=0.54 m[0m
[01:40:05] [0m[INFO] [1779730798.607861576]: [Perception] Post 1: x=-0.31 y=-0.45 dist=0.54 m[0m
[01:40:05] [0m[INFO] [1779730798.958306471]: [Perception] Post 1: x=-0.31 y=-0.45 dist=0.54 m[0m
[01:40:05] [0m[INFO] [1779730799.258443334]: [Perception] Post 1: x=-0.30 y=-0.45 dist=0.54 m[0m
[01:40:05] [0m[INFO] [1779730799.608135687]: [Perception] Post 1: x=-0.31 y=-0.45 dist=0.54 m[0m
[01:40:05] [0m[INFO] [1779730799.957927602]: [Perception] Post 1: x=-0.31 y=-0.45 dist=0.54 m[0m
[01:40:05] [0m[INFO] [1779730800.258454544]: [Perception] Post 1: x=-0.31 y=-0.45 dist=0.54 m[0m
[01:40:05] [0m[INFO] [1779730800.607917303]: [Perception] Post 1: x=-0.30 y=-0.45 dist=0.54 m[0m
[01:40:05] [0m[INFO] [1779730800.908418917]: [Perception] Post 1: x=-0.31 y=-0.45 dist=0.54 m[0m
[01:40:05] [0m[INFO] [1779730801.259375039]: [Perception] Post 1: x=-0.30 y=-0.45 dist=0.54 m[0m
[01:40:05] [0m[INFO] [1779730801.607993493]: [Perception] Post 1: x=-0.30 y=-0.45 dist=0.54 m[0m
[01:40:05] [0m[INFO] [1779730801.908147110]: [Perception] Post 1: x=-0.31 y=-0.45 dist=0.54 m[0m
[01:40:05] [0m[INFO] [1779730802.259312336]: [Perception] Post 1: x=-0.30 y=-0.45 dist=0.54 m[0m
[01:40:05] [0m[INFO] [1779730802.608990169]: [Perception] Post 1: x=-0.31 y=-0.45 dist=0.55 m[0m
[01:40:05] [0m[INFO] [1779730802.958987630]: [Perception] Post 1: x=-0.31 y=-0.45 dist=0.55 m[0m
[01:40:05] [0m[INFO] [1779730803.308398875]: [Perception] Post 1: x=-0.30 y=-0.45 dist=0.54 m[0m
[01:40:05] [0m[INFO] [1779730803.658069399]: [Perception] Post 1: x=-0.31 y=-0.45 dist=0.54 m[0m
[01:40:05] [0m[INFO] [1779730803.958163491]: [Perception] Post 1: x=-0.31 y=-0.45 dist=0.54 m[0m
[01:40:05] [0m[INFO] [1779730804.258373740]: [Perception] Post 1: x=-0.30 y=-0.45 dist=0.54 m[0m
[01:40:05] [0m[INFO] [1779730804.558628006]: [Perception] Post 1: x=-0.30 y=-0.45 dist=0.54 m[0m
[01:40:05] [0m[INFO] [1779730804.908079562]: [Perception] Post 1: x=-0.31 y=-0.45 dist=0.54 m[0m
[01:40:05] [0m[INFO] [1779730805.208362191]: [Perception] Post 1: x=-0.30 y=-0.45 dist=0.54 m[0m
[01:40:20] [0m[INFO] [1779730805.509239038]: [Perception] Post 1: x=-0.30 y=-0.45 dist=0.54 m[0m
[01:40:20] [0m[INFO] [1779730805.858630083]: [Perception] Post 1: x=-0.30 y=-0.45 dist=0.54 m[0m
[01:40:20] [0m[INFO] [1779730806.207625001]: [Perception] Post 1: x=-0.30 y=-0.45 dist=0.54 m[0m
[01:40:20] [0m[INFO] [1779730806.508555427]: [Perception] Post 1: x=-0.30 y=-0.45 dist=0.54 m[0m
[01:40:20] [0m[INFO] [1779730806.809215322]: [Perception] Post 1: x=-0.30 y=-0.45 dist=0.54 m[0m
[01:40:20] [0m[INFO] [1779730807.158348649]: [Perception] Post 1: x=-0.30 y=-0.45 dist=0.54 m[0m
[01:40:20] [0m[INFO] [1779730807.458455407]: [Perception] Post 1: x=-0.31 y=-0.45 dist=0.54 m[0m
[01:40:20] [0m[INFO] [1779730807.759311790]: [Perception] Post 1: x=-0.30 y=-0.45 dist=0.54 m[0m
[01:40:20] [0m[INFO] [1779730808.107393993]: [Perception] Post 1: x=-0.30 y=-0.45 dist=0.54 m[0m
[01:40:20] [0m[INFO] [1779730808.409333136]: [Perception] Post 1: x=-0.31 y=-0.45 dist=0.54 m[0m
[01:40:20] [0m[INFO] [1779730808.758483075]: [Perception] Post 1: x=-0.30 y=-0.45 dist=0.54 m[0m
[01:40:20] [0m[INFO] [1779730809.059095739]: [Perception] Post 1: x=-0.31 y=-0.45 dist=0.54 m[0m
[01:40:20] [0m[INFO] [1779730809.408184448]: [Perception] Post 1: x=-0.31 y=-0.45 dist=0.55 m[0m
[01:40:20] [0m[INFO] [1779730809.709323707]: [Perception] Post 1: x=-0.31 y=-0.45 dist=0.55 m[0m
[01:40:20] [0m[INFO] [1779730810.058590811]: [Perception] Post 1: x=-0.30 y=-0.45 dist=0.54 m[0m
[01:40:20] [0m[INFO] [1779730810.408420343]: [Perception] Post 1: x=-0.31 y=-0.45 dist=0.54 m[0m
[01:40:20] [0m[INFO] [1779730810.758341723]: [Perception] Post 1: x=-0.31 y=-0.45 dist=0.54 m[0m
[01:40:20] [0m[INFO] [1779730811.058953020]: [Perception] Post 1: x=-0.31 y=-0.45 dist=0.54 m[0m
[01:40:20] [0m[INFO] [1779730811.407554080]: [Perception] Post 1: x=-0.30 y=-0.45 dist=0.54 m[0m
[01:40:20] [0m[INFO] [1779730811.709238770]: [Perception] Post 1: x=-0.30 y=-0.45 dist=0.54 m[0m
[01:40:20] [0m[INFO] [1779730812.058176817]: [Perception] Post 1: x=-0.31 y=-0.45 dist=0.54 m[0m
[01:40:20] [0m[INFO] [1779730812.358742808]: [Perception] Post 1: x=-0.31 y=-0.45 dist=0.54 m[0m
[01:40:20] [0m[INFO] [1779730812.708717168]: [Perception] Post 1: x=-0.31 y=-0.45 dist=0.54 m[0m
[01:40:20] [0m[INFO] [1779730813.057820754]: [Perception] Post 1: x=-0.30 y=-0.45 dist=0.54 m[0m
[01:40:20] [0m[INFO] [1779730813.358938317]: [Perception] Post 1: x=-0.30 y=-0.45 dist=0.54 m[0m
[01:40:20] [0m[INFO] [1779730813.708664868]: [Perception] Post 1: x=-0.30 y=-0.45 dist=0.54 m[0m
[01:40:20] [0m[INFO] [1779730814.057301080]: [Perception] Post 1: x=-0.30 y=-0.45 dist=0.54 m[0m
[01:40:20] [0m[INFO] [1779730814.358190232]: [Perception] Post 1: x=-0.30 y=-0.45 dist=0.54 m[0m
[01:40:20] [0m[INFO] [1779730814.658302503]: [Perception] Post 1: x=-0.30 y=-0.45 dist=0.54 m[0m
[01:40:20] [0m[INFO] [1779730814.959052042]: [Perception] Post 1: x=-0.31 y=-0.45 dist=0.54 m[0m
[01:40:20] [0m[INFO] [1779730815.308348072]: [Perception] Post 1: x=-0.31 y=-0.45 dist=0.54 m[0m
[01:40:20] [0m[INFO] [1779730815.609423327]: [Perception] Post 1: x=-0.31 y=-0.45 dist=0.54 m[0m
[01:40:20] [0m[INFO] [1779730815.958365092]: [Perception] Post 1: x=-0.30 y=-0.45 dist=0.54 m[0m
[01:40:20] [0m[INFO] [1779730816.258403793]: [Perception] Post 1: x=-0.30 y=-0.45 dist=0.54 m[0m
[01:40:20] [0m[INFO] [1779730816.608067113]: [Perception] Post 1: x=-0.30 y=-0.45 dist=0.54 m[0m
[01:40:20] [0m[INFO] [1779730816.957243534]: [Perception] Post 1: x=-0.30 y=-0.45 dist=0.54 m[0m
[01:40:20] [0m[INFO] [1779730817.258202053]: [Perception] Post 1: x=-0.30 y=-0.45 dist=0.54 m[0m
[01:40:20] [0m[INFO] [1779730817.608312190]: [Perception] Post 1: x=-0.30 y=-0.45 dist=0.54 m[0m
[01:40:20] [0m[INFO] [1779730817.958242236]: [Perception] Post 1: x=-0.31 y=-0.45 dist=0.55 m[0m
[01:40:20] [0m[INFO] [1779730818.258427950]: [Perception] Post 1: x=-0.80 y=-0.35 dist=0.87 m[0m
[01:40:20] [0m[INFO] [1779730818.558559909]: [Perception] Post 1: x=-0.64 y=-0.09 dist=0.65 m[0m
[01:40:20] [0m[INFO] [1779730818.858714612]: [Perception] Post 1: x=-0.80 y=-0.23 dist=0.83 m[0m
[01:40:20] [0m[INFO] [1779730819.209313090]: [Perception] Post 1: x=-0.30 y=-0.45 dist=0.54 m[0m
[01:40:20] [0m[INFO] [1779730819.409341875]: [Perception] Ball: x=-0.53 y=0.40 dist=0.67 m[0m
[01:40:20] [0m[INFO] [1779730819.558650308]: [Perception] Post 1: x=-0.31 y=-0.45 dist=0.55 m[0m
[01:40:20] [0m[INFO] [1779730819.907708204]: [Perception] Post 1: x=-0.31 y=-0.45 dist=0.54 m[0m
[01:40:35] [0m[INFO] [1779730820.208697668]: [Perception] Post 1: x=-0.30 y=-0.45 dist=0.54 m[0m
[01:40:35] [0m[INFO] [1779730820.557537127]: [Perception] Post 1: x=-0.31 y=-0.45 dist=0.54 m[0m
[01:40:35] [0m[INFO] [1779730820.857597903]: [Perception] Post 1: x=-0.31 y=-0.45 dist=0.54 m[0m
[01:40:35] [0m[INFO] [1779730821.158112121]: [Perception] Post 1: x=-0.30 y=-0.45 dist=0.54 m[0m
[01:40:35] [0m[INFO] [1779730821.459510526]: [Perception] Post 1: x=-0.31 y=-0.45 dist=0.54 m[0m
[01:40:35] [0m[INFO] [1779730821.808299345]: [Perception] Post 1: x=-0.30 y=-0.45 dist=0.54 m[0m
[01:40:35] [0m[INFO] [1779730822.108478869]: [Perception] Post 1: x=-0.30 y=-0.45 dist=0.54 m[0m
[01:40:35] [0m[INFO] [1779730822.408839296]: [Perception] Post 1: x=-0.31 y=-0.45 dist=0.54 m[0m
[01:40:35] [0m[INFO] [1779730822.759155945]: [Perception] Post 1: x=-0.30 y=-0.45 dist=0.54 m[0m
[01:40:35] [0m[INFO] [1779730823.109287171]: [Perception] Post 1: x=-0.31 y=-0.45 dist=0.55 m[0m
[01:40:35] [0m[INFO] [1779730823.458030085]: [Perception] Post 1: x=-0.31 y=-0.45 dist=0.54 m[0m
[01:40:35] [0m[INFO] [1779730823.808448136]: [Perception] Post 1: x=-0.31 y=-0.45 dist=0.54 m[0m
[01:40:35] [0m[INFO] [1779730824.109324489]: [Perception] Post 1: x=-0.30 y=-0.45 dist=0.54 m[0m
[01:40:35] [0m[INFO] [1779730824.457854743]: [Perception] Post 1: x=-0.31 y=-0.45 dist=0.54 m[0m
[01:40:35] [0m[INFO] [1779730824.758696190]: [Perception] Post 1: x=-0.30 y=-0.45 dist=0.54 m[0m
[01:40:35] [0m[INFO] [1779730825.108274375]: [Perception] Post 1: x=-0.31 y=-0.45 dist=0.54 m[0m
[01:40:35] [0m[INFO] [1779730825.458509670]: [Perception] Post 1: x=-0.31 y=-0.45 dist=0.54 m[0m
[01:40:35] [0m[INFO] [1779730825.807931610]: [Perception] Post 1: x=-0.30 y=-0.45 dist=0.54 m[0m
[01:40:35] [0m[INFO] [1779730826.158492478]: [Perception] Post 1: x=-0.31 y=-0.45 dist=0.54 m[0m
[01:40:35] [0m[INFO] [1779730826.508174347]: [Perception] Post 1: x=-0.30 y=-0.45 dist=0.54 m[0m
[01:40:35] [0m[INFO] [1779730826.808256763]: [Perception] Post 1: x=-0.30 y=-0.45 dist=0.54 m[0m
[01:40:35] [0m[INFO] [1779730827.158360044]: [Perception] Post 1: x=-0.31 y=-0.45 dist=0.54 m[0m
[01:40:35] [0m[INFO] [1779730827.459186024]: [Perception] Post 1: x=-0.30 y=-0.45 dist=0.54 m[0m
[01:40:35] [0m[INFO] [1779730827.808444871]: [Perception] Post 1: x=-0.30 y=-0.45 dist=0.54 m[0m
[01:40:35] [0m[INFO] [1779730828.157976240]: [Perception] Post 1: x=-0.30 y=-0.45 dist=0.54 m[0m
[01:40:35] [0m[INFO] [1779730828.508229582]: [Perception] Post 1: x=-0.31 y=-0.45 dist=0.54 m[0m
[01:40:35] [0m[INFO] [1779730828.808505418]: [Perception] Post 1: x=-0.30 y=-0.45 dist=0.54 m[0m
[01:40:35] [0m[INFO] [1779730829.157976997]: [Perception] Post 1: x=-0.30 y=-0.45 dist=0.55 m[0m
[01:40:35] [0m[INFO] [1779730829.458633434]: [Perception] Post 1: x=-0.30 y=-0.45 dist=0.54 m[0m
[01:40:35] [0m[INFO] [1779730829.759479441]: [Perception] Post 1: x=-0.31 y=-0.45 dist=0.55 m[0m
[01:40:35] [0m[INFO] [1779730830.108585430]: [Perception] Post 1: x=-0.31 y=-0.45 dist=0.54 m[0m
[01:40:35] [0m[INFO] [1779730830.409222275]: [Perception] Post 1: x=-0.30 y=-0.45 dist=0.54 m[0m
[01:40:35] [0m[INFO] [1779730830.757710399]: [Perception] Post 1: x=-0.31 y=-0.45 dist=0.54 m[0m
[01:40:35] [0m[INFO] [1779730831.058807150]: [Perception] Post 1: x=-0.31 y=-0.45 dist=0.54 m[0m
[01:40:35] [0m[INFO] [1779730831.408263615]: [Perception] Post 1: x=-0.31 y=-0.45 dist=0.54 m[0m
[01:40:35] [0m[INFO] [1779730831.757318070]: [Perception] Post 1: x=-0.30 y=-0.45 dist=0.54 m[0m
[01:40:35] [0m[INFO] [1779730832.058008295]: [Perception] Post 1: x=-0.30 y=-0.45 dist=0.54 m[0m
[01:40:35] [0m[INFO] [1779730832.358622154]: [Perception] Post 1: x=-0.30 y=-0.45 dist=0.54 m[0m
[01:40:35] [0m[INFO] [1779730832.707662272]: [Perception] Post 1: x=-0.30 y=-0.45 dist=0.54 m[0m
[01:40:35] [0m[INFO] [1779730833.008385261]: [Perception] Post 1: x=-0.31 y=-0.45 dist=0.55 m[0m
[01:40:35] [0m[INFO] [1779730833.309285803]: [Perception] Post 1: x=-0.31 y=-0.45 dist=0.54 m[0m
[01:40:35] [0m[INFO] [1779730833.658544235]: [Perception] Post 1: x=-0.31 y=-0.45 dist=0.54 m[0m
[01:40:35] [0m[INFO] [1779730833.958614011]: [Perception] Post 1: x=-0.30 y=-0.45 dist=0.54 m[0m
[01:40:35] [0m[INFO] [1779730834.308286106]: [Perception] Post 1: x=-0.30 y=-0.45 dist=0.54 m[0m
[01:40:35] [0m[INFO] [1779730834.657433686]: [Perception] Post 1: x=-0.31 y=-0.45 dist=0.54 m[0m
[01:40:35] [0m[INFO] [1779730834.958160158]: [Perception] Post 1: x=-0.30 y=-0.45 dist=0.54 m[0m
[01:40:35] [0m[INFO] [1779730835.309122072]: [Perception] Post 1: x=-0.31 y=-0.45 dist=0.54 m[0m
[01:40:50] [0m[INFO] [1779730835.609271465]: [Perception] Post 1: x=-0.30 y=-0.45 dist=0.54 m[0m
[01:40:50] [0m[INFO] [1779730835.959137122]: [Perception] Post 1: x=-0.30 y=-0.45 dist=0.54 m[0m
[01:40:50] [0m[INFO] [1779730836.308375763]: [Perception] Post 1: x=-0.31 y=-0.45 dist=0.54 m[0m
[01:40:50] [0m[INFO] [1779730836.608630867]: [Perception] Post 1: x=-0.30 y=-0.45 dist=0.55 m[0m
[01:40:50] [0m[INFO] [1779730836.958300286]: [Perception] Post 1: x=-0.30 y=-0.45 dist=0.54 m[0m
[01:40:50] [0m[INFO] [1779730837.309297323]: [Perception] Post 1: x=-0.30 y=-0.45 dist=0.54 m[0m
[01:40:50] [0m[INFO] [1779730837.657651726]: [Perception] Post 1: x=-0.31 y=-0.45 dist=0.54 m[0m
[01:40:50] [0m[INFO] [1779730837.958496607]: [Perception] Post 1: x=-0.30 y=-0.45 dist=0.54 m[0m
[01:40:50] [0m[INFO] [1779730838.259240888]: [Perception] Post 1: x=-0.31 y=-0.45 dist=0.54 m[0m
[01:40:50] [0m[INFO] [1779730838.608725260]: [Perception] Post 1: x=-0.31 y=-0.45 dist=0.54 m[0m
[01:40:50] [0m[INFO] [1779730838.959157999]: [Perception] Post 1: x=-0.31 y=-0.45 dist=0.54 m[0m
[01:40:50] [0m[INFO] [1779730839.308079426]: [Perception] Post 1: x=-0.30 y=-0.45 dist=0.54 m[0m
[01:40:50] [0m[INFO] [1779730839.608758554]: [Perception] Post 1: x=-0.30 y=-0.45 dist=0.54 m[0m
[01:40:50] [0m[INFO] [1779730839.958470336]: [Perception] Post 1: x=-0.31 y=-0.45 dist=0.54 m[0m
[01:40:50] [0m[INFO] [1779730840.258667142]: [Perception] Post 1: x=-0.31 y=-0.45 dist=0.54 m[0m
[01:40:50] [0m[INFO] [1779730840.608476873]: [Perception] Post 1: x=-0.30 y=-0.45 dist=0.54 m[0m
[01:40:50] [0m[INFO] [1779730840.959240559]: [Perception] Post 1: x=-0.31 y=-0.45 dist=0.54 m[0m
[01:40:50] [0m[INFO] [1779730841.308323348]: [Perception] Post 1: x=-0.30 y=-0.45 dist=0.54 m[0m
[01:40:50] [0m[INFO] [1779730841.658204764]: [Perception] Post 1: x=-0.31 y=-0.45 dist=0.54 m[0m
[01:40:50] [0m[INFO] [1779730842.007964602]: [Perception] Post 1: x=-0.30 y=-0.45 dist=0.54 m[0m
[01:40:50] [0m[INFO] [1779730842.308669949]: [Perception] Post 1: x=-0.31 y=-0.45 dist=0.54 m[0m
[01:40:50] [0m[INFO] [1779730842.658662795]: [Perception] Post 1: x=-0.30 y=-0.45 dist=0.54 m[0m
[01:40:50] [0m[INFO] [1779730843.007365041]: [Perception] Post 1: x=-0.31 y=-0.45 dist=0.54 m[0m
[01:40:50] [0m[INFO] [1779730843.308767873]: [Perception] Post 1: x=-0.30 y=-0.45 dist=0.54 m[0m
[01:40:50] [0m[INFO] [1779730843.609296405]: [Perception] Post 1: x=-0.30 y=-0.45 dist=0.54 m[0m
[01:40:50] [0m[INFO] [1779730843.909325031]: [Perception] Post 1: x=-0.31 y=-0.45 dist=0.54 m[0m
[01:40:50] [0m[INFO] [1779730844.058510936]: [Perception] Ball: x=-0.80 y=0.20 dist=0.82 m[0m
[01:40:50] [0m[INFO] [1779730844.258257110]: [Perception] Post 1: x=-0.83 y=-0.12 dist=0.83 m[0m
[01:40:50] [0m[INFO] [1779730844.558719225]: [Perception] Post 1: x=-0.75 y=-0.59 dist=0.96 m[0m
[01:40:50] [0m[INFO] [1779730844.908698455]: [Perception] Post 1: x=-0.30 y=-0.45 dist=0.54 m[0m
[01:40:50] [0m[INFO] [1779730845.258144202]: [Perception] Post 1: x=-0.31 y=-0.45 dist=0.55 m[0m
[01:40:50] [0m[INFO] [1779730845.558659400]: [Perception] Post 1: x=-0.30 y=-0.45 dist=0.54 m[0m
[01:40:50] [0m[INFO] [1779730845.907559057]: [Perception] Post 1: x=-0.30 y=-0.45 dist=0.54 m[0m
[01:40:50] [0m[INFO] [1779730846.208303580]: [Perception] Post 1: x=-0.31 y=-0.45 dist=0.55 m[0m
[01:40:50] [0m[INFO] [1779730846.509199574]: [Perception] Post 1: x=-0.31 y=-0.45 dist=0.54 m[0m
[01:40:50] [0m[INFO] [1779730846.858028463]: [Perception] Post 1: x=-0.31 y=-0.45 dist=0.54 m[0m
[01:40:50] [0m[INFO] [1779730847.158419899]: [Perception] Post 1: x=-0.30 y=-0.45 dist=0.54 m[0m
[01:40:50] [0m[INFO] [1779730847.458455785]: [Perception] Post 1: x=-0.30 y=-0.45 dist=0.54 m[0m
[01:40:50] [0m[INFO] [1779730847.807481597]: [Perception] Post 1: x=-0.30 y=-0.45 dist=0.54 m[0m
[01:40:50] [0m[INFO] [1779730848.107907369]: [Perception] Post 1: x=-0.30 y=-0.45 dist=0.54 m[0m
[01:40:50] [0m[INFO] [1779730848.408371882]: [Perception] Post 1: x=-0.31 y=-0.45 dist=0.54 m[0m
[01:40:50] [0m[INFO] [1779730848.708667313]: [Perception] Post 1: x=-0.31 y=-0.45 dist=0.54 m[0m
[01:40:50] [0m[INFO] [1779730849.059221348]: [Perception] Post 1: x=-0.30 y=-0.45 dist=0.54 m[0m
[01:40:50] [0m[INFO] [1779730849.408590239]: [Perception] Post 1: x=-0.31 y=-0.45 dist=0.54 m[0m
[01:40:50] [0m[INFO] [1779730849.758428580]: [Perception] Post 1: x=-0.30 y=-0.45 dist=0.54 m[0m
[01:40:50] [0m[INFO] [1779730850.108777021]: [Perception] Post 1: x=-0.31 y=-0.45 dist=0.54 m[0m
[01:41:05] [0m[INFO] [1779730850.457842334]: [Perception] Post 1: x=-0.30 y=-0.45 dist=0.54 m[0m
[01:41:05] [0m[INFO] [1779730850.758229378]: [Perception] Post 1: x=-0.31 y=-0.45 dist=0.54 m[0m
[01:41:05] [0m[INFO] [1779730851.058788166]: [Perception] Post 1: x=-0.30 y=-0.45 dist=0.54 m[0m
[01:41:05] [0m[INFO] [1779730851.408236956]: [Perception] Post 1: x=-0.31 y=-0.45 dist=0.54 m[0m
[01:41:05] [0m[INFO] [1779730851.709218010]: [Perception] Post 1: x=-0.31 y=-0.45 dist=0.54 m[0m
[01:41:05] [0m[INFO] [1779730852.057344220]: [Perception] Post 1: x=-0.30 y=-0.45 dist=0.54 m[0m
[01:41:05] [0m[INFO] [1779730852.358301371]: [Perception] Post 1: x=-0.30 y=-0.45 dist=0.54 m[0m
[01:41:05] [0m[INFO] [1779730852.707543777]: [Perception] Post 1: x=-0.30 y=-0.45 dist=0.54 m[0m
[01:41:05] [0m[INFO] [1779730853.057775843]: [Perception] Post 1: x=-0.30 y=-0.45 dist=0.54 m[0m
[01:41:05] [0m[INFO] [1779730853.358138315]: [Perception] Post 1: x=-0.31 y=-0.45 dist=0.54 m[0m
[01:41:05] [0m[INFO] [1779730853.658152586]: [Perception] Post 1: x=-0.31 y=-0.45 dist=0.54 m[0m
[01:41:05] [0m[INFO] [1779730853.959205031]: [Perception] Post 1: x=-0.30 y=-0.45 dist=0.54 m[0m
[01:41:05] [0m[INFO] [1779730854.308260767]: [Perception] Post 1: x=-0.30 y=-0.45 dist=0.54 m[0m
[01:41:05] [0m[INFO] [1779730854.609509449]: [Perception] Post 1: x=-0.31 y=-0.45 dist=0.55 m[0m
[01:41:05] [0m[INFO] [1779730854.957893889]: [Perception] Post 1: x=-0.30 y=-0.45 dist=0.54 m[0m
[01:41:05] [0m[INFO] [1779730855.258517414]: [Perception] Post 1: x=-0.30 y=-0.45 dist=0.54 m[0m
[01:41:05] [0m[INFO] [1779730855.607766053]: [Perception] Post 1: x=-0.31 y=-0.45 dist=0.54 m[0m
[01:41:05] [0m[INFO] [1779730855.957555882]: [Perception] Post 1: x=-0.31 y=-0.45 dist=0.54 m[0m
[01:41:05] [0m[INFO] [1779730856.258084309]: [Perception] Post 1: x=-0.30 y=-0.45 dist=0.54 m[0m
[01:41:05] [0m[INFO] [1779730856.558282914]: [Perception] Post 1: x=-0.31 y=-0.45 dist=0.54 m[0m
[01:41:05] [0m[INFO] [1779730856.907645802]: [Perception] Post 1: x=-0.31 y=-0.45 dist=0.55 m[0m
[01:41:05] [0m[INFO] [1779730857.257562416]: [Perception] Post 1: x=-0.30 y=-0.45 dist=0.54 m[0m
[01:41:05] [0m[INFO] [1779730857.607597300]: [Perception] Post 1: x=-0.31 y=-0.45 dist=0.54 m[0m
[01:41:05] [0m[INFO] [1779730857.908955747]: [Perception] Post 1: x=-0.31 y=-0.45 dist=0.54 m[0m
[01:41:05] [0m[INFO] [1779730858.257618591]: [Perception] Post 1: x=-0.30 y=-0.45 dist=0.54 m[0m
[01:41:05] [0m[INFO] [1779730858.558163828]: [Perception] Post 1: x=-0.30 y=-0.45 dist=0.54 m[0m
[01:41:05] [0m[INFO] [1779730858.908315303]: [Perception] Post 1: x=-0.31 y=-0.45 dist=0.54 m[0m
[01:41:05] [0m[INFO] [1779730859.257497486]: [Perception] Post 1: x=-0.31 y=-0.45 dist=0.54 m[0m
[01:41:05] [0m[INFO] [1779730859.558402038]: [Perception] Post 1: x=-0.31 y=-0.45 dist=0.54 m[0m
[01:41:05] [0m[INFO] [1779730859.908227583]: [Perception] Post 1: x=-0.30 y=-0.45 dist=0.54 m[0m
[01:41:05] [0m[INFO] [1779730860.258379027]: [Perception] Post 1: x=-0.31 y=-0.45 dist=0.55 m[0m
[01:41:05] [0m[INFO] [1779730860.608533022]: [Perception] Post 1: x=-0.31 y=-0.45 dist=0.55 m[0m
[01:41:05] [0m[INFO] [1779730860.957466583]: [Perception] Post 1: x=-0.30 y=-0.45 dist=0.54 m[0m
[01:41:05] [0m[INFO] [1779730861.258157065]: [Perception] Post 1: x=-0.30 y=-0.45 dist=0.54 m[0m
[01:41:05] [0m[INFO] [1779730861.559291090]: [Perception] Post 1: x=-0.31 y=-0.45 dist=0.54 m[0m
[01:41:05] [0m[INFO] [1779730861.907385801]: [Perception] Post 1: x=-0.30 y=-0.45 dist=0.54 m[0m
[01:41:05] [0m[INFO] [1779730862.208186788]: [Perception] Post 1: x=-0.30 y=-0.45 dist=0.54 m[0m
[01:41:05] [0m[INFO] [1779730862.508723763]: [Perception] Post 1: x=-0.31 y=-0.45 dist=0.54 m[0m
[01:41:05] [0m[INFO] [1779730862.858388820]: [Perception] Post 1: x=-0.31 y=-0.45 dist=0.54 m[0m
[01:41:05] [0m[INFO] [1779730863.159189281]: [Perception] Post 1: x=-0.31 y=-0.45 dist=0.55 m[0m
[01:41:05] [0m[INFO] [1779730863.507517696]: [Perception] Post 1: x=-0.30 y=-0.45 dist=0.54 m[0m
[01:41:05] [0m[INFO] [1779730863.807625693]: [Perception] Post 1: x=-0.30 y=-0.45 dist=0.54 m[0m
[01:41:05] [0m[INFO] [1779730864.108904793]: [Perception] Post 1: x=-0.31 y=-0.45 dist=0.54 m[0m
[01:41:05] [0m[INFO] [1779730864.457911458]: [Perception] Post 1: x=-0.31 y=-0.45 dist=0.55 m[0m
[01:41:05] [0m[INFO] [1779730864.809301739]: [Perception] Post 1: x=-0.30 y=-0.45 dist=0.54 m[0m
[01:41:05] [0m[INFO] [1779730865.158730225]: [Perception] Post 1: x=-0.31 y=-0.45 dist=0.54 m[0m
[01:41:05] [0m[INFO] [1779730865.507979661]: [Perception] Post 1: x=-0.31 y=-0.45 dist=0.54 m[0m
[01:41:20] [0m[INFO] [1779730865.858297481]: [Perception] Post 1: x=-0.31 y=-0.45 dist=0.54 m[0m
[01:41:20] [0m[INFO] [1779730866.208222440]: [Perception] Post 1: x=-0.30 y=-0.45 dist=0.54 m[0m
[01:41:20] [0m[INFO] [1779730866.508306651]: [Perception] Post 1: x=-0.31 y=-0.45 dist=0.54 m[0m
[01:41:20] [0m[INFO] [1779730866.809239879]: [Perception] Post 1: x=-0.30 y=-0.45 dist=0.54 m[0m
[01:41:20] [0m[INFO] [1779730867.158342649]: [Perception] Post 1: x=-0.31 y=-0.45 dist=0.54 m[0m
[01:41:20] [0m[INFO] [1779730867.509114010]: [Perception] Post 1: x=-0.31 y=-0.45 dist=0.54 m[0m
[01:41:20] [0m[INFO] [1779730867.857856624]: [Perception] Post 1: x=-0.30 y=-0.45 dist=0.54 m[0m
[01:41:20] [0m[INFO] [1779730868.158894398]: [Perception] Post 1: x=-0.30 y=-0.45 dist=0.54 m[0m
[01:41:20] [0m[INFO] [1779730868.507085644]: [Perception] Post 1: x=-0.30 y=-0.45 dist=0.54 m[0m
[01:41:20] [0m[INFO] [1779730868.807188592]: [Perception] Post 1: x=-0.30 y=-0.45 dist=0.54 m[0m
[01:41:20] [0m[INFO] [1779730869.107361448]: [Perception] Post 1: x=-0.30 y=-0.45 dist=0.54 m[0m
[01:41:20] [0m[INFO] [1779730869.409183995]: [Perception] Post 1: x=-0.31 y=-0.45 dist=0.55 m[0m
[01:41:20] [0m[INFO] [1779730869.758378940]: [Perception] Post 1: x=-0.31 y=-0.45 dist=0.55 m[0m
[01:41:20] [0m[INFO] [1779730870.108349433]: [Perception] Post 1: x=-0.31 y=-0.45 dist=0.54 m[0m
[01:41:20] [0m[INFO] [1779730870.409290943]: [Perception] Post 1: x=-0.31 y=-0.45 dist=0.54 m[0m
[01:41:20] [0m[INFO] [1779730870.758538283]: [Perception] Post 1: x=-0.31 y=-0.45 dist=0.54 m[0m
[01:41:20] [0m[INFO] [1779730871.107462779]: [Perception] Post 1: x=-0.31 y=-0.45 dist=0.54 m[0m
[01:41:20] [0m[INFO] [1779730871.407785034]: [Perception] Post 1: x=-0.30 y=-0.45 dist=0.54 m[0m
[01:41:20] [0m[INFO] [1779730871.757606107]: [Perception] Post 1: x=-0.31 y=-0.45 dist=0.54 m[0m
[01:41:20] [0m[INFO] [1779730872.107469472]: [Perception] Post 1: x=-0.30 y=-0.45 dist=0.54 m[0m
[01:41:20] [0m[INFO] [1779730872.408298760]: [Perception] Post 1: x=-0.30 y=-0.45 dist=0.54 m[0m
[01:41:20] [0m[INFO] [1779730872.757357475]: [Perception] Post 1: x=-0.30 y=-0.45 dist=0.54 m[0m
[01:41:20] [0m[INFO] [1779730873.057410665]: [Perception] Post 1: x=-0.30 y=-0.45 dist=0.54 m[0m
[01:41:20] [0m[INFO] [1779730873.358062296]: [Perception] Post 1: x=-0.31 y=-0.45 dist=0.54 m[0m
[01:41:20] [0m[INFO] [1779730873.708101846]: [Perception] Post 1: x=-0.31 y=-0.45 dist=0.54 m[0m
[01:41:20] [0m[INFO] [1779730874.057451170]: [Perception] Post 1: x=-0.30 y=-0.45 dist=0.54 m[0m
[01:41:20] [0m[INFO] [1779730874.407390189]: [Perception] Post 1: x=-0.30 y=-0.45 dist=0.54 m[0m
[01:41:20] [0m[INFO] [1779730874.707912166]: [Perception] Post 1: x=-0.30 y=-0.45 dist=0.54 m[0m
[01:41:20] [0m[INFO] [1779730875.008512094]: [Perception] Post 1: x=-0.30 y=-0.45 dist=0.54 m[0m
[01:41:20] [0m[INFO] [1779730875.309114168]: [Perception] Post 1: x=-0.31 y=-0.45 dist=0.54 m[0m
[01:41:20] [0m[INFO] [1779730875.658004030]: [Perception] Post 1: x=-0.30 y=-0.45 dist=0.54 m[0m
[01:41:20] [0m[INFO] [1779730875.959183860]: [Perception] Post 1: x=-0.30 y=-0.45 dist=0.54 m[0m
[01:41:20] [0m[INFO] [1779730876.308244016]: [Perception] Post 1: x=-0.31 y=-0.45 dist=0.55 m[0m
[01:41:20] [0m[INFO] [1779730876.609020184]: [Perception] Post 1: x=-0.30 y=-0.45 dist=0.54 m[0m
[01:41:20] [0m[INFO] [1779730876.909201044]: [Perception] Post 1: x=-0.31 y=-0.45 dist=0.55 m[0m
[01:41:20] [0m[INFO] [1779730877.258484130]: [Perception] Post 1: x=-0.30 y=-0.45 dist=0.54 m[0m
[01:41:20] [0m[INFO] [1779730877.609169211]: [Perception] Post 1: x=-0.31 y=-0.45 dist=0.54 m[0m
[01:41:20] [0m[INFO] [1779730877.959258696]: [Perception] Post 1: x=-0.30 y=-0.45 dist=0.54 m[0m
[01:41:20] [0m[INFO] [1779730878.307633068]: [Perception] Post 1: x=-0.30 y=-0.45 dist=0.54 m[0m
[01:41:20] [0m[INFO] [1779730878.608258986]: [Perception] Post 1: x=-0.31 y=-0.45 dist=0.54 m[0m
[01:41:20] [0m[INFO] [1779730878.959300552]: [Perception] Post 1: x=-0.30 y=-0.45 dist=0.54 m[0m
[01:41:20] [0m[INFO] [1779730879.308898040]: [Perception] Post 1: x=-0.30 y=-0.45 dist=0.54 m[0m
[01:41:20] [0m[INFO] [1779730879.657808038]: [Perception] Post 1: x=-0.31 y=-0.45 dist=0.54 m[0m
[01:41:20] [0m[INFO] [1779730879.958466130]: [Perception] Post 1: x=-0.30 y=-0.45 dist=0.54 m[0m
[01:41:20] [0m[INFO] [1779730880.258742890]: [Perception] Post 1: x=-0.30 y=-0.45 dist=0.54 m[0m
[01:41:20] [0m[INFO] [1779730880.608064531]: [Perception] Post 1: x=-0.30 y=-0.45 dist=0.54 m[0m
[01:41:36] [0m[INFO] [1779730880.908662786]: [Perception] Post 1: x=-0.31 y=-0.45 dist=0.55 m[0m
[01:41:36] [0m[INFO] [1779730881.258657605]: [Perception] Post 1: x=-0.30 y=-0.45 dist=0.54 m[0m
[01:41:36] [0m[INFO] [1779730881.559055240]: [Perception] Post 1: x=-0.30 y=-0.45 dist=0.54 m[0m
[01:41:36] [0m[INFO] [1779730881.907766273]: [Perception] Post 1: x=-0.30 y=-0.45 dist=0.54 m[0m
[01:41:36] [0m[INFO] [1779730882.208340903]: [Perception] Post 1: x=-0.31 y=-0.45 dist=0.54 m[0m
[01:41:36] [0m[INFO] [1779730882.508577505]: [Perception] Post 1: x=-0.31 y=-0.45 dist=0.55 m[0m
[01:41:36] [0m[INFO] [1779730882.858728344]: [Perception] Post 1: x=-0.31 y=-0.45 dist=0.55 m[0m
[01:41:36] [0m[INFO] [1779730883.209104757]: [Perception] Post 1: x=-0.30 y=-0.45 dist=0.54 m[0m
[01:41:36] [0m[INFO] [1779730883.558581999]: [Perception] Post 1: x=-0.31 y=-0.45 dist=0.54 m[0m
[01:41:36] [0m[INFO] [1779730883.858687688]: [Perception] Post 1: x=-0.30 y=-0.45 dist=0.54 m[0m
[01:41:36] [0m[INFO] [1779730884.208694724]: [Perception] Post 1: x=-0.30 y=-0.45 dist=0.54 m[0m
[01:41:36] [0m[INFO] [1779730884.559250956]: [Perception] Post 1: x=-0.30 y=-0.45 dist=0.54 m[0m
[01:41:36] [0m[INFO] [1779730884.907664104]: [Perception] Post 1: x=-0.31 y=-0.45 dist=0.54 m[0m
[01:41:36] [0m[INFO] [1779730885.208524888]: [Perception] Post 1: x=-0.30 y=-0.45 dist=0.54 m[0m
[01:41:36] [0m[INFO] [1779730885.558212951]: [Perception] Post 1: x=-0.31 y=-0.45 dist=0.54 m[0m
[01:41:36] [0m[INFO] [1779730885.859236819]: [Perception] Post 1: x=-0.31 y=-0.45 dist=0.54 m[0m
[01:41:36] [0m[INFO] [1779730886.207524420]: [Perception] Post 1: x=-0.31 y=-0.45 dist=0.54 m[0m
[01:41:36] [0m[INFO] [1779730886.508281066]: [Perception] Post 1: x=-0.31 y=-0.45 dist=0.54 m[0m
[01:41:36] [0m[INFO] [1779730886.808385554]: [Perception] Post 1: x=-0.30 y=-0.45 dist=0.54 m[0m
[01:41:36] [0m[INFO] [1779730887.108600206]: [Perception] Post 1: x=-0.31 y=-0.45 dist=0.54 m[0m
[01:41:36] [0m[INFO] [1779730887.409156579]: [Perception] Post 1: x=-0.30 y=-0.45 dist=0.54 m[0m
[01:41:36] [0m[INFO] [1779730887.757934481]: [Perception] Post 1: x=-0.30 y=-0.45 dist=0.54 m[0m
[01:41:36] [0m[INFO] [1779730888.058153654]: [Perception] Post 1: x=-0.30 y=-0.45 dist=0.54 m[0m
[01:41:36] [0m[INFO] [1779730888.358973736]: [Perception] Post 1: x=-0.31 y=-0.45 dist=0.55 m[0m
[01:41:36] [0m[INFO] [1779730888.708983146]: [Perception] Post 1: x=-0.30 y=-0.45 dist=0.54 m[0m
[01:41:36] [0m[INFO] [1779730889.058161993]: [Perception] Post 1: x=-0.30 y=-0.45 dist=0.54 m[0m
[01:41:36] [0m[INFO] [1779730889.358219981]: [Perception] Post 1: x=-0.31 y=-0.45 dist=0.54 m[0m
[01:41:36] [0m[INFO] [1779730889.658286594]: [Perception] Post 1: x=-0.31 y=-0.45 dist=0.54 m[0m
[01:41:36] [0m[INFO] [1779730890.008280470]: [Perception] Post 1: x=-0.31 y=-0.45 dist=0.55 m[0m
[01:41:36] [0m[INFO] [1779730890.358444865]: [Perception] Post 1: x=-0.30 y=-0.45 dist=0.54 m[0m
[01:41:36] [0m[INFO] [1779730890.708126040]: [Perception] Post 1: x=-0.31 y=-0.45 dist=0.55 m[0m
[01:41:36] [0m[INFO] [1779730891.059328193]: [Perception] Post 1: x=-0.31 y=-0.45 dist=0.54 m[0m
[01:41:36] [0m[INFO] [1779730891.407765053]: [Perception] Post 1: x=-0.30 y=-0.45 dist=0.54 m[0m
[01:41:36] [0m[INFO] [1779730891.708552758]: [Perception] Post 1: x=-0.31 y=-0.45 dist=0.55 m[0m
[01:41:36] [0m[INFO] [1779730892.058103331]: [Perception] Post 1: x=-0.30 y=-0.45 dist=0.54 m[0m
[01:41:36] [0m[INFO] [1779730892.358453860]: [Perception] Post 1: x=-0.31 y=-0.45 dist=0.54 m[0m
[01:41:36] [0m[INFO] [1779730892.708205534]: [Perception] Post 1: x=-0.31 y=-0.45 dist=0.54 m[0m
[01:41:36] [0m[INFO] [1779730893.009173587]: [Perception] Post 1: x=-0.31 y=-0.45 dist=0.54 m[0m
[01:41:36] [0m[INFO] [1779730893.357942049]: [Perception] Post 1: x=-0.31 y=-0.45 dist=0.54 m[0m
[01:41:36] [0m[INFO] [1779730893.659256477]: [Perception] Post 1: x=-0.31 y=-0.45 dist=0.54 m[0m
[01:41:36] [0m[INFO] [1779730894.008199856]: [Perception] Post 1: x=-0.31 y=-0.45 dist=0.54 m[0m
[01:41:36] [0m[INFO] [1779730894.308701141]: [Perception] Post 1: x=-0.31 y=-0.45 dist=0.54 m[0m
[01:41:36] [0m[INFO] [1779730894.659188895]: [Perception] Post 1: x=-0.31 y=-0.45 dist=0.54 m[0m
[01:41:36] [0m[INFO] [1779730895.009129165]: [Perception] Post 1: x=-0.30 y=-0.45 dist=0.54 m[0m
[01:41:36] [0m[INFO] [1779730895.309140828]: [Perception] Post 1: x=-0.31 y=-0.45 dist=0.55 m[0m
[01:41:36] [0m[INFO] [1779730895.658424145]: [Perception] Post 1: x=-0.30 y=-0.45 dist=0.54 m[0m
[01:41:36] [0m[INFO] [1779730895.959132878]: [Perception] Post 1: x=-0.31 y=-0.45 dist=0.55 m[0m
[01:41:51] [0m[INFO] [1779730896.308578704]: [Perception] Post 1: x=-0.30 y=-0.45 dist=0.54 m[0m
[01:41:51] [0m[INFO] [1779730896.658509504]: [Perception] Post 1: x=-0.30 y=-0.45 dist=0.54 m[0m
[01:41:51] [0m[INFO] [1779730897.008338418]: [Perception] Post 1: x=-0.31 y=-0.45 dist=0.55 m[0m
[01:41:51] [0m[INFO] [1779730897.357162172]: [Perception] Post 1: x=-0.30 y=-0.45 dist=0.54 m[0m
[01:41:51] [0m[INFO] [1779730897.658390730]: [Perception] Post 1: x=-0.31 y=-0.45 dist=0.54 m[0m
[01:41:51] [0m[INFO] [1779730897.958438434]: [Perception] Post 1: x=-0.31 y=-0.45 dist=0.55 m[0m
[01:41:51] [0m[INFO] [1779730898.259152913]: [Perception] Post 1: x=-0.30 y=-0.45 dist=0.54 m[0m
[01:41:51] [0m[INFO] [1779730898.608254204]: [Perception] Post 1: x=-0.30 y=-0.45 dist=0.54 m[0m
[01:41:51] [0m[INFO] [1779730898.957355481]: [Perception] Post 1: x=-0.30 y=-0.45 dist=0.54 m[0m
[01:41:51] [0m[INFO] [1779730899.258174901]: [Perception] Post 1: x=-0.31 y=-0.45 dist=0.54 m[0m
[01:41:51] [0m[INFO] [1779730899.559135233]: [Perception] Post 1: x=-0.31 y=-0.45 dist=0.54 m[0m
[01:41:51] [0m[INFO] [1779730899.907502750]: [Perception] Post 1: x=-0.30 y=-0.45 dist=0.54 m[0m
[01:41:51] [0m[INFO] [1779730900.207970238]: [Perception] Post 1: x=-0.30 y=-0.45 dist=0.54 m[0m
[01:41:51] [0m[INFO] [1779730900.557936449]: [Perception] Post 1: x=-0.31 y=-0.45 dist=0.54 m[0m
[01:41:51] [0m[INFO] [1779730900.858523947]: [Perception] Post 1: x=-0.31 y=-0.45 dist=0.54 m[0m
[01:41:51] [0m[INFO] [1779730901.159113135]: [Perception] Post 1: x=-0.30 y=-0.45 dist=0.55 m[0m
[01:41:51] [0m[INFO] [1779730901.509084851]: [Perception] Post 1: x=-0.31 y=-0.45 dist=0.54 m[0m
[01:41:51] [0m[INFO] [1779730901.859220896]: [Perception] Post 1: x=-0.30 y=-0.45 dist=0.54 m[0m
[01:41:51] [0m[INFO] [1779730902.208024927]: [Perception] Post 1: x=-0.31 y=-0.45 dist=0.54 m[0m
[01:41:51] [0m[INFO] [1779730902.508046821]: [Perception] Post 1: x=-0.31 y=-0.45 dist=0.54 m[0m
[01:41:51] [0m[INFO] [1779730902.857909841]: [Perception] Post 1: x=-0.30 y=-0.45 dist=0.54 m[0m
[01:41:51] [0m[INFO] [1779730903.207219156]: [Perception] Post 1: x=-0.30 y=-0.45 dist=0.54 m[0m
[01:41:51] [0m[INFO] [1779730903.507721721]: [Perception] Post 1: x=-0.31 y=-0.45 dist=0.55 m[0m
[01:41:51] [0m[INFO] [1779730903.857582001]: [Perception] Post 1: x=-0.30 y=-0.45 dist=0.54 m[0m
[01:41:51] [0m[INFO] [1779730904.207365685]: [Perception] Post 1: x=-0.31 y=-0.45 dist=0.54 m[0m
[01:41:51] [0m[INFO] [1779730904.507463772]: [Perception] Post 1: x=-0.31 y=-0.45 dist=0.54 m[0m
[01:41:51] [0m[INFO] [1779730904.807933576]: [Perception] Post 1: x=-0.31 y=-0.45 dist=0.55 m[0m
[01:41:51] [0m[INFO] [1779730905.108459776]: [Perception] Post 1: x=-0.30 y=-0.45 dist=0.54 m[0m
[01:41:51] [0m[INFO] [1779730905.408620101]: [Perception] Post 1: x=-0.31 y=-0.45 dist=0.55 m[0m
[01:41:51] [0m[INFO] [1779730905.758646945]: [Perception] Post 1: x=-0.31 y=-0.45 dist=0.54 m[0m
[01:41:51] [0m[INFO] [1779730906.107442722]: [Perception] Post 1: x=-0.31 y=-0.45 dist=0.54 m[0m
[01:41:51] [0m[INFO] [1779730906.407948997]: [Perception] Post 1: x=-0.31 y=-0.45 dist=0.54 m[0m
[01:41:51] [0m[INFO] [1779730906.707973160]: [Perception] Post 1: x=-0.30 y=-0.45 dist=0.54 m[0m
[01:41:51] [0m[INFO] [1779730907.008979589]: [Perception] Post 1: x=-0.31 y=-0.45 dist=0.55 m[0m
[01:41:51] [0m[INFO] [1779730907.357447065]: [Perception] Post 1: x=-0.31 y=-0.45 dist=0.55 m[0m
[01:41:51] [0m[INFO] [1779730907.657497300]: [Perception] Post 1: x=-0.30 y=-0.45 dist=0.54 m[0m
[01:41:51] [0m[INFO] [1779730907.958257192]: [Perception] Post 1: x=-0.31 y=-0.45 dist=0.54 m[0m
[01:41:51] [0m[INFO] [1779730908.307627277]: [Perception] Post 1: x=-0.30 y=-0.45 dist=0.54 m[0m
[01:41:51] [0m[INFO] [1779730908.608792086]: [Perception] Post 1: x=-0.30 y=-0.45 dist=0.54 m[0m
[01:41:51] [0m[INFO] [1779730908.957777041]: [Perception] Post 1: x=-0.31 y=-0.45 dist=0.54 m[0m
[01:41:51] [0m[INFO] [1779730909.258333149]: [Perception] Post 1: x=-0.30 y=-0.45 dist=0.54 m[0m
[01:41:51] [0m[INFO] [1779730909.558435163]: [Perception] Post 1: x=-0.30 y=-0.45 dist=0.54 m[0m
[01:41:51] [0m[INFO] [1779730909.908132114]: [Perception] Post 1: x=-0.31 y=-0.45 dist=0.54 m[0m
[01:41:51] [0m[INFO] [1779730910.208455944]: [Perception] Post 1: x=-0.31 y=-0.45 dist=0.55 m[0m
[01:41:51] [0m[INFO] [1779730910.508547386]: [Perception] Post 1: x=-0.30 y=-0.45 dist=0.54 m[0m
[01:41:51] [0m[INFO] [1779730910.857999843]: [Perception] Post 1: x=-0.30 y=-0.45 dist=0.54 m[0m
[01:41:51] [0m[INFO] [1779730911.158903137]: [Perception] Post 1: x=-0.30 y=-0.45 dist=0.54 m[0m
[01:42:06] [0m[INFO] [1779730911.507378533]: [Perception] Post 1: x=-0.30 y=-0.45 dist=0.54 m[0m
[01:42:06] [0m[INFO] [1779730911.858738798]: [Perception] Post 1: x=-0.30 y=-0.45 dist=0.54 m[0m
[01:42:06] [0m[INFO] [1779730912.207398194]: [Perception] Post 1: x=-0.30 y=-0.45 dist=0.54 m[0m
[01:42:06] [0m[INFO] [1779730912.508201995]: [Perception] Post 1: x=-0.30 y=-0.45 dist=0.54 m[0m
[01:42:06] [0m[INFO] [1779730912.857494326]: [Perception] Post 1: x=-0.31 y=-0.45 dist=0.54 m[0m
[01:42:06] [0m[INFO] [1779730913.158410021]: [Perception] Post 1: x=-0.31 y=-0.45 dist=0.54 m[0m
[01:42:06] [0m[INFO] [1779730913.458989920]: [Perception] Post 1: x=-0.31 y=-0.45 dist=0.54 m[0m
[01:42:06] [0m[INFO] [1779730913.808415852]: [Perception] Post 1: x=-0.30 y=-0.45 dist=0.54 m[0m
[01:42:06] [0m[INFO] [1779730914.158297725]: [Perception] Post 1: x=-0.30 y=-0.45 dist=0.54 m[0m
[01:42:06] [0m[INFO] [1779730914.507790329]: [Perception] Post 1: x=-0.30 y=-0.45 dist=0.54 m[0m
[01:42:06] [0m[INFO] [1779730914.808556838]: [Perception] Post 1: x=-0.31 y=-0.45 dist=0.54 m[0m
[01:42:06] [0m[INFO] [1779730915.108598025]: [Perception] Post 1: x=-0.30 y=-0.45 dist=0.54 m[0m
[01:42:06] [0m[INFO] [1779730915.458490560]: [Perception] Post 1: x=-0.30 y=-0.45 dist=0.54 m[0m
[01:42:06] [0m[INFO] [1779730915.807466580]: [Perception] Post 1: x=-0.31 y=-0.45 dist=0.54 m[0m
[01:42:06] [0m[INFO] [1779730916.108521410]: [Perception] Post 1: x=-0.30 y=-0.45 dist=0.54 m[0m
[01:42:06] [0m[INFO] [1779730916.409073498]: [Perception] Post 1: x=-0.31 y=-0.45 dist=0.54 m[0m
[01:42:06] [0m[INFO] [1779730916.758459180]: [Perception] Post 1: x=-0.31 y=-0.45 dist=0.54 m[0m
[01:42:06] [0m[INFO] [1779730917.058600688]: [Perception] Post 1: x=-0.31 y=-0.45 dist=0.54 m[0m
[01:42:06] [0m[INFO] [1779730917.407277837]: [Perception] Post 1: x=-0.30 y=-0.45 dist=0.54 m[0m
[01:42:06] [0m[INFO] [1779730917.708030715]: [Perception] Post 1: x=-0.30 y=-0.45 dist=0.54 m[0m
[01:42:06] [0m[INFO] [1779730918.057310235]: [Perception] Post 1: x=-0.31 y=-0.45 dist=0.54 m[0m
[01:42:06] [0m[INFO] [1779730918.357769690]: [Perception] Post 1: x=-0.30 y=-0.45 dist=0.54 m[0m
[01:42:06] [0m[INFO] [1779730918.658523858]: [Perception] Post 1: x=-0.31 y=-0.45 dist=0.54 m[0m
[01:42:06] [0m[INFO] [1779730919.007770478]: [Perception] Post 1: x=-0.31 y=-0.45 dist=0.55 m[0m
[01:42:06] [0m[INFO] [1779730919.308362951]: [Perception] Post 1: x=-0.31 y=-0.45 dist=0.54 m[0m
[01:42:06] [0m[INFO] [1779730919.658619500]: [Perception] Post 1: x=-0.30 y=-0.45 dist=0.54 m[0m
[01:42:06] [0m[INFO] [1779730920.007432373]: [Perception] Post 1: x=-0.31 y=-0.45 dist=0.55 m[0m
[01:42:06] [0m[INFO] [1779730920.307563198]: [Perception] Post 1: x=-0.30 y=-0.45 dist=0.54 m[0m
[01:42:06] [0m[INFO] [1779730920.657329518]: [Perception] Post 1: x=-0.30 y=-0.45 dist=0.54 m[0m
[01:42:06] [0m[INFO] [1779730920.957640204]: [Perception] Post 1: x=-0.31 y=-0.45 dist=0.54 m[0m
[01:42:06] [0m[INFO] [1779730921.258199071]: [Perception] Post 1: x=-0.31 y=-0.45 dist=0.54 m[0m
[01:42:06] [0m[INFO] [1779730921.558330128]: [Perception] Post 1: x=-0.30 y=-0.45 dist=0.54 m[0m
[01:42:06] [0m[INFO] [1779730921.858573896]: [Perception] Post 1: x=-0.30 y=-0.45 dist=0.54 m[0m
[01:42:06] [0m[INFO] [1779730922.207931961]: [Perception] Post 1: x=-0.30 y=-0.45 dist=0.54 m[0m
[01:42:06] [0m[INFO] [1779730922.559356083]: [Perception] Post 1: x=-0.30 y=-0.45 dist=0.54 m[0m
[01:42:06] [0m[INFO] [1779730922.909033149]: [Perception] Post 1: x=-0.31 y=-0.45 dist=0.54 m[0m
[01:42:06] [0m[INFO] [1779730923.257827256]: [Perception] Post 1: x=-0.30 y=-0.45 dist=0.54 m[0m
[01:42:06] [0m[INFO] [1779730923.558182141]: [Perception] Post 1: x=-0.31 y=-0.45 dist=0.54 m[0m
[01:42:06] [0m[INFO] [1779730923.859107971]: [Perception] Post 1: x=-0.31 y=-0.45 dist=0.54 m[0m
[01:42:06] [0m[INFO] [1779730924.207832813]: [Perception] Post 1: x=-0.31 y=-0.45 dist=0.54 m[0m
[01:42:06] [0m[INFO] [1779730924.509194950]: [Perception] Post 1: x=-0.31 y=-0.45 dist=0.54 m[0m
[01:42:06] [0m[INFO] [1779730924.857331105]: [Perception] Post 1: x=-0.31 y=-0.45 dist=0.54 m[0m
[01:42:06] [0m[INFO] [1779730925.159008994]: [Perception] Post 1: x=-0.30 y=-0.45 dist=0.54 m[0m
[01:42:06] [0m[INFO] [1779730925.507938176]: [Perception] Post 1: x=-0.31 y=-0.45 dist=0.54 m[0m
[01:42:06] [0m[INFO] [1779730925.808980152]: [Perception] Post 1: x=-0.30 y=-0.45 dist=0.54 m[0m
[01:42:06] [0m[INFO] [1779730926.157640108]: [Perception] Post 1: x=-0.31 y=-0.45 dist=0.54 m[0m
[01:42:22] [0m[INFO] [1779730926.458447889]: [Perception] Post 1: x=-0.30 y=-0.45 dist=0.54 m[0m
[01:42:22] [0m[INFO] [1779730926.808489354]: [Perception] Post 1: x=-0.30 y=-0.45 dist=0.54 m[0m
[01:42:22] [0m[INFO] [1779730927.159074634]: [Perception] Post 1: x=-0.31 y=-0.45 dist=0.55 m[0m
[01:42:22] [0m[INFO] [1779730927.508498987]: [Perception] Post 1: x=-0.31 y=-0.45 dist=0.54 m[0m
[01:42:22] [0m[INFO] [1779730927.857426938]: [Perception] Post 1: x=-0.31 y=-0.45 dist=0.55 m[0m
[01:42:22] [0m[INFO] [1779730928.159107747]: [Perception] Post 1: x=-0.31 y=-0.45 dist=0.54 m[0m
[01:42:22] [0m[INFO] [1779730928.508541887]: [Perception] Post 1: x=-0.31 y=-0.45 dist=0.54 m[0m
[01:42:22] [0m[INFO] [1779730928.809008314]: [Perception] Post 1: x=-0.30 y=-0.45 dist=0.54 m[0m
[01:42:22] [0m[INFO] [1779730929.158734531]: [Perception] Post 1: x=-0.31 y=-0.45 dist=0.54 m[0m
[01:42:22] [0m[INFO] [1779730929.508993204]: [Perception] Post 1: x=-0.31 y=-0.45 dist=0.54 m[0m
[01:42:22] [0m[INFO] [1779730929.858101092]: [Perception] Post 1: x=-0.31 y=-0.45 dist=0.54 m[0m
[01:42:22] [0m[INFO] [1779730930.158611411]: [Perception] Post 1: x=-0.31 y=-0.45 dist=0.54 m[0m
[01:42:22] [0m[INFO] [1779730930.507964762]: [Perception] Post 1: x=-0.31 y=-0.45 dist=0.54 m[0m
[01:42:22] [0m[INFO] [1779730930.809077280]: [Perception] Post 1: x=-0.31 y=-0.45 dist=0.54 m[0m
[01:42:22] [0m[INFO] [1779730931.158234862]: [Perception] Post 1: x=-0.30 y=-0.45 dist=0.54 m[0m
[01:42:22] [0m[INFO] [1779730931.508078416]: [Perception] Post 1: x=-0.30 y=-0.45 dist=0.54 m[0m
[01:42:22] [0m[INFO] [1779730931.808593339]: [Perception] Post 1: x=-0.31 y=-0.45 dist=0.54 m[0m
[01:42:22] [0m[INFO] [1779730932.157536564]: [Perception] Post 1: x=-0.30 y=-0.45 dist=0.54 m[0m
[01:42:22] [0m[INFO] [1779730932.458668122]: [Perception] Post 1: x=-0.31 y=-0.45 dist=0.55 m[0m
[01:42:22] [0m[INFO] [1779730932.807972999]: [Perception] Post 1: x=-0.31 y=-0.45 dist=0.54 m[0m
[01:42:22] [0m[INFO] [1779730933.109415229]: [Perception] Post 1: x=-0.30 y=-0.45 dist=0.54 m[0m
[01:42:22] [0m[INFO] [1779730933.458183136]: [Perception] Post 1: x=-0.30 y=-0.45 dist=0.54 m[0m
[01:42:22] [0m[INFO] [1779730933.759002628]: [Perception] Post 1: x=-0.30 y=-0.45 dist=0.54 m[0m
[01:42:22] [0m[INFO] [1779730934.108980405]: [Perception] Post 1: x=-0.30 y=-0.45 dist=0.54 m[0m
[01:42:22] [0m[INFO] [1779730934.408988384]: [Perception] Post 1: x=-0.30 y=-0.45 dist=0.55 m[0m
[01:42:22] [0m[INFO] [1779730934.758515401]: [Perception] Post 1: x=-0.31 y=-0.45 dist=0.54 m[0m
[01:42:22] [0m[INFO] [1779730935.059517317]: [Perception] Post 1: x=-0.31 y=-0.45 dist=0.54 m[0m
[01:42:22] [0m[INFO] [1779730935.408201606]: [Perception] Post 1: x=-0.30 y=-0.45 dist=0.54 m[0m
[01:42:22] [0m[INFO] [1779730935.758097038]: [Perception] Post 1: x=-0.31 y=-0.45 dist=0.55 m[0m
[01:42:22] [0m[INFO] [1779730936.108448247]: [Perception] Post 1: x=-0.30 y=-0.45 dist=0.54 m[0m
[01:42:22] [0m[INFO] [1779730936.409350042]: [Perception] Post 1: x=-0.30 y=-0.45 dist=0.54 m[0m
[01:42:22] [0m[INFO] [1779730936.758556875]: [Perception] Post 1: x=-0.30 y=-0.45 dist=0.54 m[0m
[01:42:22] [0m[INFO] [1779730937.108467050]: [Perception] Post 1: x=-0.30 y=-0.45 dist=0.54 m[0m
[01:42:22] [0m[INFO] [1779730937.458739154]: [Perception] Post 1: x=-0.30 y=-0.45 dist=0.54 m[0m
[01:42:22] [0m[INFO] [1779730937.759030338]: [Perception] Post 1: x=-0.31 y=-0.45 dist=0.54 m[0m
[01:42:22] [0m[INFO] [1779730938.108589600]: [Perception] Post 1: x=-0.30 y=-0.45 dist=0.54 m[0m
[01:42:22] [0m[INFO] [1779730938.408671892]: [Perception] Post 1: x=-0.30 y=-0.45 dist=0.54 m[0m
[01:42:22] [0m[INFO] [1779730938.709161459]: [Perception] Post 1: x=-0.30 y=-0.45 dist=0.54 m[0m
[01:42:22] [0m[INFO] [1779730939.058944284]: [Perception] Post 1: x=-0.31 y=-0.45 dist=0.55 m[0m
[01:42:22] [0m[INFO] [1779730939.408159420]: [Perception] Post 1: x=-0.30 y=-0.45 dist=0.54 m[0m
[01:42:22] [0m[INFO] [1779730939.708550214]: [Perception] Post 1: x=-0.30 y=-0.45 dist=0.54 m[0m
[01:42:22] [0m[INFO] [1779730940.058646115]: [Perception] Post 1: x=-0.30 y=-0.45 dist=0.54 m[0m
[01:42:22] [0m[INFO] [1779730940.408995046]: [Perception] Post 1: x=-0.31 y=-0.45 dist=0.55 m[0m
[01:42:22] [0m[INFO] [1779730940.757843430]: [Perception] Post 1: x=-0.30 y=-0.45 dist=0.54 m[0m
[01:42:22] [0m[INFO] [1779730941.058539129]: [Perception] Post 1: x=-0.31 y=-0.45 dist=0.54 m[0m
[01:42:22] [0m[INFO] [1779730941.409214443]: [Perception] Post 1: x=-0.30 y=-0.45 dist=0.54 m[0m
[01:42:22] [0m[INFO] [1779730941.758451496]: [Perception] Post 1: x=-0.31 y=-0.45 dist=0.54 m[0m
[01:42:37] [0m[INFO] [1779730942.059077763]: [Perception] Post 1: x=-0.30 y=-0.45 dist=0.54 m[0m
[01:42:37] [0m[INFO] [1779730942.407237304]: [Perception] Post 1: x=-0.31 y=-0.45 dist=0.54 m[0m
[01:42:37] [0m[INFO] [1779730942.708362270]: [Perception] Post 1: x=-0.30 y=-0.45 dist=0.54 m[0m
[01:42:37] [0m[INFO] [1779730943.057581464]: [Perception] Post 1: x=-0.30 y=-0.45 dist=0.54 m[0m
[01:42:37] [0m[INFO] [1779730943.358050800]: [Perception] Post 1: x=-0.31 y=-0.45 dist=0.54 m[0m
[01:42:37] [0m[INFO] [1779730943.658235654]: [Perception] Post 1: x=-0.30 y=-0.45 dist=0.54 m[0m
[01:42:37] [0m[INFO] [1779730944.008039552]: [Perception] Post 1: x=-0.31 y=-0.45 dist=0.55 m[0m
[01:42:37] [0m[INFO] [1779730944.308889356]: [Perception] Post 1: x=-0.30 y=-0.45 dist=0.54 m[0m
[01:42:37] [0m[INFO] [1779730944.657465442]: [Perception] Post 1: x=-0.31 y=-0.45 dist=0.55 m[0m
[01:42:37] [0m[INFO] [1779730944.958588994]: [Perception] Post 1: x=-0.30 y=-0.45 dist=0.54 m[0m
[01:42:37] [0m[INFO] [1779730945.308568120]: [Perception] Post 1: x=-0.30 y=-0.45 dist=0.55 m[0m
[01:42:37] [0m[INFO] [1779730945.659009414]: [Perception] Post 1: x=-0.31 y=-0.45 dist=0.54 m[0m
[01:42:37] [0m[INFO] [1779730946.007176450]: [Perception] Post 1: x=-0.30 y=-0.45 dist=0.54 m[0m
[01:42:37] [0m[INFO] [1779730946.308529129]: [Perception] Post 1: x=-0.31 y=-0.45 dist=0.54 m[0m
[01:42:37] [0m[INFO] [1779730946.657420883]: [Perception] Post 1: x=-0.30 y=-0.45 dist=0.54 m[0m
[01:42:37] [0m[INFO] [1779730946.957956901]: [Perception] Post 1: x=-0.31 y=-0.45 dist=0.54 m[0m
[01:42:37] [0m[INFO] [1779730947.308301284]: [Perception] Post 1: x=-0.31 y=-0.45 dist=0.54 m[0m
[01:42:37] [0m[INFO] [1779730947.658470163]: [Perception] Post 1: x=-0.31 y=-0.45 dist=0.55 m[0m
[01:42:37] [0m[INFO] [1779730947.958531438]: [Perception] Post 1: x=-0.31 y=-0.45 dist=0.54 m[0m
[01:42:37] [0m[INFO] [1779730948.308337220]: [Perception] Post 1: x=-0.30 y=-0.45 dist=0.54 m[0m
[01:42:37] [0m[INFO] [1779730948.608458593]: [Perception] Post 1: x=-0.31 y=-0.45 dist=0.54 m[0m
[01:42:37] [0m[INFO] [1779730948.958220797]: [Perception] Post 1: x=-0.30 y=-0.45 dist=0.54 m[0m
[01:42:37] [0m[INFO] [1779730949.308011488]: [Perception] Post 1: x=-0.30 y=-0.45 dist=0.54 m[0m
[01:42:37] [0m[INFO] [1779730949.658175785]: [Perception] Post 1: x=-0.30 y=-0.45 dist=0.54 m[0m
[01:42:37] [0m[INFO] [1779730950.007377706]: [Perception] Post 1: x=-0.30 y=-0.45 dist=0.54 m[0m
[01:42:37] [0m[INFO] [1779730950.308069316]: [Perception] Post 1: x=-0.30 y=-0.45 dist=0.54 m[0m
[01:42:37] [0m[INFO] [1779730950.657661032]: [Perception] Post 1: x=-0.31 y=-0.45 dist=0.55 m[0m
[01:42:37] [0m[INFO] [1779730950.957892076]: [Perception] Post 1: x=-0.30 y=-0.45 dist=0.54 m[0m
[01:42:37] [0m[INFO] [1779730951.307797716]: [Perception] Post 1: x=-0.31 y=-0.45 dist=0.55 m[0m
[01:42:37] [0m[INFO] [1779730951.607822373]: [Perception] Post 1: x=-0.30 y=-0.45 dist=0.54 m[0m
[01:42:37] [0m[INFO] [1779730951.908490015]: [Perception] Post 1: x=-0.31 y=-0.45 dist=0.55 m[0m
[01:42:37] [0m[INFO] [1779730952.257775973]: [Perception] Post 1: x=-0.30 y=-0.45 dist=0.54 m[0m
[01:42:37] [0m[INFO] [1779730952.558319968]: [Perception] Post 1: x=-0.31 y=-0.45 dist=0.54 m[0m
[01:42:37] [0m[INFO] [1779730952.907642008]: [Perception] Post 1: x=-0.31 y=-0.45 dist=0.54 m[0m
[01:42:37] [0m[INFO] [1779730953.208494947]: [Perception] Post 1: x=-0.31 y=-0.45 dist=0.55 m[0m
[01:42:37] [0m[INFO] [1779730953.557456809]: [Perception] Post 1: x=-0.31 y=-0.45 dist=0.55 m[0m
[01:42:37] [0m[INFO] [1779730953.858087966]: [Perception] Post 1: x=-0.31 y=-0.45 dist=0.54 m[0m
[01:42:37] [0m[INFO] [1779730954.159116887]: [Perception] Post 1: x=-0.30 y=-0.45 dist=0.54 m[0m
[01:42:37] [0m[INFO] [1779730954.508271803]: [Perception] Post 1: x=-0.31 y=-0.45 dist=0.54 m[0m
[01:42:37] [0m[INFO] [1779730954.858500805]: [Perception] Post 1: x=-0.30 y=-0.45 dist=0.54 m[0m
[01:42:37] [0m[INFO] [1779730955.208465513]: [Perception] Post 1: x=-0.30 y=-0.45 dist=0.54 m[0m
[01:42:37] [0m[INFO] [1779730955.508550493]: [Perception] Post 1: x=-0.30 y=-0.45 dist=0.54 m[0m
[01:42:37] [0m[INFO] [1779730955.857301265]: [Perception] Post 1: x=-0.31 y=-0.45 dist=0.55 m[0m
[01:42:37] [0m[INFO] [1779730956.158393424]: [Perception] Post 1: x=-0.31 y=-0.45 dist=0.54 m[0m
[01:42:37] [0m[INFO] [1779730956.507626492]: [Perception] Post 1: x=-0.31 y=-0.45 dist=0.54 m[0m
[01:42:37] [0m[INFO] [1779730956.808049255]: [Perception] Post 1: x=-0.31 y=-0.45 dist=0.54 m[0m
[01:42:52] [0m[INFO] [1779730957.108147963]: [Perception] Post 1: x=-0.30 y=-0.45 dist=0.54 m[0m
[01:42:52] [0m[INFO] [1779730957.457304502]: [Perception] Post 1: x=-0.30 y=-0.45 dist=0.54 m[0m
[01:42:52] [0m[INFO] [1779730957.758223380]: [Perception] Post 1: x=-0.31 y=-0.45 dist=0.55 m[0m
[01:42:52] [0m[INFO] [1779730958.107437348]: [Perception] Post 1: x=-0.31 y=-0.45 dist=0.54 m[0m
[01:42:52] [0m[INFO] [1779730958.408864790]: [Perception] Post 1: x=-0.30 y=-0.45 dist=0.54 m[0m
[01:42:52] [0m[INFO] [1779730958.757424393]: [Perception] Post 1: x=-0.31 y=-0.45 dist=0.55 m[0m
[01:42:52] [0m[INFO] [1779730959.107828709]: [Perception] Post 1: x=-0.30 y=-0.45 dist=0.54 m[0m
[01:42:52] [0m[INFO] [1779730959.457656553]: [Perception] Post 1: x=-0.31 y=-0.45 dist=0.55 m[0m
[01:42:52] [0m[INFO] [1779730959.808465671]: [Perception] Post 1: x=-0.31 y=-0.45 dist=0.54 m[0m
[01:42:52] [0m[INFO] [1779730960.158067928]: [Perception] Post 1: x=-0.31 y=-0.45 dist=0.54 m[0m
[01:42:52] [0m[INFO] [1779730960.508393051]: [Perception] Post 1: x=-0.31 y=-0.45 dist=0.55 m[0m
[01:42:52] [0m[INFO] [1779730960.808446406]: [Perception] Post 1: x=-0.30 y=-0.45 dist=0.54 m[0m
[01:42:52] [0m[INFO] [1779730961.157739166]: [Perception] Post 1: x=-0.30 y=-0.45 dist=0.54 m[0m
[01:42:52] [0m[INFO] [1779730961.457799735]: [Perception] Post 1: x=-0.30 y=-0.45 dist=0.54 m[0m
[01:42:52] [0m[INFO] [1779730961.807546857]: [Perception] Post 1: x=-0.31 y=-0.45 dist=0.55 m[0m
[01:42:52] [0m[INFO] [1779730962.158507730]: [Perception] Post 1: x=-0.30 y=-0.45 dist=0.54 m[0m
[01:42:52] [0m[INFO] [1779730962.508362107]: [Perception] Post 1: x=-0.31 y=-0.45 dist=0.55 m[0m
[01:42:52] [0m[INFO] [1779730962.857742029]: [Perception] Post 1: x=-0.31 y=-0.45 dist=0.55 m[0m
[01:42:52] [0m[INFO] [1779730963.208121966]: [Perception] Post 1: x=-0.31 y=-0.45 dist=0.54 m[0m
[01:42:52] [0m[INFO] [1779730963.508397129]: [Perception] Post 1: x=-0.30 y=-0.45 dist=0.55 m[0m
[01:42:52] [0m[INFO] [1779730963.857518054]: [Perception] Post 1: x=-0.31 y=-0.45 dist=0.54 m[0m
[01:42:52] [0m[INFO] [1779730964.207282638]: [Perception] Post 1: x=-0.31 y=-0.45 dist=0.54 m[0m
[01:42:52] [0m[INFO] [1779730964.507341234]: [Perception] Post 1: x=-0.31 y=-0.45 dist=0.54 m[0m
[01:42:52] [0m[INFO] [1779730964.808195137]: [Perception] Post 1: x=-0.31 y=-0.45 dist=0.54 m[0m
[01:42:52] [0m[INFO] [1779730965.108283104]: [Perception] Post 1: x=-0.31 y=-0.45 dist=0.54 m[0m
[01:42:52] [0m[INFO] [1779730965.457544765]: [Perception] Post 1: x=-0.30 y=-0.45 dist=0.54 m[0m
[01:42:52] [0m[INFO] [1779730965.757686889]: [Perception] Post 1: x=-0.31 y=-0.45 dist=0.54 m[0m
[01:42:52] [0m[INFO] [1779730966.058283587]: [Perception] Post 1: x=-0.31 y=-0.45 dist=0.54 m[0m
[01:42:52] [0m[INFO] [1779730966.407387041]: [Perception] Post 1: x=-0.30 y=-0.45 dist=0.54 m[0m
[01:42:52] [0m[INFO] [1779730966.707760125]: [Perception] Post 1: x=-0.30 y=-0.45 dist=0.54 m[0m
[01:42:52] [0m[INFO] [1779730967.007841399]: [Perception] Post 1: x=-0.31 y=-0.45 dist=0.54 m[0m
[01:42:52] [0m[INFO] [1779730967.357716669]: [Perception] Post 1: x=-0.30 y=-0.45 dist=0.54 m[0m
[01:42:52] [0m[INFO] [1779730967.708026530]: [Perception] Post 1: x=-0.30 y=-0.45 dist=0.54 m[0m
[01:42:52] [0m[INFO] [1779730968.058956342]: [Perception] Post 1: x=-0.31 y=-0.45 dist=0.54 m[0m
[01:42:52] [0m[INFO] [1779730968.407519350]: [Perception] Post 1: x=-0.31 y=-0.45 dist=0.54 m[0m
[01:42:52] [0m[INFO] [1779730968.708025518]: [Perception] Post 1: x=-0.31 y=-0.45 dist=0.55 m[0m
[01:42:52] [0m[INFO] [1779730969.009108187]: [Perception] Post 1: x=-0.30 y=-0.45 dist=0.54 m[0m
[01:42:52] [0m[INFO] [1779730969.357328178]: [Perception] Post 1: x=-0.30 y=-0.45 dist=0.54 m[0m
[01:42:52] [0m[INFO] [1779730969.658794426]: [Perception] Post 1: x=-0.31 y=-0.45 dist=0.54 m[0m
[01:42:52] [0m[INFO] [1779730970.008072864]: [Perception] Post 1: x=-0.31 y=-0.45 dist=0.55 m[0m
[01:42:52] [0m[INFO] [1779730970.308970721]: [Perception] Post 1: x=-0.31 y=-0.45 dist=0.54 m[0m
[01:42:52] [0m[INFO] [1779730970.658217881]: [Perception] Post 1: x=-0.30 y=-0.45 dist=0.54 m[0m
[01:42:52] [0m[INFO] [1779730971.008533804]: [Perception] Post 1: x=-0.31 y=-0.45 dist=0.54 m[0m
[01:42:52] [0m[INFO] [1779730971.357628585]: [Perception] Post 1: x=-0.31 y=-0.45 dist=0.54 m[0m
[01:42:52] [0m[INFO] [1779730971.708494960]: [Perception] Post 1: x=-0.30 y=-0.45 dist=0.54 m[0m
[01:42:52] [0m[INFO] [1779730972.058318163]: [Perception] Post 1: x=-0.30 y=-0.45 dist=0.54 m[0m
[01:42:52] [0m[INFO] [1779730972.359043006]: [Perception] Post 1: x=-0.30 y=-0.45 dist=0.54 m[0m
[01:43:07] [0m[INFO] [1779730972.708150643]: [Perception] Post 1: x=-0.30 y=-0.45 dist=0.54 m[0m
[01:43:07] [0m[INFO] [1779730973.058424594]: [Perception] Post 1: x=-0.30 y=-0.45 dist=0.54 m[0m
[01:43:07] [0m[INFO] [1779730973.407660743]: [Perception] Post 1: x=-0.30 y=-0.45 dist=0.54 m[0m
[01:43:07] [0m[INFO] [1779730973.758056527]: [Perception] Post 1: x=-0.30 y=-0.45 dist=0.54 m[0m
[01:43:07] [0m[INFO] [1779730974.058231671]: [Perception] Post 1: x=-0.30 y=-0.45 dist=0.54 m[0m
[01:43:07] [0m[INFO] [1779730974.407456342]: [Perception] Post 1: x=-0.31 y=-0.45 dist=0.54 m[0m
[01:43:07] [0m[INFO] [1779730974.708348220]: [Perception] Post 1: x=-0.30 y=-0.45 dist=0.54 m[0m
[01:43:07] [0m[INFO] [1779730975.057650386]: [Perception] Post 1: x=-0.30 y=-0.45 dist=0.54 m[0m
[01:43:07] [0m[INFO] [1779730975.358538326]: [Perception] Post 1: x=-0.31 y=-0.45 dist=0.54 m[0m
[01:43:07] [0m[INFO] [1779730975.658934725]: [Perception] Post 1: x=-0.30 y=-0.45 dist=0.54 m[0m
[01:43:07] [0m[INFO] [1779730976.007726532]: [Perception] Post 1: x=-0.31 y=-0.45 dist=0.54 m[0m
[01:43:07] [0m[INFO] [1779730976.308542886]: [Perception] Post 1: x=-0.31 y=-0.45 dist=0.54 m[0m
[01:43:07] [0m[INFO] [1779730976.657096720]: [Perception] Post 1: x=-0.30 y=-0.45 dist=0.54 m[0m
[01:43:07] [0m[INFO] [1779730976.958687360]: [Perception] Post 1: x=-0.31 y=-0.45 dist=0.54 m[0m
[01:43:07] [0m[INFO] [1779730977.307345633]: [Perception] Post 1: x=-0.31 y=-0.45 dist=0.54 m[0m
[01:43:07] [0m[INFO] [1779730977.607767307]: [Perception] Post 1: x=-0.31 y=-0.45 dist=0.54 m[0m
[01:43:07] [0m[INFO] [1779730977.908783611]: [Perception] Post 1: x=-0.30 y=-0.45 dist=0.54 m[0m
[01:43:07] [0m[INFO] [1779730978.257582855]: [Perception] Post 1: x=-0.31 y=-0.45 dist=0.55 m[0m
[01:43:07] [0m[INFO] [1779730978.557655411]: [Perception] Post 1: x=-0.30 y=-0.45 dist=0.54 m[0m
[01:43:07] [0m[INFO] [1779730978.857829182]: [Perception] Post 1: x=-0.31 y=-0.45 dist=0.55 m[0m
[01:43:07] [0m[INFO] [1779730979.157981770]: [Perception] Post 1: x=-0.31 y=-0.45 dist=0.55 m[0m
[01:43:07] [0m[INFO] [1779730979.508355155]: [Perception] Post 1: x=-0.30 y=-0.45 dist=0.54 m[0m
[01:43:07] [0m[INFO] [1779730979.809144352]: [Perception] Post 1: x=-0.31 y=-0.45 dist=0.54 m[0m
[01:43:07] [0m[INFO] [1779730980.157793294]: [Perception] Post 1: x=-0.30 y=-0.45 dist=0.54 m[0m
[01:43:07] [0m[INFO] [1779730980.507672844]: [Perception] Post 1: x=-0.31 y=-0.45 dist=0.55 m[0m
[01:43:07] [0m[INFO] [1779730980.808489278]: [Perception] Post 1: x=-0.30 y=-0.45 dist=0.54 m[0m
[01:43:07] [0m[INFO] [1779730981.108869599]: [Perception] Post 1: x=-0.30 y=-0.45 dist=0.54 m[0m
[01:43:07] [0m[INFO] [1779730981.457409502]: [Perception] Post 1: x=-0.30 y=-0.45 dist=0.54 m[0m
[01:43:07] [0m[INFO] [1779730981.758530987]: [Perception] Post 1: x=-0.30 y=-0.45 dist=0.54 m[0m
[01:43:07] [0m[INFO] [1779730982.107399046]: [Perception] Post 1: x=-0.30 y=-0.45 dist=0.54 m[0m
[01:43:07] [0m[INFO] [1779730982.407896203]: [Perception] Post 1: x=-0.31 y=-0.45 dist=0.54 m[0m
[01:43:07] [0m[INFO] [1779730982.709039065]: [Perception] Post 1: x=-0.31 y=-0.45 dist=0.54 m[0m
[01:43:07] [0m[INFO] [1779730983.057462142]: [Perception] Post 1: x=-0.31 y=-0.45 dist=0.54 m[0m
[01:43:07] [0m[INFO] [1779730983.358252022]: [Perception] Post 1: x=-0.31 y=-0.45 dist=0.55 m[0m
[01:43:07] [0m[INFO] [1779730983.707483891]: [Perception] Post 1: x=-0.31 y=-0.45 dist=0.55 m[0m
[01:43:07] [0m[INFO] [1779730984.057678103]: [Perception] Post 1: x=-0.30 y=-0.45 dist=0.54 m[0m
[01:43:07] [0m[INFO] [1779730984.358868723]: [Perception] Post 1: x=-0.30 y=-0.45 dist=0.54 m[0m
[01:43:07] [0m[INFO] [1779730984.707559331]: [Perception] Post 1: x=-0.30 y=-0.45 dist=0.54 m[0m
[01:43:07] [0m[INFO] [1779730985.058471415]: [Perception] Post 1: x=-0.30 y=-0.45 dist=0.54 m[0m
[01:43:07] [0m[INFO] [1779730985.408982305]: [Perception] Post 1: x=-0.31 y=-0.45 dist=0.55 m[0m
[01:43:07] [0m[INFO] [1779730985.757278670]: [Perception] Post 1: x=-0.31 y=-0.45 dist=0.54 m[0m
[01:43:07] [0m[INFO] [1779730986.059219209]: [Perception] Post 1: x=-0.30 y=-0.45 dist=0.54 m[0m
[01:43:07] [0m[INFO] [1779730986.407612187]: [Perception] Post 1: x=-0.30 y=-0.45 dist=0.54 m[0m
[01:43:07] [0m[INFO] [1779730986.708488500]: [Perception] Post 1: x=-0.31 y=-0.45 dist=0.55 m[0m
[01:43:07] [0m[INFO] [1779730987.058202427]: [Perception] Post 1: x=-0.30 y=-0.45 dist=0.54 m[0m
[01:43:07] [0m[INFO] [1779730987.358434472]: [Perception] Post 1: x=-0.31 y=-0.45 dist=0.54 m[0m
[01:43:23] [0m[INFO] [1779730987.708205859]: [Perception] Post 1: x=-0.31 y=-0.45 dist=0.54 m[0m
[01:43:23] [0m[INFO] [1779730988.008946823]: [Perception] Post 1: x=-0.31 y=-0.45 dist=0.54 m[0m
[01:43:23] [0m[INFO] [1779730988.357406001]: [Perception] Post 1: x=-0.31 y=-0.45 dist=0.55 m[0m
[01:43:23] [0m[INFO] [1779730988.658134439]: [Perception] Post 1: x=-0.30 y=-0.45 dist=0.54 m[0m
[01:43:23] [0m[INFO] [1779730988.958172034]: [Perception] Post 1: x=-0.30 y=-0.45 dist=0.54 m[0m
[01:43:23] [0m[INFO] [1779730989.307449649]: [Perception] Post 1: x=-0.30 y=-0.45 dist=0.54 m[0m
[01:43:23] [0m[INFO] [1779730989.607624966]: [Perception] Post 1: x=-0.31 y=-0.45 dist=0.54 m[0m
[01:43:23] [0m[INFO] [1779730989.958419963]: [Perception] Post 1: x=-0.30 y=-0.45 dist=0.54 m[0m
[01:43:23] [0m[INFO] [1779730990.258446061]: [Perception] Post 1: x=-0.31 y=-0.45 dist=0.55 m[0m
[01:43:23] [0m[INFO] [1779730990.607413095]: [Perception] Post 1: x=-0.31 y=-0.45 dist=0.54 m[0m
[01:43:23] [0m[INFO] [1779730990.908495536]: [Perception] Post 1: x=-0.31 y=-0.45 dist=0.54 m[0m
[01:43:23] [0m[INFO] [1779730991.209061239]: [Perception] Post 1: x=-0.30 y=-0.45 dist=0.54 m[0m
[01:43:23] [0m[INFO] [1779730991.558581228]: [Perception] Post 1: x=-0.31 y=-0.45 dist=0.54 m[0m
[01:43:23] [0m[INFO] [1779730991.858801924]: [Perception] Post 1: x=-0.31 y=-0.45 dist=0.54 m[0m
[01:43:23] [0m[INFO] [1779730992.207850705]: [Perception] Post 1: x=-0.31 y=-0.45 dist=0.55 m[0m
[01:43:23] [0m[INFO] [1779730992.558962259]: [Perception] Post 1: x=-0.30 y=-0.45 dist=0.54 m[0m
[01:43:23] [0m[INFO] [1779730992.908385200]: [Perception] Post 1: x=-0.30 y=-0.45 dist=0.54 m[0m
[01:43:23] [0m[INFO] [1779730993.258468138]: [Perception] Post 1: x=-0.30 y=-0.45 dist=0.54 m[0m
[01:43:23] [0m[INFO] [1779730993.609062350]: [Perception] Post 1: x=-0.30 y=-0.45 dist=0.54 m[0m
[01:43:23] [0m[INFO] [1779730993.958450292]: [Perception] Post 1: x=-0.31 y=-0.45 dist=0.55 m[0m
[01:43:23] [0m[INFO] [1779730994.308062729]: [Perception] Post 1: x=-0.31 y=-0.45 dist=0.55 m[0m
[01:43:23] [0m[INFO] [1779730994.658208014]: [Perception] Post 1: x=-0.31 y=-0.45 dist=0.55 m[0m
[01:43:23] [0m[INFO] [1779730995.008689432]: [Perception] Post 1: x=-0.31 y=-0.45 dist=0.54 m[0m
[01:43:23] [0m[INFO] [1779730995.309574909]: [Perception] Post 1: x=-0.31 y=-0.45 dist=0.54 m[0m
[01:43:23] [0m[INFO] [1779730995.658279258]: [Perception] Post 1: x=-0.30 y=-0.45 dist=0.55 m[0m
[01:43:23] [0m[INFO] [1779730996.007832986]: [Perception] Post 1: x=-0.31 y=-0.45 dist=0.55 m[0m
[01:43:23] [0m[INFO] [1779730996.308479718]: [Perception] Post 1: x=-0.30 y=-0.45 dist=0.54 m[0m
[01:43:23] [0m[INFO] [1779730996.608500191]: [Perception] Post 1: x=-0.30 y=-0.45 dist=0.54 m[0m
[01:43:23] [0m[INFO] [1779730996.957301623]: [Perception] Post 1: x=-0.30 y=-0.45 dist=0.54 m[0m
[01:43:23] [0m[INFO] [1779730997.257941424]: [Perception] Post 1: x=-0.31 y=-0.45 dist=0.55 m[0m
[01:43:23] [0m[INFO] [1779730997.559210124]: [Perception] Post 1: x=-0.31 y=-0.45 dist=0.54 m[0m
[01:43:23] [0m[INFO] [1779730997.907318802]: [Perception] Post 1: x=-0.31 y=-0.45 dist=0.54 m[0m
[01:43:23] [0m[INFO] [1779730998.208583562]: [Perception] Post 1: x=-0.30 y=-0.45 dist=0.54 m[0m
[01:43:23] [0m[INFO] [1779730998.557681405]: [Perception] Post 1: x=-0.30 y=-0.45 dist=0.54 m[0m
[01:43:23] [0m[INFO] [1779730998.908665784]: [Perception] Post 1: x=-0.31 y=-0.45 dist=0.54 m[0m
[01:43:23] [0m[INFO] [1779730999.257717519]: [Perception] Post 1: x=-0.31 y=-0.45 dist=0.54 m[0m
[01:43:23] [0m[INFO] [1779730999.558374402]: [Perception] Post 1: x=-0.31 y=-0.45 dist=0.55 m[0m
[01:43:23] [0m[INFO] [1779730999.907551337]: [Perception] Post 1: x=-0.30 y=-0.45 dist=0.54 m[0m
[01:43:23] [0m[INFO] [1779731000.208382944]: [Perception] Post 1: x=-0.30 y=-0.45 dist=0.54 m[0m
[01:43:23] [0m[INFO] [1779731000.558200341]: [Perception] Post 1: x=-0.30 y=-0.45 dist=0.54 m[0m
[01:43:23] [0m[INFO] [1779731000.908980410]: [Perception] Post 1: x=-0.31 y=-0.45 dist=0.54 m[0m
[01:43:23] [0m[INFO] [1779731001.258484332]: [Perception] Post 1: x=-0.30 y=-0.45 dist=0.54 m[0m
[01:43:23] [0m[INFO] [1779731001.608190457]: [Perception] Post 1: x=-0.31 y=-0.45 dist=0.54 m[0m
[01:43:23] [0m[INFO] [1779731001.958535634]: [Perception] Post 1: x=-0.30 y=-0.45 dist=0.54 m[0m
[01:43:23] [0m[INFO] [1779731002.308612987]: [Perception] Post 1: x=-0.31 y=-0.45 dist=0.54 m[0m
[01:43:23] [0m[INFO] [1779731002.657945045]: [Perception] Post 1: x=-0.31 y=-0.45 dist=0.54 m[0m
[01:43:23] [0m[INFO] [1779731003.008145879]: [Perception] Post 1: x=-0.31 y=-0.45 dist=0.54 m[0m
[01:43:38] [0m[INFO] [1779731003.308233027]: [Perception] Post 1: x=-0.31 y=-0.45 dist=0.54 m[0m
[01:43:38] [0m[INFO] [1779731003.658074750]: [Perception] Post 1: x=-0.31 y=-0.45 dist=0.54 m[0m
[01:43:38] [0m[INFO] [1779731004.008519721]: [Perception] Post 1: x=-0.31 y=-0.45 dist=0.55 m[0m
[01:43:38] [0m[INFO] [1779731004.357949360]: [Perception] Post 1: x=-0.30 y=-0.45 dist=0.54 m[0m
[01:43:38] [0m[INFO] [1779731004.658016056]: [Perception] Post 1: x=-0.31 y=-0.45 dist=0.54 m[0m
[01:43:38] [0m[INFO] [1779731005.007304819]: [Perception] Post 1: x=-0.30 y=-0.45 dist=0.54 m[0m
[01:43:38] [0m[INFO] [1779731005.308106111]: [Perception] Post 1: x=-0.30 y=-0.45 dist=0.54 m[0m
[01:43:38] [0m[INFO] [1779731005.657610567]: [Perception] Post 1: x=-0.30 y=-0.45 dist=0.54 m[0m
[01:43:38] [0m[INFO] [1779731006.007522801]: [Perception] Post 1: x=-0.30 y=-0.45 dist=0.54 m[0m
[01:43:38] [0m[INFO] [1779731006.308379494]: [Perception] Post 1: x=-0.31 y=-0.45 dist=0.55 m[0m
[01:43:38] [0m[INFO] [1779731006.608454249]: [Perception] Post 1: x=-0.30 y=-0.45 dist=0.54 m[0m
[01:43:38] [0m[INFO] [1779731006.958173036]: [Perception] Post 1: x=-0.30 y=-0.45 dist=0.54 m[0m
[01:43:38] [0m[INFO] [1779731007.307591271]: [Perception] Post 1: x=-0.31 y=-0.45 dist=0.54 m[0m
[01:43:38] [0m[INFO] [1779731007.608350846]: [Perception] Post 1: x=-0.30 y=-0.45 dist=0.54 m[0m
[01:43:38] [0m[INFO] [1779731007.957772768]: [Perception] Post 1: x=-0.30 y=-0.45 dist=0.54 m[0m
[01:43:38] [0m[INFO] [1779731008.258863113]: [Perception] Post 1: x=-0.31 y=-0.45 dist=0.54 m[0m
[01:43:38] [0m[INFO] [1779731008.607770103]: [Perception] Post 1: x=-0.31 y=-0.45 dist=0.54 m[0m
[01:43:38] [0m[INFO] [1779731008.907963582]: [Perception] Post 1: x=-0.30 y=-0.45 dist=0.54 m[0m
[01:43:38] [0m[INFO] [1779731009.208454002]: [Perception] Post 1: x=-0.30 y=-0.45 dist=0.54 m[0m
[01:43:38] [0m[INFO] [1779731009.557569504]: [Perception] Post 1: x=-0.30 y=-0.45 dist=0.54 m[0m
[01:43:38] [0m[INFO] [1779731009.857895977]: [Perception] Post 1: x=-0.30 y=-0.45 dist=0.54 m[0m
[01:43:38] [0m[INFO] [1779731010.157992663]: [Perception] Post 1: x=-0.31 y=-0.45 dist=0.54 m[0m
[01:43:38] [0m[INFO] [1779731010.458063907]: [Perception] Post 1: x=-0.30 y=-0.45 dist=0.54 m[0m
[01:43:38] [0m[INFO] [1779731010.758328260]: [Perception] Post 1: x=-0.31 y=-0.45 dist=0.54 m[0m
[01:43:38] [0m[INFO] [1779731011.108000092]: [Perception] Post 1: x=-0.31 y=-0.45 dist=0.54 m[0m
[01:43:38] [0m[INFO] [1779731011.457647180]: [Perception] Post 1: x=-0.31 y=-0.45 dist=0.55 m[0m
[01:43:38] [0m[INFO] [1779731011.808386155]: [Perception] Post 1: x=-0.30 y=-0.45 dist=0.55 m[0m
[01:43:38] [0m[INFO] [1779731012.158915617]: [Perception] Post 1: x=-0.31 y=-0.45 dist=0.54 m[0m
[01:43:38] [0m[INFO] [1779731012.508041255]: [Perception] Post 1: x=-0.30 y=-0.45 dist=0.54 m[0m
[01:43:38] [0m[INFO] [1779731012.857702148]: [Perception] Post 1: x=-0.30 y=-0.45 dist=0.54 m[0m
[01:43:38] [0m[INFO] [1779731013.157865524]: [Perception] Post 1: x=-0.31 y=-0.45 dist=0.54 m[0m
[01:43:38] [0m[INFO] [1779731013.458691714]: [Perception] Post 1: x=-0.30 y=-0.45 dist=0.55 m[0m
[01:43:38] [0m[INFO] [1779731013.807491173]: [Perception] Post 1: x=-0.31 y=-0.45 dist=0.54 m[0m
[01:43:38] [0m[INFO] [1779731014.107773453]: [Perception] Post 1: x=-0.31 y=-0.45 dist=0.54 m[0m
[01:43:38] [0m[INFO] [1779731014.457843878]: [Perception] Post 1: x=-0.31 y=-0.45 dist=0.54 m[0m
[01:43:38] [0m[INFO] [1779731014.758853641]: [Perception] Post 1: x=-0.31 y=-0.45 dist=0.54 m[0m
[01:43:38] [0m[INFO] [1779731015.107727800]: [Perception] Post 1: x=-0.31 y=-0.45 dist=0.54 m[0m
[01:43:38] [0m[INFO] [1779731015.408413845]: [Perception] Post 1: x=-0.30 y=-0.45 dist=0.54 m[0m
[01:43:38] [0m[INFO] [1779731015.757737776]: [Perception] Post 1: x=-0.30 y=-0.45 dist=0.54 m[0m
[01:43:38] [0m[INFO] [1779731016.107693176]: [Perception] Post 1: x=-0.30 y=-0.45 dist=0.54 m[0m
[01:43:38] [0m[INFO] [1779731016.458154745]: [Perception] Post 1: x=-0.30 y=-0.45 dist=0.54 m[0m
[01:43:38] [0m[INFO] [1779731016.807921398]: [Perception] Post 1: x=-0.30 y=-0.45 dist=0.54 m[0m
[01:43:38] [0m[INFO] [1779731017.157892939]: [Perception] Post 1: x=-0.31 y=-0.45 dist=0.54 m[0m
[01:43:38] [0m[INFO] [1779731017.458732609]: [Perception] Post 1: x=-0.31 y=-0.45 dist=0.54 m[0m
[01:43:38] [0m[INFO] [1779731017.807276381]: [Perception] Post 1: x=-0.31 y=-0.45 dist=0.55 m[0m
[01:43:38] [0m[INFO] [1779731018.107834611]: [Perception] Post 1: x=-0.30 y=-0.45 dist=0.54 m[0m
[01:43:53] [0m[INFO] [1779731018.457900462]: [Perception] Post 1: x=-0.30 y=-0.45 dist=0.54 m[0m
[01:43:53] [0m[INFO] [1779731018.809183841]: [Perception] Post 1: x=-0.30 y=-0.45 dist=0.54 m[0m
[01:43:53] [0m[INFO] [1779731019.157345147]: [Perception] Post 1: x=-0.30 y=-0.45 dist=0.54 m[0m
[01:43:53] [0m[INFO] [1779731019.458744763]: [Perception] Post 1: x=-0.30 y=-0.45 dist=0.54 m[0m
[01:43:53] [0m[INFO] [1779731019.758932871]: [Perception] Post 1: x=-0.31 y=-0.45 dist=0.54 m[0m
[01:43:53] [0m[INFO] [1779731020.107592710]: [Perception] Post 1: x=-0.31 y=-0.45 dist=0.54 m[0m
[01:43:53] [0m[INFO] [1779731020.409139127]: [Perception] Post 1: x=-0.30 y=-0.45 dist=0.54 m[0m
[01:43:53] [0m[INFO] [1779731020.757424007]: [Perception] Post 1: x=-0.31 y=-0.45 dist=0.54 m[0m
[01:43:53] [0m[INFO] [1779731021.058251361]: [Perception] Post 1: x=-0.31 y=-0.45 dist=0.54 m[0m
[01:43:53] [0m[INFO] [1779731021.358823106]: [Perception] Post 1: x=-0.30 y=-0.45 dist=0.54 m[0m
[01:43:53] [0m[INFO] [1779731021.707599805]: [Perception] Post 1: x=-0.31 y=-0.45 dist=0.54 m[0m
[01:43:53] [0m[INFO] [1779731022.008673532]: [Perception] Post 1: x=-0.31 y=-0.45 dist=0.54 m[0m
[01:43:53] [0m[INFO] [1779731022.358944697]: [Perception] Post 1: x=-0.31 y=-0.45 dist=0.54 m[0m
[01:43:53] [0m[INFO] [1779731022.708900030]: [Perception] Post 1: x=-0.30 y=-0.45 dist=0.54 m[0m
[01:43:53] [0m[INFO] [1779731023.058081756]: [Perception] Post 1: x=-0.31 y=-0.45 dist=0.54 m[0m
[01:43:53] [0m[INFO] [1779731023.359059475]: [Perception] Post 1: x=-0.31 y=-0.45 dist=0.54 m[0m
[01:43:53] [0m[INFO] [1779731023.708314547]: [Perception] Post 1: x=-0.31 y=-0.45 dist=0.55 m[0m
[01:43:53] [0m[INFO] [1779731024.008455987]: [Perception] Post 1: x=-0.31 y=-0.45 dist=0.55 m[0m
[01:43:53] [0m[INFO] [1779731024.357185636]: [Perception] Post 1: x=-0.30 y=-0.45 dist=0.54 m[0m
[01:43:53] [0m[INFO] [1779731024.658199867]: [Perception] Post 1: x=-0.31 y=-0.45 dist=0.54 m[0m
[01:43:53] [0m[INFO] [1779731025.008214657]: [Perception] Post 1: x=-0.31 y=-0.45 dist=0.54 m[0m
[01:43:53] [0m[INFO] [1779731025.308477426]: [Perception] Post 1: x=-0.30 y=-0.45 dist=0.54 m[0m
[01:43:53] [0m[INFO] [1779731025.609007257]: [Perception] Post 1: x=-0.30 y=-0.45 dist=0.54 m[0m
[01:43:53] [0m[INFO] [1779731025.958954421]: [Perception] Post 1: x=-0.30 y=-0.45 dist=0.54 m[0m
[01:43:53] [0m[INFO] [1779731026.259128726]: [Perception] Post 1: x=-0.31 y=-0.45 dist=0.54 m[0m
[01:43:53] [0m[INFO] [1779731026.608332544]: [Perception] Post 1: x=-0.30 y=-0.45 dist=0.54 m[0m
[01:43:53] [0m[INFO] [1779731026.958507902]: [Perception] Post 1: x=-0.31 y=-0.45 dist=0.54 m[0m
[01:43:53] [0m[INFO] [1779731027.308613462]: [Perception] Post 1: x=-0.31 y=-0.45 dist=0.54 m[0m
[01:43:53] [0m[INFO] [1779731027.657472778]: [Perception] Post 1: x=-0.30 y=-0.45 dist=0.54 m[0m
[01:43:53] [0m[INFO] [1779731027.957524754]: [Perception] Post 1: x=-0.30 y=-0.45 dist=0.54 m[0m
[01:43:53] [0m[INFO] [1779731028.258252010]: [Perception] Post 1: x=-0.31 y=-0.45 dist=0.54 m[0m
[01:43:53] [0m[INFO] [1779731028.607449482]: [Perception] Post 1: x=-0.30 y=-0.45 dist=0.54 m[0m
[01:43:53] [0m[INFO] [1779731028.908496433]: [Perception] Post 1: x=-0.31 y=-0.45 dist=0.55 m[0m
[01:43:53] [0m[INFO] [1779731029.258017153]: [Perception] Post 1: x=-0.30 y=-0.45 dist=0.54 m[0m
[01:43:53] [0m[INFO] [1779731029.608450022]: [Perception] Post 1: x=-0.31 y=-0.45 dist=0.54 m[0m
[01:43:53] [0m[INFO] [1779731029.957960468]: [Perception] Post 1: x=-0.30 y=-0.45 dist=0.54 m[0m
[01:43:53] [0m[INFO] [1779731030.258222827]: [Perception] Post 1: x=-0.30 y=-0.45 dist=0.54 m[0m
[01:43:53] [0m[INFO] [1779731030.558949234]: [Perception] Post 1: x=-0.31 y=-0.45 dist=0.54 m[0m
[01:43:53] [0m[INFO] [1779731030.908525054]: [Perception] Post 1: x=-0.31 y=-0.45 dist=0.55 m[0m
[01:43:53] [0m[INFO] [1779731031.208904374]: [Perception] Post 1: x=-0.31 y=-0.45 dist=0.54 m[0m
[01:43:53] [0m[INFO] [1779731031.559380427]: [Perception] Post 1: x=-0.31 y=-0.45 dist=0.55 m[0m
[01:43:53] [0m[INFO] [1779731031.908441307]: [Perception] Post 1: x=-0.31 y=-0.45 dist=0.54 m[0m
[01:43:53] [0m[INFO] [1779731032.258041683]: [Perception] Post 1: x=-0.31 y=-0.45 dist=0.55 m[0m
[01:43:53] [0m[INFO] [1779731032.558893427]: [Perception] Post 1: x=-0.31 y=-0.45 dist=0.54 m[0m
[01:43:53] [0m[INFO] [1779731032.908068404]: [Perception] Post 1: x=-0.30 y=-0.45 dist=0.54 m[0m
[01:43:53] [0m[INFO] [1779731033.208314642]: [Perception] Post 1: x=-0.31 y=-0.45 dist=0.54 m[0m
[01:43:53] [0m[INFO] [1779731033.557405599]: [Perception] Post 1: x=-0.30 y=-0.45 dist=0.54 m[0m
[01:44:09] [0m[INFO] [1779731033.858331514]: [Perception] Post 1: x=-0.30 y=-0.45 dist=0.54 m[0m
[01:44:09] [0m[INFO] [1779731034.159245057]: [Perception] Post 1: x=-0.31 y=-0.45 dist=0.54 m[0m
[01:44:09] [0m[INFO] [1779731034.508472451]: [Perception] Post 1: x=-0.30 y=-0.45 dist=0.54 m[0m
[01:44:09] [0m[INFO] [1779731034.808827235]: [Perception] Post 1: x=-0.31 y=-0.45 dist=0.54 m[0m
[01:44:09] [0m[INFO] [1779731035.158589038]: [Perception] Post 1: x=-0.31 y=-0.45 dist=0.55 m[0m
[01:44:09] [0m[INFO] [1779731035.508992025]: [Perception] Post 1: x=-0.30 y=-0.45 dist=0.54 m[0m
[01:44:09] [0m[INFO] [1779731035.858472753]: [Perception] Post 1: x=-0.31 y=-0.45 dist=0.54 m[0m
[01:44:09] [0m[INFO] [1779731036.159260294]: [Perception] Post 1: x=-0.31 y=-0.45 dist=0.54 m[0m
[01:44:09] [0m[INFO] [1779731036.508319923]: [Perception] Post 1: x=-0.31 y=-0.45 dist=0.54 m[0m
[01:44:09] [0m[INFO] [1779731036.858692377]: [Perception] Post 1: x=-0.31 y=-0.45 dist=0.55 m[0m
[01:44:09] [0m[INFO] [1779731037.208910219]: [Perception] Post 1: x=-0.30 y=-0.45 dist=0.54 m[0m
[01:44:09] [0m[INFO] [1779731037.557831471]: [Perception] Post 1: x=-0.30 y=-0.45 dist=0.54 m[0m
[01:44:09] [0m[INFO] [1779731037.858523016]: [Perception] Post 1: x=-0.30 y=-0.45 dist=0.54 m[0m
[01:44:09] [0m[INFO] [1779731038.208269063]: [Perception] Post 1: x=-0.30 y=-0.45 dist=0.54 m[0m
[01:44:09] [0m[INFO] [1779731038.558264128]: [Perception] Post 1: x=-0.31 y=-0.45 dist=0.55 m[0m
[01:44:09] [0m[INFO] [1779731038.858721249]: [Perception] Post 1: x=-0.30 y=-0.45 dist=0.54 m[0m
[01:44:09] [0m[INFO] [1779731039.208299151]: [Perception] Post 1: x=-0.31 y=-0.45 dist=0.54 m[0m
[01:44:09] [0m[INFO] [1779731039.508901718]: [Perception] Post 1: x=-0.30 y=-0.45 dist=0.54 m[0m
[01:44:09] [0m[INFO] [1779731039.858397022]: [Perception] Post 1: x=-0.31 y=-0.45 dist=0.54 m[0m
[01:44:09] [0m[INFO] [1779731040.158477931]: [Perception] Post 1: x=-0.31 y=-0.45 dist=0.54 m[0m
[01:44:09] [0m[INFO] [1779731040.508326693]: [Perception] Post 1: x=-0.30 y=-0.45 dist=0.54 m[0m
[01:44:09] [0m[INFO] [1779731040.808655068]: [Perception] Post 1: x=-0.30 y=-0.45 dist=0.54 m[0m
[01:44:09] [0m[INFO] [1779731041.157915373]: [Perception] Post 1: x=-0.31 y=-0.45 dist=0.54 m[0m
[01:44:09] [0m[INFO] [1779731041.458467932]: [Perception] Post 1: x=-0.30 y=-0.45 dist=0.54 m[0m
[01:44:09] [0m[INFO] [1779731041.758891411]: [Perception] Post 1: x=-0.31 y=-0.45 dist=0.54 m[0m
[01:44:09] [0m[INFO] [1779731042.108330039]: [Perception] Post 1: x=-0.31 y=-0.45 dist=0.54 m[0m
[01:44:09] [0m[INFO] [1779731042.457236627]: [Perception] Post 1: x=-0.31 y=-0.45 dist=0.54 m[0m
[01:44:09] [0m[INFO] [1779731042.758343783]: [Perception] Post 1: x=-0.30 y=-0.45 dist=0.54 m[0m
[01:44:09] [0m[INFO] [1779731043.059163722]: [Perception] Post 1: x=-0.31 y=-0.45 dist=0.54 m[0m
[01:44:09] [0m[INFO] [1779731043.359243547]: [Perception] Post 1: x=-0.30 y=-0.45 dist=0.54 m[0m
[01:44:09] [0m[INFO] [1779731043.708733548]: [Perception] Post 1: x=-0.31 y=-0.45 dist=0.55 m[0m
[01:44:09] [0m[INFO] [1779731044.057767211]: [Perception] Post 1: x=-0.30 y=-0.45 dist=0.54 m[0m
[01:44:09] [0m[INFO] [1779731044.359247138]: [Perception] Post 1: x=-0.30 y=-0.45 dist=0.54 m[0m
[01:44:09] [0m[INFO] [1779731044.708736599]: [Perception] Post 1: x=-0.30 y=-0.45 dist=0.55 m[0m
[01:44:09] [0m[INFO] [1779731045.058552109]: [Perception] Post 1: x=-0.31 y=-0.45 dist=0.54 m[0m
[01:44:09] [0m[INFO] [1779731045.408046587]: [Perception] Post 1: x=-0.31 y=-0.45 dist=0.55 m[0m
[01:44:09] [0m[INFO] [1779731045.708059291]: [Perception] Post 1: x=-0.30 y=-0.45 dist=0.54 m[0m
[01:44:09] [0m[INFO] [1779731046.058949397]: [Perception] Post 1: x=-0.31 y=-0.45 dist=0.54 m[0m
[01:44:09] [0m[INFO] [1779731046.408473488]: [Perception] Post 1: x=-0.30 y=-0.45 dist=0.54 m[0m
[01:44:09] [0m[INFO] [1779731046.708839703]: [Perception] Post 1: x=-0.31 y=-0.45 dist=0.54 m[0m
[01:44:09] [0m[INFO] [1779731047.058841361]: [Perception] Post 1: x=-0.30 y=-0.45 dist=0.54 m[0m
[01:44:09] [0m[INFO] [1779731047.359114669]: [Perception] Post 1: x=-0.30 y=-0.45 dist=0.54 m[0m
[01:44:09] [0m[INFO] [1779731047.707506895]: [Perception] Post 1: x=-0.30 y=-0.45 dist=0.54 m[0m
[01:44:09] [0m[INFO] [1779731048.008725849]: [Perception] Post 1: x=-0.31 y=-0.45 dist=0.55 m[0m
[01:44:09] [0m[INFO] [1779731048.358416174]: [Perception] Post 1: x=-0.30 y=-0.45 dist=0.54 m[0m
[01:44:09] [0m[INFO] [1779731048.658748208]: [Perception] Post 1: x=-0.31 y=-0.45 dist=0.55 m[0m
[01:44:24] [0m[INFO] [1779731049.007958962]: [Perception] Post 1: x=-0.31 y=-0.45 dist=0.54 m[0m
[01:44:24] [0m[INFO] [1779731049.307994641]: [Perception] Post 1: x=-0.30 y=-0.45 dist=0.54 m[0m
[01:44:24] [0m[INFO] [1779731049.608860696]: [Perception] Post 1: x=-0.31 y=-0.45 dist=0.55 m[0m
[01:44:24] [0m[INFO] [1779731049.958438159]: [Perception] Post 1: x=-0.30 y=-0.45 dist=0.54 m[0m
[01:44:24] [0m[INFO] [1779731050.308826618]: [Perception] Post 1: x=-0.31 y=-0.45 dist=0.55 m[0m
[01:44:24] [0m[INFO] [1779731050.657394090]: [Perception] Post 1: x=-0.31 y=-0.45 dist=0.54 m[0m
[01:44:24] [0m[INFO] [1779731050.958539527]: [Perception] Post 1: x=-0.31 y=-0.45 dist=0.55 m[0m
[01:44:24] [0m[INFO] [1779731051.307590374]: [Perception] Post 1: x=-0.31 y=-0.45 dist=0.54 m[0m
[01:44:24] [0m[INFO] [1779731051.608650867]: [Perception] Post 1: x=-0.30 y=-0.45 dist=0.54 m[0m
[01:44:24] [0m[INFO] [1779731051.958101188]: [Perception] Post 1: x=-0.30 y=-0.45 dist=0.54 m[0m
[01:44:24] [0m[INFO] [1779731052.258544565]: [Perception] Post 1: x=-0.31 y=-0.45 dist=0.54 m[0m
[01:44:24] [0m[INFO] [1779731052.559252867]: [Perception] Post 1: x=-0.31 y=-0.45 dist=0.54 m[0m
[01:44:24] [0m[INFO] [1779731052.908008577]: [Perception] Post 1: x=-0.30 y=-0.45 dist=0.54 m[0m
[01:44:24] [0m[INFO] [1779731053.208843073]: [Perception] Post 1: x=-0.30 y=-0.45 dist=0.54 m[0m
[01:44:24] [0m[INFO] [1779731053.557558600]: [Perception] Post 1: x=-0.31 y=-0.45 dist=0.54 m[0m
[01:44:24] [0m[INFO] [1779731053.858260389]: [Perception] Post 1: x=-0.30 y=-0.45 dist=0.54 m[0m
[01:44:24] [0m[INFO] [1779731054.208506785]: [Perception] Post 1: x=-0.31 y=-0.45 dist=0.54 m[0m
[01:44:24] [0m[INFO] [1779731054.558647189]: [Perception] Post 1: x=-0.30 y=-0.45 dist=0.54 m[0m
[01:44:24] [0m[INFO] [1779731054.908099130]: [Perception] Post 1: x=-0.31 y=-0.45 dist=0.55 m[0m
[01:44:24] [0m[INFO] [1779731055.209304704]: [Perception] Post 1: x=-0.31 y=-0.45 dist=0.54 m[0m
[01:44:24] [0m[INFO] [1779731055.558484698]: [Perception] Post 1: x=-0.30 y=-0.45 dist=0.54 m[0m
[01:44:24] [0m[INFO] [1779731055.908419507]: [Perception] Post 1: x=-0.31 y=-0.45 dist=0.54 m[0m
[01:44:24] [0m[INFO] [1779731056.259158700]: [Perception] Post 1: x=-0.31 y=-0.45 dist=0.54 m[0m
[01:44:24] [0m[INFO] [1779731056.609136159]: [Perception] Post 1: x=-0.30 y=-0.45 dist=0.54 m[0m
[01:44:24] [0m[INFO] [1779731056.957988615]: [Perception] Post 1: x=-0.30 y=-0.45 dist=0.54 m[0m
[01:44:24] [0m[INFO] [1779731057.258809689]: [Perception] Post 1: x=-0.31 y=-0.45 dist=0.54 m[0m
[01:44:24] [0m[INFO] [1779731057.608264417]: [Perception] Post 1: x=-0.30 y=-0.45 dist=0.54 m[0m
[01:44:24] [0m[INFO] [1779731057.908952101]: [Perception] Post 1: x=-0.31 y=-0.45 dist=0.54 m[0m
[01:44:24] [0m[INFO] [1779731058.258211155]: [Perception] Post 1: x=-0.30 y=-0.45 dist=0.54 m[0m
[01:44:24] [0m[INFO] [1779731058.558833618]: [Perception] Post 1: x=-0.30 y=-0.45 dist=0.54 m[0m
[01:44:24] [0m[INFO] [1779731058.859322351]: [Perception] Post 1: x=-0.31 y=-0.45 dist=0.55 m[0m
[01:44:24] [0m[INFO] [1779731059.208276847]: [Perception] Post 1: x=-0.30 y=-0.45 dist=0.54 m[0m
[01:44:24] [0m[INFO] [1779731059.509311140]: [Perception] Post 1: x=-0.31 y=-0.45 dist=0.55 m[0m
[01:44:24] [0m[INFO] [1779731059.858338317]: [Perception] Post 1: x=-0.30 y=-0.45 dist=0.54 m[0m
[01:44:24] [0m[INFO] [1779731060.159257800]: [Perception] Post 1: x=-0.31 y=-0.45 dist=0.54 m[0m
[01:44:24] [0m[INFO] [1779731060.508161641]: [Perception] Post 1: x=-0.30 y=-0.45 dist=0.54 m[0m
[01:44:24] [0m[INFO] [1779731060.808431425]: [Perception] Post 1: x=-0.30 y=-0.45 dist=0.54 m[0m
[01:44:24] [0m[INFO] [1779731061.158044850]: [Perception] Post 1: x=-0.30 y=-0.45 dist=0.54 m[0m
[01:44:24] [0m[INFO] [1779731061.458843868]: [Perception] Post 1: x=-0.30 y=-0.45 dist=0.54 m[0m
[01:44:24] [0m[INFO] [1779731061.807911776]: [Perception] Post 1: x=-0.30 y=-0.45 dist=0.54 m[0m
[01:44:24] [0m[INFO] [1779731062.157584313]: [Perception] Post 1: x=-0.31 y=-0.45 dist=0.54 m[0m
[01:44:24] [0m[INFO] [1779731062.458110108]: [Perception] Post 1: x=-0.31 y=-0.45 dist=0.55 m[0m
[01:44:24] [0m[INFO] [1779731062.758442815]: [Perception] Post 1: x=-0.30 y=-0.45 dist=0.54 m[0m
[01:44:24] [0m[INFO] [1779731063.109137717]: [Perception] Post 1: x=-0.30 y=-0.45 dist=0.54 m[0m
[01:44:24] [0m[INFO] [1779731063.458601407]: [Perception] Post 1: x=-0.31 y=-0.45 dist=0.54 m[0m
[01:44:24] [0m[INFO] [1779731063.758792027]: [Perception] Post 1: x=-0.30 y=-0.45 dist=0.54 m[0m
[01:44:24] [0m[INFO] [1779731064.108243406]: [Perception] Post 1: x=-0.31 y=-0.45 dist=0.55 m[0m
[01:44:39] [0m[INFO] [1779731064.408859563]: [Perception] Post 1: x=-0.31 y=-0.45 dist=0.54 m[0m
[01:44:39] [0m[INFO] [1779731064.758676006]: [Perception] Post 1: x=-0.30 y=-0.45 dist=0.54 m[0m
[01:44:39] [0m[INFO] [1779731065.058689796]: [Perception] Post 1: x=-0.30 y=-0.45 dist=0.54 m[0m
[01:44:39] [0m[INFO] [1779731065.407909830]: [Perception] Post 1: x=-0.30 y=-0.45 dist=0.54 m[0m
[01:44:39] [0m[INFO] [1779731065.708643009]: [Perception] Post 1: x=-0.31 y=-0.45 dist=0.55 m[0m
[01:44:39] [0m[INFO] [1779731066.009061299]: [Perception] Post 1: x=-0.30 y=-0.45 dist=0.54 m[0m
[01:44:39] [0m[INFO] [1779731066.358266802]: [Perception] Post 1: x=-0.30 y=-0.45 dist=0.54 m[0m
[01:44:39] [0m[INFO] [1779731066.659196470]: [Perception] Post 1: x=-0.30 y=-0.45 dist=0.54 m[0m
[01:44:39] [0m[INFO] [1779731067.008449304]: [Perception] Post 1: x=-0.31 y=-0.45 dist=0.54 m[0m
[01:44:39] [0m[INFO] [1779731067.360192953]: [Perception] Post 1: x=-0.30 y=-0.45 dist=0.54 m[0m
[01:44:39] [0m[INFO] [1779731067.708757298]: [Perception] Post 1: x=-0.31 y=-0.45 dist=0.54 m[0m
[01:44:39] [0m[INFO] [1779731068.057691319]: [Perception] Post 1: x=-0.31 y=-0.45 dist=0.54 m[0m
[01:44:39] [0m[INFO] [1779731068.358281919]: [Perception] Post 1: x=-0.31 y=-0.45 dist=0.54 m[0m
[01:44:39] [0m[INFO] [1779731068.658827725]: [Perception] Post 1: x=-0.31 y=-0.45 dist=0.55 m[0m
[01:44:39] [0m[INFO] [1779731069.008382136]: [Perception] Post 1: x=-0.30 y=-0.45 dist=0.54 m[0m
[01:44:39] [0m[INFO] [1779731069.358427686]: [Perception] Post 1: x=-0.30 y=-0.45 dist=0.54 m[0m
[01:44:39] [0m[INFO] [1779731069.708477264]: [Perception] Post 1: x=-0.30 y=-0.45 dist=0.54 m[0m
[01:44:39] [0m[INFO] [1779731070.059269170]: [Perception] Post 1: x=-0.31 y=-0.45 dist=0.54 m[0m
[01:44:39] [0m[INFO] [1779731070.408934715]: [Perception] Post 1: x=-0.31 y=-0.45 dist=0.54 m[0m
[01:44:39] [0m[INFO] [1779731070.709255707]: [Perception] Post 1: x=-0.30 y=-0.45 dist=0.54 m[0m
[01:44:39] [0m[INFO] [1779731071.058798780]: [Perception] Post 1: x=-0.31 y=-0.45 dist=0.54 m[0m
[01:44:39] [0m[INFO] [1779731071.358906838]: [Perception] Post 1: x=-0.30 y=-0.45 dist=0.54 m[0m
[01:44:39] [0m[INFO] [1779731071.707997228]: [Perception] Post 1: x=-0.30 y=-0.45 dist=0.54 m[0m
[01:44:39] [0m[INFO] [1779731072.008730593]: [Perception] Post 1: x=-0.31 y=-0.45 dist=0.54 m[0m
[01:44:39] [0m[INFO] [1779731072.358160275]: [Perception] Post 1: x=-0.31 y=-0.45 dist=0.54 m[0m
[01:44:39] [0m[INFO] [1779731072.708858893]: [Perception] Post 1: x=-0.30 y=-0.45 dist=0.54 m[0m
[01:44:39] [0m[INFO] [1779731073.058205620]: [Perception] Post 1: x=-0.30 y=-0.45 dist=0.54 m[0m
[01:44:39] [0m[INFO] [1779731073.358383959]: [Perception] Post 1: x=-0.30 y=-0.45 dist=0.54 m[0m
[01:44:39] [0m[INFO] [1779731073.659102681]: [Perception] Post 1: x=-0.31 y=-0.45 dist=0.54 m[0m
[01:44:39] [0m[INFO] [1779731074.008748317]: [Perception] Post 1: x=-0.30 y=-0.45 dist=0.54 m[0m
[01:44:39] [0m[INFO] [1779731074.309012879]: [Perception] Post 1: x=-0.30 y=-0.45 dist=0.54 m[0m
[01:44:39] [0m[INFO] [1779731074.657818583]: [Perception] Post 1: x=-0.30 y=-0.45 dist=0.54 m[0m
[01:44:39] [0m[INFO] [1779731074.957829611]: [Perception] Post 1: x=-0.30 y=-0.45 dist=0.54 m[0m
[01:44:39] [0m[INFO] [1779731075.257847206]: [Perception] Post 1: x=-0.30 y=-0.45 dist=0.54 m[0m
[01:44:39] [0m[INFO] [1779731075.558550206]: [Perception] Post 1: x=-0.31 y=-0.45 dist=0.54 m[0m
[01:44:39] [0m[INFO] [1779731075.908247265]: [Perception] Post 1: x=-0.30 y=-0.45 dist=0.54 m[0m
[01:44:39] [0m[INFO] [1779731076.257647619]: [Perception] Post 1: x=-0.31 y=-0.45 dist=0.54 m[0m
[01:44:39] [0m[INFO] [1779731076.559075664]: [Perception] Post 1: x=-0.30 y=-0.45 dist=0.54 m[0m
[01:44:39] [0m[INFO] [1779731076.908946919]: [Perception] Post 1: x=-0.30 y=-0.45 dist=0.54 m[0m
[01:44:39] [0m[INFO] [1779731077.209157606]: [Perception] Post 1: x=-0.31 y=-0.45 dist=0.54 m[0m
[01:44:39] [0m[INFO] [1779731077.558649726]: [Perception] Post 1: x=-0.31 y=-0.45 dist=0.54 m[0m
[01:44:39] [0m[INFO] [1779731077.859151379]: [Perception] Post 1: x=-0.30 y=-0.45 dist=0.54 m[0m
[01:44:39] [0m[INFO] [1779731078.208604941]: [Perception] Post 1: x=-0.31 y=-0.45 dist=0.54 m[0m
[01:44:39] [0m[INFO] [1779731078.508767720]: [Perception] Post 1: x=-0.30 y=-0.45 dist=0.54 m[0m
[01:44:39] [0m[INFO] [1779731078.857939829]: [Perception] Post 1: x=-0.31 y=-0.45 dist=0.54 m[0m
[01:44:39] [0m[INFO] [1779731079.158216916]: [Perception] Post 1: x=-0.30 y=-0.45 dist=0.54 m[0m
[01:44:39] [0m[INFO] [1779731079.459144431]: [Perception] Post 1: x=-0.30 y=-0.45 dist=0.54 m[0m
[01:44:54] [0m[INFO] [1779731079.808699227]: [Perception] Post 1: x=-0.31 y=-0.45 dist=0.54 m[0m
[01:44:54] [0m[INFO] [1779731080.108739260]: [Perception] Post 1: x=-0.31 y=-0.45 dist=0.54 m[0m
[01:44:54] [0m[INFO] [1779731080.457445249]: [Perception] Post 1: x=-0.31 y=-0.45 dist=0.54 m[0m
[01:44:54] [0m[INFO] [1779731080.757684179]: [Perception] Post 1: x=-0.31 y=-0.45 dist=0.54 m[0m
[01:44:54] [0m[INFO] [1779731081.058542902]: [Perception] Post 1: x=-0.31 y=-0.45 dist=0.54 m[0m
[01:44:54] [0m[INFO] [1779731081.409033708]: [Perception] Post 1: x=-0.30 y=-0.45 dist=0.54 m[0m
[01:44:54] [0m[INFO] [1779731081.709245084]: [Perception] Post 1: x=-0.31 y=-0.45 dist=0.55 m[0m
[01:44:54] [0m[INFO] [1779731082.058637816]: [Perception] Post 1: x=-0.30 y=-0.45 dist=0.54 m[0m
[01:44:54] [0m[INFO] [1779731082.358615951]: [Perception] Post 1: x=-0.30 y=-0.45 dist=0.54 m[0m
[01:44:54] [0m[INFO] [1779731082.708650764]: [Perception] Post 1: x=-0.31 y=-0.45 dist=0.54 m[0m
[01:44:54] [0m[INFO] [1779731083.009205529]: [Perception] Post 1: x=-0.30 y=-0.45 dist=0.54 m[0m
[01:44:54] [0m[INFO] [1779731083.309233536]: [Perception] Post 1: x=-0.30 y=-0.45 dist=0.54 m[0m
[01:44:54] [0m[INFO] [1779731083.658136189]: [Perception] Post 1: x=-0.30 y=-0.45 dist=0.54 m[0m
[01:44:54] [0m[INFO] [1779731084.007665621]: [Perception] Post 1: x=-0.30 y=-0.45 dist=0.54 m[0m
[01:44:54] [0m[INFO] [1779731084.308598719]: [Perception] Post 1: x=-0.30 y=-0.45 dist=0.54 m[0m
[01:44:54] [0m[INFO] [1779731084.657232494]: [Perception] Post 1: x=-0.31 y=-0.45 dist=0.55 m[0m
[01:44:54] [0m[INFO] [1779731084.958528029]: [Perception] Post 1: x=-0.31 y=-0.45 dist=0.54 m[0m
[01:44:54] [0m[INFO] [1779731085.307746447]: [Perception] Post 1: x=-0.31 y=-0.45 dist=0.54 m[0m
[01:44:54] [0m[INFO] [1779731085.607830201]: [Perception] Post 1: x=-0.30 y=-0.45 dist=0.54 m[0m
[01:44:54] [0m[INFO] [1779731085.908528413]: [Perception] Post 1: x=-0.30 y=-0.45 dist=0.54 m[0m
[01:44:54] [0m[INFO] [1779731086.209286854]: [Perception] Post 1: x=-0.31 y=-0.45 dist=0.54 m[0m
[01:44:54] [0m[INFO] [1779731086.558312840]: [Perception] Post 1: x=-0.31 y=-0.45 dist=0.54 m[0m
[01:44:54] [0m[INFO] [1779731086.859345080]: [Perception] Post 1: x=-0.30 y=-0.45 dist=0.54 m[0m
[01:44:54] [0m[INFO] [1779731087.208266857]: [Perception] Post 1: x=-0.30 y=-0.45 dist=0.54 m[0m
[01:44:54] [0m[INFO] [1779731087.559321228]: [Perception] Post 1: x=-0.31 y=-0.45 dist=0.54 m[0m
[01:44:54] [0m[INFO] [1779731087.908070855]: [Perception] Post 1: x=-0.31 y=-0.45 dist=0.54 m[0m
[01:44:54] [0m[INFO] [1779731088.208953705]: [Perception] Post 1: x=-0.30 y=-0.45 dist=0.54 m[0m
[01:44:54] [0m[INFO] [1779731088.558272280]: [Perception] Post 1: x=-0.30 y=-0.45 dist=0.54 m[0m
[01:44:54] [0m[INFO] [1779731088.859062206]: [Perception] Post 1: x=-0.31 y=-0.45 dist=0.54 m[0m
[01:44:54] [0m[INFO] [1779731089.159187504]: [Perception] Post 1: x=-0.31 y=-0.45 dist=0.54 m[0m
[01:44:54] [0m[INFO] [1779731089.508895907]: [Perception] Post 1: x=-0.30 y=-0.45 dist=0.54 m[0m
[01:44:54] [0m[INFO] [1779731089.858011452]: [Perception] Post 1: x=-0.30 y=-0.45 dist=0.54 m[0m
[01:44:54] [0m[INFO] [1779731090.159077847]: [Perception] Post 1: x=-0.31 y=-0.45 dist=0.54 m[0m
[01:44:54] [0m[INFO] [1779731090.507521574]: [Perception] Post 1: x=-0.30 y=-0.45 dist=0.54 m[0m
[01:44:54] [0m[INFO] [1779731090.807935947]: [Perception] Post 1: x=-0.31 y=-0.45 dist=0.54 m[0m
[01:44:54] [0m[INFO] [1779731091.109077935]: [Perception] Post 1: x=-0.30 y=-0.45 dist=0.54 m[0m
[01:44:54] [0m[INFO] [1779731091.409358111]: [Perception] Post 1: x=-0.30 y=-0.45 dist=0.54 m[0m
[01:44:54] [0m[INFO] [1779731091.759097916]: [Perception] Post 1: x=-0.31 y=-0.45 dist=0.54 m[0m
[01:44:54] [0m[INFO] [1779731092.107975947]: [Perception] Post 1: x=-0.30 y=-0.45 dist=0.54 m[0m
[01:44:54] [0m[INFO] [1779731092.408464992]: [Perception] Post 1: x=-0.30 y=-0.45 dist=0.54 m[0m
[01:44:54] [0m[INFO] [1779731092.709047407]: [Perception] Post 1: x=-0.31 y=-0.45 dist=0.54 m[0m
[01:44:54] [0m[INFO] [1779731093.057211942]: [Perception] Post 1: x=-0.31 y=-0.45 dist=0.54 m[0m
[01:44:54] [0m[INFO] [1779731093.358485483]: [Perception] Post 1: x=-0.31 y=-0.45 dist=0.54 m[0m
[01:44:54] [0m[INFO] [1779731093.708552163]: [Perception] Post 1: x=-0.30 y=-0.45 dist=0.54 m[0m
[01:44:54] [0m[INFO] [1779731094.059093209]: [Perception] Post 1: x=-0.30 y=-0.45 dist=0.54 m[0m
[01:44:54] [0m[INFO] [1779731094.408240787]: [Perception] Post 1: x=-0.31 y=-0.45 dist=0.54 m[0m
[01:45:10] [0m[INFO] [1779731094.708373493]: [Perception] Post 1: x=-0.31 y=-0.45 dist=0.54 m[0m
[01:45:10] [0m[INFO] [1779731095.057946810]: [Perception] Post 1: x=-0.30 y=-0.45 dist=0.54 m[0m
[01:45:10] [0m[INFO] [1779731095.358187094]: [Perception] Post 1: x=-0.30 y=-0.45 dist=0.54 m[0m
[01:45:10] [0m[INFO] [1779731095.707591907]: [Perception] Post 1: x=-0.31 y=-0.45 dist=0.54 m[0m
[01:45:10] [0m[INFO] [1779731096.007961936]: [Perception] Post 1: x=-0.30 y=-0.45 dist=0.54 m[0m
[01:45:10] [0m[INFO] [1779731096.308235148]: [Perception] Post 1: x=-0.31 y=-0.45 dist=0.54 m[0m
[01:45:10] [0m[INFO] [1779731096.658575692]: [Perception] Post 1: x=-0.30 y=-0.45 dist=0.54 m[0m
[01:45:10] [0m[INFO] [1779731097.009395639]: [Perception] Post 1: x=-0.31 y=-0.45 dist=0.54 m[0m
[01:45:10] [0m[INFO] [1779731097.357541028]: [Perception] Post 1: x=-0.30 y=-0.45 dist=0.54 m[0m
[01:45:10] [0m[INFO] [1779731097.658454103]: [Perception] Post 1: x=-0.30 y=-0.45 dist=0.54 m[0m
[01:45:10] [0m[INFO] [1779731098.008518500]: [Perception] Post 1: x=-0.31 y=-0.45 dist=0.54 m[0m
[01:45:10] [0m[INFO] [1779731098.359244026]: [Perception] Post 1: x=-0.31 y=-0.45 dist=0.54 m[0m
[01:45:10] [0m[INFO] [1779731098.708309014]: [Perception] Post 1: x=-0.30 y=-0.45 dist=0.54 m[0m
[01:45:10] [0m[INFO] [1779731099.008438199]: [Perception] Post 1: x=-0.31 y=-0.45 dist=0.54 m[0m
[01:45:10] [0m[INFO] [1779731099.358310556]: [Perception] Post 1: x=-0.31 y=-0.45 dist=0.54 m[0m
[01:45:10] [0m[INFO] [1779731099.707528691]: [Perception] Post 1: x=-0.30 y=-0.45 dist=0.54 m[0m
[01:45:10] [0m[INFO] [1779731100.058596821]: [Perception] Post 1: x=-0.31 y=-0.45 dist=0.54 m[0m
[01:45:10] [0m[INFO] [1779731100.407749494]: [Perception] Post 1: x=-0.30 y=-0.45 dist=0.54 m[0m
[01:45:10] [0m[INFO] [1779731100.708897781]: [Perception] Post 1: x=-0.31 y=-0.45 dist=0.54 m[0m
[01:45:10] [0m[INFO] [1779731101.008981670]: [Perception] Post 1: x=-0.30 y=-0.45 dist=0.54 m[0m
[01:45:10] [0m[INFO] [1779731101.358110945]: [Perception] Post 1: x=-0.30 y=-0.45 dist=0.54 m[0m
[01:45:10] [0m[INFO] [1779731101.709293659]: [Perception] Post 1: x=-0.31 y=-0.45 dist=0.54 m[0m
[01:45:10] [0m[INFO] [1779731102.058361586]: [Perception] Post 1: x=-0.30 y=-0.45 dist=0.54 m[0m
[01:45:10] [0m[INFO] [1779731102.358472879]: [Perception] Post 1: x=-0.30 y=-0.45 dist=0.54 m[0m
[01:45:10] [0m[INFO] [1779731102.708242265]: [Perception] Post 1: x=-0.31 y=-0.45 dist=0.55 m[0m
[01:45:10] [0m[INFO] [1779731103.008647124]: [Perception] Post 1: x=-0.31 y=-0.45 dist=0.55 m[0m
[01:45:10] [0m[INFO] [1779731103.357512350]: [Perception] Post 1: x=-0.30 y=-0.45 dist=0.54 m[0m
[01:45:10] [0m[INFO] [1779731103.658467847]: [Perception] Post 1: x=-0.31 y=-0.45 dist=0.54 m[0m
[01:45:10] [0m[INFO] [1779731104.008448193]: [Perception] Post 1: x=-0.31 y=-0.45 dist=0.54 m[0m
[01:45:10] [0m[INFO] [1779731104.308503244]: [Perception] Post 1: x=-0.31 y=-0.45 dist=0.54 m[0m
[01:45:10] [0m[INFO] [1779731104.608995126]: [Perception] Post 1: x=-0.31 y=-0.45 dist=0.54 m[0m
[01:45:10] [0m[INFO] [1779731104.958358575]: [Perception] Post 1: x=-0.31 y=-0.45 dist=0.55 m[0m
[01:45:10] [0m[INFO] [1779731105.259095977]: [Perception] Post 1: x=-0.31 y=-0.45 dist=0.54 m[0m
[01:45:10] [0m[INFO] [1779731105.608551222]: [Perception] Post 1: x=-0.31 y=-0.45 dist=0.54 m[0m
[01:45:10] [0m[INFO] [1779731105.957264857]: [Perception] Post 1: x=-0.31 y=-0.45 dist=0.55 m[0m
[01:45:10] [0m[INFO] [1779731106.258447832]: [Perception] Post 1: x=-0.30 y=-0.45 dist=0.54 m[0m
[01:45:10] [0m[INFO] [1779731106.609131418]: [Perception] Post 1: x=-0.30 y=-0.45 dist=0.54 m[0m
[01:45:10] [0m[INFO] [1779731106.957708928]: [Perception] Post 1: x=-0.31 y=-0.45 dist=0.54 m[0m
[01:45:10] [0m[INFO] [1779731107.258200435]: [Perception] Post 1: x=-0.31 y=-0.45 dist=0.54 m[0m
[01:45:10] [0m[INFO] [1779731107.608104466]: [Perception] Post 1: x=-0.30 y=-0.45 dist=0.54 m[0m
[01:45:10] [0m[INFO] [1779731107.908514469]: [Perception] Post 1: x=-0.31 y=-0.45 dist=0.54 m[0m
[01:45:10] [0m[INFO] [1779731108.257995773]: [Perception] Post 1: x=-0.31 y=-0.45 dist=0.54 m[0m
[01:45:10] [0m[INFO] [1779731108.558333807]: [Perception] Post 1: x=-0.30 y=-0.45 dist=0.54 m[0m
[01:45:10] [0m[INFO] [1779731108.908265616]: [Perception] Post 1: x=-0.30 y=-0.45 dist=0.54 m[0m
[01:45:10] [0m[INFO] [1779731109.208588168]: [Perception] Post 1: x=-0.31 y=-0.45 dist=0.54 m[0m
[01:45:10] [0m[INFO] [1779731109.508772795]: [Perception] Post 1: x=-0.31 y=-0.45 dist=0.54 m[0m
[01:45:10] [0m[INFO] [1779731109.858467725]: [Perception] Post 1: x=-0.30 y=-0.45 dist=0.54 m[0m
[01:45:25] [0m[INFO] [1779731110.158655083]: [Perception] Post 1: x=-0.31 y=-0.45 dist=0.54 m[0m
[01:45:25] [0m[INFO] [1779731110.459192576]: [Perception] Post 1: x=-0.31 y=-0.45 dist=0.54 m[0m
[01:45:25] [0m[INFO] [1779731110.808538851]: [Perception] Post 1: x=-0.30 y=-0.45 dist=0.54 m[0m
[01:45:25] [0m[INFO] [1779731111.157832754]: [Perception] Post 1: x=-0.31 y=-0.45 dist=0.54 m[0m
[01:45:25] [0m[INFO] [1779731111.458437740]: [Perception] Post 1: x=-0.31 y=-0.45 dist=0.55 m[0m
[01:45:25] [0m[INFO] [1779731111.758622543]: [Perception] Post 1: x=-0.30 y=-0.45 dist=0.54 m[0m
[01:45:25] [0m[INFO] [1779731112.108467045]: [Perception] Post 1: x=-0.31 y=-0.45 dist=0.54 m[0m
[01:45:25] [0m[INFO] [1779731112.458267972]: [Perception] Post 1: x=-0.30 y=-0.45 dist=0.54 m[0m
[01:45:25] [0m[INFO] [1779731112.807711147]: [Perception] Post 1: x=-0.31 y=-0.45 dist=0.54 m[0m
[01:45:25] [0m[INFO] [1779731113.108178742]: [Perception] Post 1: x=-0.31 y=-0.45 dist=0.54 m[0m
[01:45:25] [0m[INFO] [1779731113.458218377]: [Perception] Post 1: x=-0.31 y=-0.45 dist=0.54 m[0m
[01:45:25] [0m[INFO] [1779731113.807998618]: [Perception] Post 1: x=-0.30 y=-0.45 dist=0.54 m[0m
[01:45:25] [0m[INFO] [1779731114.108568202]: [Perception] Post 1: x=-0.31 y=-0.45 dist=0.54 m[0m
[01:45:25] [0m[INFO] [1779731114.458182858]: [Perception] Post 1: x=-0.31 y=-0.45 dist=0.55 m[0m
[01:45:25] [0m[INFO] [1779731114.808514934]: [Perception] Post 1: x=-0.31 y=-0.45 dist=0.54 m[0m
[01:45:25] [0m[INFO] [1779731115.158349415]: [Perception] Post 1: x=-0.30 y=-0.45 dist=0.54 m[0m
[01:45:25] [0m[INFO] [1779731115.508392262]: [Perception] Post 1: x=-0.31 y=-0.45 dist=0.55 m[0m
[01:45:25] [0m[INFO] [1779731115.809214739]: [Perception] Post 1: x=-0.31 y=-0.45 dist=0.54 m[0m
[01:45:25] [0m[INFO] [1779731116.158047985]: [Perception] Post 1: x=-0.31 y=-0.45 dist=0.54 m[0m
[01:45:25] [0m[INFO] [1779731116.458430601]: [Perception] Post 1: x=-0.30 y=-0.45 dist=0.54 m[0m
[01:45:25] [0m[INFO] [1779731116.758469674]: [Perception] Post 1: x=-0.31 y=-0.45 dist=0.55 m[0m
[01:45:25] [0m[INFO] [1779731117.108587842]: [Perception] Post 1: x=-0.31 y=-0.45 dist=0.54 m[0m
[01:45:25] [0m[INFO] [1779731117.457727971]: [Perception] Post 1: x=-0.31 y=-0.45 dist=0.54 m[0m
[01:45:25] [0m[INFO] [1779731117.758505367]: [Perception] Post 1: x=-0.31 y=-0.45 dist=0.54 m[0m
[01:45:25] [0m[INFO] [1779731118.058530841]: [Perception] Post 1: x=-0.31 y=-0.45 dist=0.55 m[0m
[01:45:25] [0m[INFO] [1779731118.408219117]: [Perception] Post 1: x=-0.31 y=-0.45 dist=0.54 m[0m
[01:45:25] [0m[INFO] [1779731118.709374568]: [Perception] Post 1: x=-0.31 y=-0.45 dist=0.54 m[0m
[01:45:25] [0m[INFO] [1779731119.057978050]: [Perception] Post 1: x=-0.30 y=-0.45 dist=0.54 m[0m
[01:45:25] [0m[INFO] [1779731119.358339461]: [Perception] Post 1: x=-0.31 y=-0.45 dist=0.54 m[0m
[01:45:25] [0m[INFO] [1779731119.659385566]: [Perception] Post 1: x=-0.30 y=-0.45 dist=0.54 m[0m
[01:45:25] [0m[INFO] [1779731120.008329825]: [Perception] Post 1: x=-0.31 y=-0.45 dist=0.54 m[0m
[01:45:25] [0m[INFO] [1779731120.308486255]: [Perception] Post 1: x=-0.30 y=-0.45 dist=0.54 m[0m
[01:45:25] [0m[INFO] [1779731120.658280286]: [Perception] Post 1: x=-0.31 y=-0.45 dist=0.54 m[0m
[01:45:25] [0m[INFO] [1779731120.959154652]: [Perception] Post 1: x=-0.31 y=-0.45 dist=0.54 m[0m
[01:45:25] [0m[INFO] [1779731121.307705750]: [Perception] Post 1: x=-0.30 y=-0.45 dist=0.54 m[0m
[01:45:25] [0m[INFO] [1779731121.657678870]: [Perception] Post 1: x=-0.31 y=-0.45 dist=0.55 m[0m
[01:45:25] [0m[INFO] [1779731121.957910761]: [Perception] Post 1: x=-0.30 y=-0.45 dist=0.54 m[0m
[01:45:25] [0m[INFO] [1779731122.259024002]: [Perception] Post 1: x=-0.31 y=-0.45 dist=0.54 m[0m
[01:45:25] [0m[INFO] [1779731122.608156448]: [Perception] Post 1: x=-0.31 y=-0.45 dist=0.54 m[0m
[01:45:25] [0m[INFO] [1779731122.908306520]: [Perception] Post 1: x=-0.31 y=-0.45 dist=0.54 m[0m
[01:45:25] [0m[INFO] [1779731123.208482129]: [Perception] Post 1: x=-0.31 y=-0.45 dist=0.54 m[0m
[01:45:25] [0m[INFO] [1779731123.557799310]: [Perception] Post 1: x=-0.30 y=-0.45 dist=0.54 m[0m
[01:45:25] [0m[INFO] [1779731123.858014583]: [Perception] Post 1: x=-0.31 y=-0.45 dist=0.54 m[0m
[01:45:25] [0m[INFO] [1779731124.158566944]: [Perception] Post 1: x=-0.30 y=-0.45 dist=0.54 m[0m
[01:45:25] [0m[INFO] [1779731124.508354587]: [Perception] Post 1: x=-0.30 y=-0.45 dist=0.54 m[0m
[01:45:25] [0m[INFO] [1779731124.858176816]: [Perception] Post 1: x=-0.31 y=-0.45 dist=0.54 m[0m
[01:45:40] [0m[INFO] [1779731125.158494795]: [Perception] Post 1: x=-0.30 y=-0.45 dist=0.54 m[0m
[01:45:40] [0m[INFO] [1779731125.459206746]: [Perception] Post 1: x=-0.30 y=-0.45 dist=0.54 m[0m
[01:45:40] [0m[INFO] [1779731125.808226004]: [Perception] Post 1: x=-0.31 y=-0.45 dist=0.54 m[0m
[01:45:40] [0m[INFO] [1779731126.157991148]: [Perception] Post 1: x=-0.30 y=-0.45 dist=0.54 m[0m
[01:45:40] [0m[INFO] [1779731126.458064689]: [Perception] Post 1: x=-0.30 y=-0.45 dist=0.54 m[0m
[01:45:40] [0m[INFO] [1779731126.808178762]: [Perception] Post 1: x=-0.31 y=-0.45 dist=0.54 m[0m
[01:45:40] [0m[INFO] [1779731127.158213793]: [Perception] Post 1: x=-0.30 y=-0.45 dist=0.55 m[0m
[01:45:40] [0m[INFO] [1779731127.458447660]: [Perception] Post 1: x=-0.30 y=-0.45 dist=0.54 m[0m
[01:45:40] [0m[INFO] [1779731127.807735882]: [Perception] Post 1: x=-0.30 y=-0.45 dist=0.54 m[0m
[01:45:40] [0m[INFO] [1779731128.158480969]: [Perception] Post 1: x=-0.31 y=-0.45 dist=0.54 m[0m
[01:45:40] [0m[INFO] [1779731128.507917724]: [Perception] Post 1: x=-0.30 y=-0.45 dist=0.54 m[0m
[01:45:40] [0m[INFO] [1779731128.857508167]: [Perception] Post 1: x=-0.30 y=-0.45 dist=0.54 m[0m
[01:45:40] [0m[INFO] [1779731129.158429698]: [Perception] Post 1: x=-0.30 y=-0.45 dist=0.54 m[0m
[01:45:40] [0m[INFO] [1779731129.508714248]: [Perception] Post 1: x=-0.31 y=-0.45 dist=0.54 m[0m
[01:45:40] [0m[INFO] [1779731129.858400089]: [Perception] Post 1: x=-0.31 y=-0.45 dist=0.54 m[0m
[01:45:40] [0m[INFO] [1779731130.158574891]: [Perception] Post 1: x=-0.31 y=-0.45 dist=0.54 m[0m
[01:45:40] [0m[INFO] [1779731130.508402332]: [Perception] Post 1: x=-0.31 y=-0.45 dist=0.54 m[0m
[01:45:40] [0m[INFO] [1779731130.858523941]: [Perception] Post 1: x=-0.30 y=-0.45 dist=0.54 m[0m
[01:45:40] [0m[INFO] [1779731131.207782866]: [Perception] Post 1: x=-0.30 y=-0.45 dist=0.54 m[0m
[01:45:40] [0m[INFO] [1779731131.508920864]: [Perception] Post 1: x=-0.31 y=-0.45 dist=0.54 m[0m
[01:45:40] [0m[INFO] [1779731131.857475832]: [Perception] Post 1: x=-0.30 y=-0.45 dist=0.54 m[0m
[01:45:40] [0m[INFO] [1779731132.158917336]: [Perception] Post 1: x=-0.31 y=-0.45 dist=0.54 m[0m
[01:45:40] [0m[INFO] [1779731132.507550847]: [Perception] Post 1: x=-0.31 y=-0.45 dist=0.55 m[0m
[01:45:40] [0m[INFO] [1779731132.808602147]: [Perception] Post 1: x=-0.31 y=-0.45 dist=0.54 m[0m
[01:45:40] [0m[INFO] [1779731133.157828315]: [Perception] Post 1: x=-0.31 y=-0.45 dist=0.54 m[0m
[01:45:40] [0m[INFO] [1779731133.508925658]: [Perception] Post 1: x=-0.31 y=-0.45 dist=0.55 m[0m
[01:45:40] [0m[INFO] [1779731133.857956297]: [Perception] Post 1: x=-0.30 y=-0.45 dist=0.54 m[0m
[01:45:40] [0m[INFO] [1779731134.158488565]: [Perception] Post 1: x=-0.30 y=-0.45 dist=0.54 m[0m
[01:45:40] [0m[INFO] [1779731134.509112923]: [Perception] Post 1: x=-0.31 y=-0.45 dist=0.55 m[0m
[01:45:40] [0m[INFO] [1779731134.857746994]: [Perception] Post 1: x=-0.30 y=-0.45 dist=0.54 m[0m
[01:45:40] [0m[INFO] [1779731135.157941003]: [Perception] Post 1: x=-0.31 y=-0.45 dist=0.54 m[0m
[01:45:40] [0m[INFO] [1779731135.507524221]: [Perception] Post 1: x=-0.31 y=-0.45 dist=0.54 m[0m
[01:45:40] [0m[INFO] [1779731135.808937052]: [Perception] Post 1: x=-0.31 y=-0.45 dist=0.54 m[0m
[01:45:40] [0m[INFO] [1779731136.157662808]: [Perception] Post 1: x=-0.30 y=-0.45 dist=0.54 m[0m
[01:45:40] [0m[INFO] [1779731136.507526821]: [Perception] Post 1: x=-0.30 y=-0.45 dist=0.54 m[0m
[01:45:40] [0m[INFO] [1779731136.807917871]: [Perception] Post 1: x=-0.30 y=-0.45 dist=0.54 m[0m
[01:45:40] [0m[INFO] [1779731137.158312905]: [Perception] Post 1: x=-0.30 y=-0.45 dist=0.54 m[0m
[01:45:40] [0m[INFO] [1779731137.507732610]: [Perception] Post 1: x=-0.30 y=-0.45 dist=0.54 m[0m
[01:45:40] [0m[INFO] [1779731137.858777712]: [Perception] Post 1: x=-0.31 y=-0.45 dist=0.54 m[0m
[01:45:40] [0m[INFO] [1779731138.207485036]: [Perception] Post 1: x=-0.31 y=-0.45 dist=0.54 m[0m
[01:45:40] [0m[INFO] [1779731138.507883883]: [Perception] Post 1: x=-0.30 y=-0.45 dist=0.54 m[0m
[01:45:40] [0m[INFO] [1779731138.808025221]: [Perception] Post 1: x=-0.31 y=-0.45 dist=0.54 m[0m
[01:45:40] [0m[INFO] [1779731139.108335234]: [Perception] Post 1: x=-0.31 y=-0.45 dist=0.55 m[0m
[01:45:40] [0m[INFO] [1779731139.457727468]: [Perception] Post 1: x=-0.31 y=-0.45 dist=0.54 m[0m
[01:45:40] [0m[INFO] [1779731139.807308131]: [Perception] Post 1: x=-0.31 y=-0.45 dist=0.54 m[0m
[01:45:40] [0m[INFO] [1779731140.107941560]: [Perception] Post 1: x=-0.30 y=-0.45 dist=0.54 m[0m
[01:45:40] [0m[INFO] [1779731140.408558818]: [Perception] Post 1: x=-0.30 y=-0.45 dist=0.54 m[0m
[01:45:56] [0m[INFO] [1779731140.758252598]: [Perception] Post 1: x=-0.31 y=-0.45 dist=0.54 m[0m
[01:45:56] [0m[INFO] [1779731141.107973021]: [Perception] Post 1: x=-0.30 y=-0.45 dist=0.54 m[0m
[01:45:56] [0m[INFO] [1779731141.408513858]: [Perception] Post 1: x=-0.30 y=-0.45 dist=0.54 m[0m
[01:45:56] [0m[INFO] [1779731141.757330947]: [Perception] Post 1: x=-0.30 y=-0.45 dist=0.54 m[0m
[01:45:56] [0m[INFO] [1779731142.058557561]: [Perception] Post 1: x=-0.31 y=-0.45 dist=0.54 m[0m
[01:45:56] [0m[INFO] [1779731142.408001444]: [Perception] Post 1: x=-0.31 y=-0.45 dist=0.54 m[0m
[01:45:56] [0m[INFO] [1779731142.708572178]: [Perception] Post 1: x=-0.30 y=-0.45 dist=0.54 m[0m
[01:45:56] [0m[INFO] [1779731143.058013813]: [Perception] Post 1: x=-0.30 y=-0.45 dist=0.54 m[0m
[01:45:56] [0m[INFO] [1779731143.359303047]: [Perception] Post 1: x=-0.31 y=-0.45 dist=0.54 m[0m
[01:45:56] [0m[INFO] [1779731143.707338955]: [Perception] Post 1: x=-0.31 y=-0.45 dist=0.55 m[0m
[01:45:56] [0m[INFO] [1779731144.008562400]: [Perception] Post 1: x=-0.30 y=-0.45 dist=0.54 m[0m
[01:45:56] [0m[INFO] [1779731144.358120169]: [Perception] Post 1: x=-0.31 y=-0.45 dist=0.55 m[0m
[01:45:56] [0m[INFO] [1779731144.708588197]: [Perception] Post 1: x=-0.31 y=-0.45 dist=0.55 m[0m
[01:45:56] [0m[INFO] [1779731145.057340894]: [Perception] Post 1: x=-0.30 y=-0.45 dist=0.54 m[0m
[01:45:56] [0m[INFO] [1779731145.358377368]: [Perception] Post 1: x=-0.30 y=-0.45 dist=0.54 m[0m
[01:45:56] [0m[INFO] [1779731145.707687232]: [Perception] Post 1: x=-0.31 y=-0.45 dist=0.55 m[0m
[01:45:56] [0m[INFO] [1779731146.058492734]: [Perception] Post 1: x=-0.30 y=-0.45 dist=0.54 m[0m
[01:45:56] [0m[INFO] [1779731146.409081563]: [Perception] Post 1: x=-0.31 y=-0.45 dist=0.54 m[0m
[01:45:56] [0m[INFO] [1779731146.757654075]: [Perception] Post 1: x=-0.31 y=-0.45 dist=0.54 m[0m
[01:45:56] [0m[INFO] [1779731147.057809224]: [Perception] Post 1: x=-0.30 y=-0.45 dist=0.54 m[0m
[01:45:56] [0m[INFO] [1779731147.407366283]: [Perception] Post 1: x=-0.30 y=-0.45 dist=0.54 m[0m
[01:45:56] [0m[INFO] [1779731147.709054891]: [Perception] Post 1: x=-0.31 y=-0.45 dist=0.54 m[0m
[01:45:56] [0m[INFO] [1779731148.059181806]: [Perception] Post 1: x=-0.31 y=-0.45 dist=0.54 m[0m
[01:45:56] [0m[INFO] [1779731148.407802235]: [Perception] Post 1: x=-0.30 y=-0.45 dist=0.54 m[0m
[01:45:56] [0m[INFO] [1779731148.757867740]: [Perception] Post 1: x=-0.31 y=-0.45 dist=0.54 m[0m
[01:45:56] [0m[INFO] [1779731149.057904874]: [Perception] Post 1: x=-0.30 y=-0.45 dist=0.54 m[0m
[01:45:56] [0m[INFO] [1779731149.407489006]: [Perception] Post 1: x=-0.31 y=-0.45 dist=0.54 m[0m
[01:45:56] [0m[INFO] [1779731149.707736203]: [Perception] Post 1: x=-0.31 y=-0.45 dist=0.54 m[0m
[01:45:56] [0m[INFO] [1779731150.008403984]: [Perception] Post 1: x=-0.31 y=-0.45 dist=0.54 m[0m
[01:45:56] [0m[INFO] [1779731150.357924594]: [Perception] Post 1: x=-0.31 y=-0.45 dist=0.55 m[0m
[01:45:56] [0m[INFO] [1779731150.707986052]: [Perception] Post 1: x=-0.31 y=-0.45 dist=0.55 m[0m
[01:45:56] [0m[INFO] [1779731151.057949234]: [Perception] Post 1: x=-0.31 y=-0.45 dist=0.54 m[0m
[01:45:56] [0m[INFO] [1779731151.408069278]: [Perception] Post 1: x=-0.31 y=-0.45 dist=0.54 m[0m
[01:45:56] [0m[INFO] [1779731151.757354564]: [Perception] Post 1: x=-0.30 y=-0.45 dist=0.54 m[0m
[01:45:56] [0m[INFO] [1779731152.058202336]: [Perception] Post 1: x=-0.30 y=-0.45 dist=0.54 m[0m
[01:45:56] [0m[INFO] [1779731152.407733652]: [Perception] Post 1: x=-0.31 y=-0.45 dist=0.54 m[0m
[01:45:56] [0m[INFO] [1779731152.757451064]: [Perception] Post 1: x=-0.30 y=-0.45 dist=0.54 m[0m
[01:45:56] [0m[INFO] [1779731153.057914300]: [Perception] Post 1: x=-0.30 y=-0.45 dist=0.54 m[0m
[01:45:56] [0m[INFO] [1779731153.407559539]: [Perception] Post 1: x=-0.31 y=-0.45 dist=0.54 m[0m
[01:45:56] [0m[INFO] [1779731153.757750918]: [Perception] Post 1: x=-0.30 y=-0.45 dist=0.54 m[0m
[01:45:56] [0m[INFO] [1779731154.107101471]: [Perception] Post 1: x=-0.31 y=-0.45 dist=0.54 m[0m
[01:45:56] [0m[INFO] [1779731154.407334821]: [Perception] Post 1: x=-0.31 y=-0.45 dist=0.55 m[0m
[01:45:56] [0m[INFO] [1779731154.757326357]: [Perception] Post 1: x=-0.31 y=-0.45 dist=0.55 m[0m
[01:45:56] [0m[INFO] [1779731155.057371638]: [Perception] Post 1: x=-0.31 y=-0.45 dist=0.54 m[0m
[01:45:56] [0m[INFO] [1779731155.357847826]: [Perception] Post 1: x=-0.30 y=-0.45 dist=0.54 m[0m
[01:45:56] [0m[INFO] [1779731155.707396012]: [Perception] Post 1: x=-0.31 y=-0.45 dist=0.54 m[0m
[01:46:11] [0m[INFO] [1779731156.057496432]: [Perception] Post 1: x=-0.31 y=-0.45 dist=0.54 m[0m
[01:46:11] [0m[INFO] [1779731156.407268817]: [Perception] Post 1: x=-0.31 y=-0.45 dist=0.55 m[0m
[01:46:11] [0m[INFO] [1779731156.707661936]: [Perception] Post 1: x=-0.31 y=-0.45 dist=0.54 m[0m
[01:46:11] [0m[INFO] [1779731157.008079456]: [Perception] Post 1: x=-0.30 y=-0.45 dist=0.54 m[0m
[01:46:11] [0m[INFO] [1779731157.308618535]: [Perception] Post 1: x=-0.30 y=-0.45 dist=0.54 m[0m
[01:46:11] [0m[INFO] [1779731157.657796463]: [Perception] Post 1: x=-0.30 y=-0.45 dist=0.54 m[0m
[01:46:11] [0m[INFO] [1779731158.007127935]: [Perception] Post 1: x=-0.30 y=-0.45 dist=0.54 m[0m
[01:46:11] [0m[INFO] [1779731158.357395754]: [Perception] Post 1: x=-0.31 y=-0.45 dist=0.54 m[0m
[01:46:11] [0m[INFO] [1779731158.658368014]: [Perception] Post 1: x=-0.30 y=-0.45 dist=0.54 m[0m
[01:46:11] [0m[INFO] [1779731159.007762417]: [Perception] Post 1: x=-0.30 y=-0.45 dist=0.54 m[0m
[01:46:11] [0m[INFO] [1779731159.357536557]: [Perception] Post 1: x=-0.31 y=-0.45 dist=0.54 m[0m
[01:46:11] [0m[INFO] [1779731159.657755937]: [Perception] Post 1: x=-0.30 y=-0.45 dist=0.54 m[0m
[01:46:11] [0m[INFO] [1779731160.007598126]: [Perception] Post 1: x=-0.31 y=-0.45 dist=0.54 m[0m
[01:46:11] [0m[INFO] [1779731160.309079955]: [Perception] Post 1: x=-0.31 y=-0.45 dist=0.55 m[0m
[01:46:11] [0m[INFO] [1779731160.657378679]: [Perception] Post 1: x=-0.31 y=-0.45 dist=0.55 m[0m
[01:46:11] [0m[INFO] [1779731160.958575989]: [Perception] Post 1: x=-0.31 y=-0.45 dist=0.54 m[0m
[01:46:11] [0m[INFO] [1779731161.307688734]: [Perception] Post 1: x=-0.31 y=-0.45 dist=0.54 m[0m
[01:46:11] [0m[INFO] [1779731161.608659435]: [Perception] Post 1: x=-0.30 y=-0.45 dist=0.54 m[0m
[01:46:11] [0m[INFO] [1779731161.957695008]: [Perception] Post 1: x=-0.30 y=-0.45 dist=0.54 m[0m
[01:46:11] [0m[INFO] [1779731162.258030648]: [Perception] Post 1: x=-0.31 y=-0.45 dist=0.54 m[0m
[01:46:11] [0m[INFO] [1779731162.558290923]: [Perception] Post 1: x=-0.31 y=-0.45 dist=0.54 m[0m
[01:46:11] [0m[INFO] [1779731162.907394234]: [Perception] Post 1: x=-0.31 y=-0.45 dist=0.55 m[0m
[01:46:11] [0m[INFO] [1779731163.258173881]: [Perception] Post 1: x=-0.31 y=-0.45 dist=0.54 m[0m
[01:46:11] [0m[INFO] [1779731163.608472599]: [Perception] Post 1: x=-0.30 y=-0.45 dist=0.54 m[0m
[01:46:11] [0m[INFO] [1779731163.958447913]: [Perception] Post 1: x=-0.30 y=-0.45 dist=0.55 m[0m
[01:46:11] [0m[INFO] [1779731164.307867579]: [Perception] Post 1: x=-0.30 y=-0.45 dist=0.54 m[0m
[01:46:11] [0m[INFO] [1779731164.658422387]: [Perception] Post 1: x=-0.30 y=-0.45 dist=0.54 m[0m
[01:46:11] [0m[INFO] [1779731164.959228308]: [Perception] Post 1: x=-0.31 y=-0.45 dist=0.55 m[0m
[01:46:11] [0m[INFO] [1779731165.308051271]: [Perception] Post 1: x=-0.30 y=-0.45 dist=0.54 m[0m
[01:46:11] [0m[INFO] [1779731165.657616476]: [Perception] Post 1: x=-0.30 y=-0.45 dist=0.54 m[0m
[01:46:11] [0m[INFO] [1779731166.008104046]: [Perception] Post 1: x=-0.31 y=-0.45 dist=0.54 m[0m
[01:46:11] [0m[INFO] [1779731166.357335254]: [Perception] Post 1: x=-0.30 y=-0.45 dist=0.54 m[0m
[01:46:11] [0m[INFO] [1779731166.658577908]: [Perception] Post 1: x=-0.30 y=-0.45 dist=0.54 m[0m
[01:46:11] [0m[INFO] [1779731167.007531884]: [Perception] Post 1: x=-0.31 y=-0.45 dist=0.54 m[0m
[01:46:11] [0m[INFO] [1779731167.307892091]: [Perception] Post 1: x=-0.31 y=-0.45 dist=0.55 m[0m
[01:46:11] [0m[INFO] [1779731167.608195750]: [Perception] Post 1: x=-0.31 y=-0.45 dist=0.54 m[0m
[01:46:11] [0m[INFO] [1779731167.957291437]: [Perception] Post 1: x=-0.30 y=-0.45 dist=0.54 m[0m
[01:46:11] [0m[INFO] [1779731168.258623097]: [Perception] Post 1: x=-0.31 y=-0.45 dist=0.54 m[0m
[01:46:11] [0m[INFO] [1779731168.607442186]: [Perception] Post 1: x=-0.31 y=-0.45 dist=0.54 m[0m
[01:46:11] [0m[INFO] [1779731168.908290694]: [Perception] Post 1: x=-0.31 y=-0.45 dist=0.55 m[0m
[01:46:11] [0m[INFO] [1779731169.208601110]: [Perception] Post 1: x=-0.30 y=-0.45 dist=0.54 m[0m
[01:46:11] [0m[INFO] [1779731169.557307179]: [Perception] Post 1: x=-0.31 y=-0.45 dist=0.54 m[0m
[01:46:11] [0m[INFO] [1779731169.857986599]: [Perception] Post 1: x=-0.30 y=-0.45 dist=0.54 m[0m
[01:46:11] [0m[INFO] [1779731170.207619357]: [Perception] Post 1: x=-0.30 y=-0.45 dist=0.54 m[0m
[01:46:11] [0m[INFO] [1779731170.508145717]: [Perception] Post 1: x=-0.30 y=-0.45 dist=0.54 m[0m
[01:46:11] [0m[INFO] [1779731170.857237758]: [Perception] Post 1: x=-0.30 y=-0.45 dist=0.54 m[0m
[01:46:11] [0m[INFO] [1779731171.158407341]: [Perception] Post 1: x=-0.30 y=-0.45 dist=0.54 m[0m
[01:46:26] [0m[INFO] [1779731171.458621926]: [Perception] Post 1: x=-0.30 y=-0.45 dist=0.54 m[0m
[01:46:26] [0m[INFO] [1779731171.758854285]: [Perception] Post 1: x=-0.30 y=-0.45 dist=0.54 m[0m
[01:46:26] [0m[INFO] [1779731172.108484075]: [Perception] Post 1: x=-0.31 y=-0.45 dist=0.54 m[0m
[01:46:26] [0m[INFO] [1779731172.457837700]: [Perception] Post 1: x=-0.31 y=-0.45 dist=0.54 m[0m
[01:46:26] [0m[INFO] [1779731172.808156751]: [Perception] Post 1: x=-0.30 y=-0.45 dist=0.54 m[0m
[01:46:26] [0m[INFO] [1779731173.158176847]: [Perception] Post 1: x=-0.30 y=-0.45 dist=0.54 m[0m
[01:46:26] [0m[INFO] [1779731173.507604912]: [Perception] Post 1: x=-0.31 y=-0.45 dist=0.54 m[0m
[01:46:26] [0m[INFO] [1779731173.808176738]: [Perception] Post 1: x=-0.31 y=-0.45 dist=0.55 m[0m
[01:46:26] [0m[INFO] [1779731174.157657077]: [Perception] Post 1: x=-0.30 y=-0.45 dist=0.54 m[0m
[01:46:26] [0m[INFO] [1779731174.458138492]: [Perception] Post 1: x=-0.31 y=-0.45 dist=0.54 m[0m
[01:46:26] [0m[INFO] [1779731174.807561647]: [Perception] Post 1: x=-0.30 y=-0.45 dist=0.54 m[0m
[01:46:26] [0m[INFO] [1779731175.157961906]: [Perception] Post 1: x=-0.31 y=-0.45 dist=0.54 m[0m
[01:46:26] [0m[INFO] [1779731175.507373437]: [Perception] Post 1: x=-0.31 y=-0.45 dist=0.54 m[0m
[01:46:26] [0m[INFO] [1779731175.807393792]: [Perception] Post 1: x=-0.30 y=-0.45 dist=0.54 m[0m
[01:46:26] [0m[INFO] [1779731176.107620121]: [Perception] Post 1: x=-0.31 y=-0.45 dist=0.54 m[0m
[01:46:26] [0m[INFO] [1779731176.457588842]: [Perception] Post 1: x=-0.31 y=-0.45 dist=0.54 m[0m
[01:46:26] [0m[INFO] [1779731176.807406129]: [Perception] Post 1: x=-0.30 y=-0.45 dist=0.54 m[0m
[01:46:26] [0m[INFO] [1779731177.107541233]: [Perception] Post 1: x=-0.30 y=-0.45 dist=0.55 m[0m
[01:46:26] [0m[INFO] [1779731177.407729761]: [Perception] Post 1: x=-0.31 y=-0.45 dist=0.54 m[0m
[01:46:26] [0m[INFO] [1779731177.757983392]: [Perception] Post 1: x=-0.31 y=-0.45 dist=0.54 m[0m
[01:46:26] [0m[INFO] [1779731178.107515566]: [Perception] Post 1: x=-0.31 y=-0.45 dist=0.55 m[0m
[01:46:26] [0m[INFO] [1779731178.408060221]: [Perception] Post 1: x=-0.31 y=-0.45 dist=0.54 m[0m
[01:46:26] [0m[INFO] [1779731178.757404014]: [Perception] Post 1: x=-0.30 y=-0.45 dist=0.54 m[0m
[01:46:26] [0m[INFO] [1779731179.057396848]: [Perception] Post 1: x=-0.31 y=-0.45 dist=0.54 m[0m
[01:46:26] [0m[INFO] [1779731179.357606318]: [Perception] Post 1: x=-0.31 y=-0.45 dist=0.55 m[0m
[01:46:26] [0m[INFO] [1779731179.658240049]: [Perception] Post 1: x=-0.30 y=-0.45 dist=0.54 m[0m
[01:46:26] [0m[INFO] [1779731179.958516413]: [Perception] Post 1: x=-0.31 y=-0.45 dist=0.54 m[0m
[01:46:26] [0m[INFO] [1779731180.258628939]: [Perception] Post 1: x=-0.31 y=-0.45 dist=0.55 m[0m
[01:46:26] [0m[INFO] [1779731180.558705512]: [Perception] Post 1: x=-0.31 y=-0.45 dist=0.55 m[0m
[01:46:26] [0m[INFO] [1779731180.908739402]: [Perception] Post 1: x=-0.30 y=-0.45 dist=0.54 m[0m
[01:46:26] [0m[INFO] [1779731181.258506740]: [Perception] Post 1: x=-0.31 y=-0.45 dist=0.54 m[0m
[01:46:26] [0m[INFO] [1779731181.558868289]: [Perception] Post 1: x=-0.30 y=-0.45 dist=0.54 m[0m
[01:46:26] [0m[INFO] [1779731181.908716858]: [Perception] Post 1: x=-0.31 y=-0.45 dist=0.55 m[0m
[01:46:26] [0m[INFO] [1779731182.258697129]: [Perception] Post 1: x=-0.31 y=-0.45 dist=0.54 m[0m
[01:46:26] [0m[INFO] [1779731182.608792622]: [Perception] Post 1: x=-0.30 y=-0.45 dist=0.54 m[0m
[01:46:26] [0m[INFO] [1779731182.909492326]: [Perception] Post 1: x=-0.31 y=-0.45 dist=0.54 m[0m
[01:46:26] [0m[INFO] [1779731183.258706018]: [Perception] Post 1: x=-0.31 y=-0.45 dist=0.54 m[0m
[01:46:26] [0m[INFO] [1779731183.608174599]: [Perception] Post 1: x=-0.31 y=-0.45 dist=0.54 m[0m
[01:46:26] [0m[INFO] [1779731183.958743077]: [Perception] Post 1: x=-0.31 y=-0.45 dist=0.54 m[0m
[01:46:26] [0m[INFO] [1779731184.308000763]: [Perception] Post 1: x=-0.30 y=-0.45 dist=0.54 m[0m
[01:46:26] [0m[INFO] [1779731184.657646262]: [Perception] Post 1: x=-0.31 y=-0.45 dist=0.54 m[0m
[01:46:26] [0m[INFO] [1779731184.958290514]: [Perception] Post 1: x=-0.31 y=-0.45 dist=0.54 m[0m
[01:46:26] [0m[INFO] [1779731185.307701335]: [Perception] Post 1: x=-0.31 y=-0.45 dist=0.55 m[0m
[01:46:26] [0m[INFO] [1779731185.608181757]: [Perception] Post 1: x=-0.30 y=-0.45 dist=0.54 m[0m
[01:46:26] [0m[INFO] [1779731185.908482451]: [Perception] Post 1: x=-0.30 y=-0.45 dist=0.55 m[0m
[01:46:26] [0m[INFO] [1779731186.258241567]: [Perception] Post 1: x=-0.30 y=-0.45 dist=0.54 m[0m
[01:46:42] [0m[INFO] [1779731186.608373136]: [Perception] Post 1: x=-0.30 y=-0.45 dist=0.54 m[0m
[01:46:42] [0m[INFO] [1779731186.957324944]: [Perception] Post 1: x=-0.30 y=-0.45 dist=0.54 m[0m
[01:46:42] [0m[INFO] [1779731187.258048120]: [Perception] Post 1: x=-0.30 y=-0.45 dist=0.54 m[0m
[01:46:42] [0m[INFO] [1779731187.558234433]: [Perception] Post 1: x=-0.30 y=-0.45 dist=0.54 m[0m
[01:46:42] [0m[INFO] [1779731187.858369040]: [Perception] Post 1: x=-0.30 y=-0.45 dist=0.54 m[0m
[01:46:42] [0m[INFO] [1779731188.207792902]: [Perception] Post 1: x=-0.30 y=-0.45 dist=0.54 m[0m
[01:46:42] [0m[INFO] [1779731188.557256277]: [Perception] Post 1: x=-0.31 y=-0.45 dist=0.54 m[0m
[01:46:42] [0m[INFO] [1779731188.857559604]: [Perception] Post 1: x=-0.31 y=-0.45 dist=0.54 m[0m
[01:46:42] [0m[INFO] [1779731189.208230709]: [Perception] Post 1: x=-0.31 y=-0.45 dist=0.54 m[0m
[01:46:42] [0m[INFO] [1779731189.557401003]: [Perception] Post 1: x=-0.31 y=-0.45 dist=0.54 m[0m
[01:46:42] [0m[INFO] [1779731189.857467147]: [Perception] Post 1: x=-0.30 y=-0.45 dist=0.54 m[0m
[01:46:42] [0m[INFO] [1779731190.157520584]: [Perception] Post 1: x=-0.31 y=-0.45 dist=0.54 m[0m
[01:46:42] [0m[INFO] [1779731190.458593687]: [Perception] Post 1: x=-0.31 y=-0.45 dist=0.54 m[0m
[01:46:42] [0m[INFO] [1779731190.807756594]: [Perception] Post 1: x=-0.31 y=-0.45 dist=0.54 m[0m
[01:46:42] [0m[INFO] [1779731191.107942727]: [Perception] Post 1: x=-0.31 y=-0.45 dist=0.55 m[0m
[01:46:42] [0m[INFO] [1779731191.408889061]: [Perception] Post 1: x=-0.30 y=-0.45 dist=0.54 m[0m
[01:46:42] [0m[INFO] [1779731191.757713992]: [Perception] Post 1: x=-0.31 y=-0.45 dist=0.55 m[0m
[01:46:42] [0m[INFO] [1779731192.107470847]: [Perception] Post 1: x=-0.31 y=-0.45 dist=0.55 m[0m
[01:46:42] [0m[INFO] [1779731192.407782627]: [Perception] Post 1: x=-0.31 y=-0.45 dist=0.54 m[0m
[01:46:42] [0m[INFO] [1779731192.757626824]: [Perception] Post 1: x=-0.30 y=-0.45 dist=0.54 m[0m
[01:46:42] [0m[INFO] [1779731193.107588569]: [Perception] Post 1: x=-0.30 y=-0.45 dist=0.54 m[0m
[01:46:42] [0m[INFO] [1779731193.408257259]: [Perception] Post 1: x=-0.30 y=-0.45 dist=0.54 m[0m
[01:46:42] [0m[INFO] [1779731193.708394418]: [Perception] Post 1: x=-0.31 y=-0.45 dist=0.54 m[0m
[01:46:42] [0m[INFO] [1779731194.057641300]: [Perception] Post 1: x=-0.31 y=-0.45 dist=0.54 m[0m
[01:46:42] [0m[INFO] [1779731194.358846567]: [Perception] Post 1: x=-0.31 y=-0.45 dist=0.54 m[0m
[01:46:42] [0m[INFO] [1779731194.707372679]: [Perception] Post 1: x=-0.30 y=-0.45 dist=0.54 m[0m
[01:46:42] [0m[INFO] [1779731195.007636864]: [Perception] Post 1: x=-0.31 y=-0.45 dist=0.54 m[0m
[01:46:42] [0m[INFO] [1779731195.357800660]: [Perception] Post 1: x=-0.30 y=-0.45 dist=0.54 m[0m
[01:46:42] [0m[INFO] [1779731195.709066367]: [Perception] Post 1: x=-0.31 y=-0.45 dist=0.54 m[0m
[01:46:42] [0m[INFO] [1779731196.057628336]: [Perception] Post 1: x=-0.31 y=-0.45 dist=0.54 m[0m
[01:46:42] [0m[INFO] [1779731196.359203140]: [Perception] Post 1: x=-0.30 y=-0.45 dist=0.54 m[0m
[01:46:42] [0m[INFO] [1779731196.708266750]: [Perception] Post 1: x=-0.30 y=-0.45 dist=0.54 m[0m
[01:46:42] [0m[INFO] [1779731197.058531249]: [Perception] Post 1: x=-0.31 y=-0.45 dist=0.54 m[0m
[01:46:42] [0m[INFO] [1779731197.407633664]: [Perception] Post 1: x=-0.30 y=-0.45 dist=0.54 m[0m
[01:46:42] [0m[INFO] [1779731197.757548096]: [Perception] Post 1: x=-0.31 y=-0.45 dist=0.55 m[0m
[01:46:42] [0m[INFO] [1779731198.058243597]: [Perception] Post 1: x=-0.31 y=-0.45 dist=0.54 m[0m
[01:46:42] [0m[INFO] [1779731198.408059692]: [Perception] Post 1: x=-0.31 y=-0.45 dist=0.54 m[0m
[01:46:42] [0m[INFO] [1779731198.758122927]: [Perception] Post 1: x=-0.31 y=-0.45 dist=0.54 m[0m
[01:46:42] [0m[INFO] [1779731199.108162369]: [Perception] Post 1: x=-0.31 y=-0.45 dist=0.55 m[0m
[01:46:42] [0m[INFO] [1779731199.408547695]: [Perception] Post 1: x=-0.31 y=-0.45 dist=0.55 m[0m
[01:46:42] [0m[INFO] [1779731199.757297393]: [Perception] Post 1: x=-0.30 y=-0.45 dist=0.54 m[0m
[01:46:42] [0m[INFO] [1779731200.057921927]: [Perception] Post 1: x=-0.31 y=-0.45 dist=0.54 m[0m
[01:46:42] [0m[INFO] [1779731200.358108450]: [Perception] Post 1: x=-0.30 y=-0.45 dist=0.54 m[0m
[01:46:42] [0m[INFO] [1779731200.658319717]: [Perception] Post 1: x=-0.31 y=-0.45 dist=0.54 m[0m
[01:46:42] [0m[INFO] [1779731201.007820970]: [Perception] Post 1: x=-0.31 y=-0.45 dist=0.55 m[0m
[01:46:42] [0m[INFO] [1779731201.357757940]: [Perception] Post 1: x=-0.31 y=-0.45 dist=0.54 m[0m
[01:46:42] [0m[INFO] [1779731201.708941805]: [Perception] Post 1: x=-0.30 y=-0.45 dist=0.54 m[0m
[01:46:56] [0m[INFO] [1779731202.057777549]: [Perception] Post 1: x=-0.30 y=-0.45 dist=0.54 m[0m
[01:46:56] [0m[INFO] [1779731202.358600357]: [Perception] Post 1: x=-0.31 y=-0.45 dist=0.54 m[0m
[01:46:56] [0m[INFO] [1779731202.707475945]: [Perception] Post 1: x=-0.31 y=-0.45 dist=0.54 m[0m
[01:46:56] [0m[INFO] [1779731203.007765116]: [Perception] Post 1: x=-0.31 y=-0.45 dist=0.54 m[0m
[01:46:56] [0m[INFO] [1779731203.308429005]: [Perception] Post 1: x=-0.31 y=-0.45 dist=0.54 m[0m
[01:46:56] [0m[INFO] [1779731203.658300108]: [Perception] Post 1: x=-0.30 y=-0.45 dist=0.54 m[0m
[01:46:56] [0m[INFO] [1779731204.008066718]: [Perception] Post 1: x=-0.31 y=-0.45 dist=0.54 m[0m
[01:46:56] [0m[INFO] [1779731204.358518804]: [Perception] Post 1: x=-0.30 y=-0.45 dist=0.54 m[0m
[01:46:56] [0m[INFO] [1779731204.658604271]: [Perception] Post 1: x=-0.30 y=-0.45 dist=0.54 m[0m
[01:46:56] [0m[INFO] [1779731205.007151005]: [Perception] Post 1: x=-0.30 y=-0.45 dist=0.54 m[0m
[01:46:56] [0m[INFO] [1779731205.308531281]: [Perception] Post 1: x=-0.31 y=-0.45 dist=0.55 m[0m
[01:46:56] [0m[INFO] [1779731205.657301570]: [Perception] Post 1: x=-0.30 y=-0.45 dist=0.54 m[0m
[01:46:56] [0m[INFO] [1779731205.957640730]: [Perception] Post 1: x=-0.30 y=-0.45 dist=0.54 m[0m
[01:46:56] [0m[INFO] [1779731206.307267976]: [Perception] Post 1: x=-0.30 y=-0.45 dist=0.54 m[0m
[01:46:56] [0m[INFO] [1779731206.608391502]: [Perception] Post 1: x=-0.31 y=-0.45 dist=0.55 m[0m
[01:46:56] [0m[INFO] [1779731206.958220893]: [Perception] Post 1: x=-0.30 y=-0.45 dist=0.54 m[0m
[01:46:56] [0m[INFO] [1779731207.307968566]: [Perception] Post 1: x=-0.30 y=-0.45 dist=0.54 m[0m
[01:46:56] [0m[INFO] [1779731207.608624801]: [Perception] Post 1: x=-0.31 y=-0.45 dist=0.54 m[0m
[01:46:56] [0m[INFO] [1779731207.958652815]: [Perception] Post 1: x=-0.31 y=-0.45 dist=0.54 m[0m
[01:46:56] [0m[INFO] [1779731208.259107108]: [Perception] Post 1: x=-0.30 y=-0.45 dist=0.54 m[0m
[01:46:56] [0m[INFO] [1779731208.559238232]: [Perception] Post 1: x=-0.30 y=-0.45 dist=0.54 m[0m
[01:46:56] [0m[INFO] [1779731208.908625189]: [Perception] Post 1: x=-0.31 y=-0.45 dist=0.54 m[0m
[01:46:56] [0m[INFO] [1779731209.209060593]: [Perception] Post 1: x=-0.31 y=-0.45 dist=0.54 m[0m
[01:46:56] [0m[INFO] [1779731209.558748042]: [Perception] Post 1: x=-0.31 y=-0.45 dist=0.54 m[0m
[01:46:56] [0m[INFO] [1779731209.907378103]: [Perception] Post 1: x=-0.30 y=-0.45 dist=0.54 m[0m
[01:46:56] [0m[INFO] [1779731210.208118973]: [Perception] Post 1: x=-0.31 y=-0.45 dist=0.54 m[0m
[01:46:56] [0m[INFO] [1779731210.557525230]: [Perception] Post 1: x=-0.31 y=-0.45 dist=0.54 m[0m
[01:46:56] [0m[INFO] [1779731210.857637942]: [Perception] Post 1: x=-0.30 y=-0.45 dist=0.54 m[0m
[01:46:56] [0m[INFO] [1779731211.157885640]: [Perception] Post 1: x=-0.31 y=-0.45 dist=0.54 m[0m
[01:46:56] [0m[INFO] [1779731211.458110676]: [Perception] Post 1: x=-0.30 y=-0.45 dist=0.54 m[0m
[01:46:56] [0m[INFO] [1779731211.758248645]: [Perception] Post 1: x=-0.30 y=-0.45 dist=0.54 m[0m
[01:46:56] [0m[INFO] [1779731212.107413312]: [Perception] Post 1: x=-0.30 y=-0.45 dist=0.54 m[0m
[01:46:56] [0m[INFO] [1779731212.408067972]: [Perception] Post 1: x=-0.31 y=-0.45 dist=0.54 m[0m
[01:46:56] [0m[INFO] [1779731212.708492639]: [Perception] Post 1: x=-0.31 y=-0.45 dist=0.54 m[0m
[01:46:56] [0m[INFO] [1779731213.059035970]: [Perception] Post 1: x=-0.31 y=-0.45 dist=0.54 m[0m
[01:46:56] [0m[INFO] [1779731213.409087972]: [Perception] Post 1: x=-0.30 y=-0.45 dist=0.54 m[0m
[01:46:56] [0m[INFO] [1779731213.757340093]: [Perception] Post 1: x=-0.31 y=-0.45 dist=0.54 m[0m
[01:46:56] [0m[INFO] [1779731214.058113662]: [Perception] Post 1: x=-0.31 y=-0.45 dist=0.54 m[0m
[01:46:56] [0m[INFO] [1779731214.358230885]: [Perception] Post 1: x=-0.30 y=-0.45 dist=0.54 m[0m
[01:46:56] [0m[INFO] [1779731214.708013448]: [Perception] Post 1: x=-0.30 y=-0.45 dist=0.54 m[0m
[01:46:56] [0m[INFO] [1779731215.008952101]: [Perception] Post 1: x=-0.30 y=-0.45 dist=0.54 m[0m
[01:46:56] [0m[INFO] [1779731215.357476847]: [Perception] Post 1: x=-0.31 y=-0.45 dist=0.54 m[0m
[01:46:56] [0m[INFO] [1779731215.707825324]: [Perception] Post 1: x=-0.31 y=-0.45 dist=0.54 m[0m
[01:46:56] [0m[INFO] [1779731216.008274034]: [Perception] Post 1: x=-0.31 y=-0.45 dist=0.55 m[0m
[01:46:56] [0m[INFO] [1779731216.308408847]: [Perception] Post 1: x=-0.30 y=-0.45 dist=0.54 m[0m
[01:46:56] [0m[INFO] [1779731216.657559043]: [Perception] Post 1: x=-0.31 y=-0.45 dist=0.55 m[0m
[01:47:12] [0m[INFO] [1779731216.957889918]: [Perception] Post 1: x=-0.30 y=-0.45 dist=0.54 m[0m
[01:47:12] [0m[INFO] [1779731217.258253601]: [Perception] Post 1: x=-0.30 y=-0.45 dist=0.54 m[0m
[01:47:12] [0m[INFO] [1779731217.558644955]: [Perception] Post 1: x=-0.31 y=-0.45 dist=0.54 m[0m
[01:47:12] [0m[INFO] [1779731217.908987538]: [Perception] Post 1: x=-0.31 y=-0.45 dist=0.54 m[0m
[01:47:12] [0m[INFO] [1779731218.209419524]: [Perception] Post 1: x=-0.30 y=-0.45 dist=0.54 m[0m
[01:47:12] [0m[INFO] [1779731218.558642532]: [Perception] Post 1: x=-0.30 y=-0.45 dist=0.54 m[0m
[01:47:12] [0m[INFO] [1779731218.908312147]: [Perception] Post 1: x=-0.31 y=-0.45 dist=0.54 m[0m
[01:47:12] [0m[INFO] [1779731219.208458893]: [Perception] Post 1: x=-0.31 y=-0.45 dist=0.54 m[0m
[01:47:12] [0m[INFO] [1779731219.558418795]: [Perception] Post 1: x=-0.30 y=-0.45 dist=0.54 m[0m
[01:47:12] [0m[INFO] [1779731219.858518406]: [Perception] Post 1: x=-0.30 y=-0.45 dist=0.54 m[0m
[01:47:12] [0m[INFO] [1779731220.209042907]: [Perception] Post 1: x=-0.30 y=-0.45 dist=0.54 m[0m
[01:47:12] [0m[INFO] [1779731220.558518492]: [Perception] Post 1: x=-0.31 y=-0.45 dist=0.54 m[0m
[01:47:12] [0m[INFO] [1779731220.859060347]: [Perception] Post 1: x=-0.30 y=-0.45 dist=0.54 m[0m
[01:47:12] [0m[INFO] [1779731221.208495185]: [Perception] Post 1: x=-0.30 y=-0.45 dist=0.54 m[0m
[01:47:12] [0m[INFO] [1779731221.508614803]: [Perception] Post 1: x=-0.31 y=-0.45 dist=0.54 m[0m
[01:47:12] [0m[INFO] [1779731221.857763744]: [Perception] Post 1: x=-0.30 y=-0.45 dist=0.54 m[0m
[01:47:12] [0m[INFO] [1779731222.158417340]: [Perception] Post 1: x=-0.31 y=-0.45 dist=0.54 m[0m
[01:47:12] [0m[INFO] [1779731222.459232883]: [Perception] Post 1: x=-0.31 y=-0.45 dist=0.54 m[0m
[01:47:12] [0m[INFO] [1779731222.808422601]: [Perception] Post 1: x=-0.31 y=-0.45 dist=0.54 m[0m
[01:47:12] [0m[INFO] [1779731223.159391265]: [Perception] Post 1: x=-0.31 y=-0.45 dist=0.54 m[0m
[01:47:12] [0m[INFO] [1779731223.508240816]: [Perception] Post 1: x=-0.30 y=-0.45 dist=0.54 m[0m
[01:47:12] [0m[INFO] [1779731223.808633177]: [Perception] Post 1: x=-0.30 y=-0.45 dist=0.54 m[0m
[01:47:12] [0m[INFO] [1779731224.157836270]: [Perception] Post 1: x=-0.30 y=-0.45 dist=0.54 m[0m
[01:47:12] [0m[INFO] [1779731224.458383092]: [Perception] Post 1: x=-0.31 y=-0.45 dist=0.54 m[0m
[01:47:12] [0m[INFO] [1779731224.807553223]: [Perception] Post 1: x=-0.31 y=-0.45 dist=0.54 m[0m
[01:47:12] [0m[INFO] [1779731225.157806299]: [Perception] Post 1: x=-0.31 y=-0.45 dist=0.54 m[0m
[01:47:12] [0m[INFO] [1779731225.458279809]: [Perception] Post 1: x=-0.31 y=-0.45 dist=0.55 m[0m
[01:47:12] [0m[INFO] [1779731225.808315131]: [Perception] Post 1: x=-0.31 y=-0.45 dist=0.54 m[0m
[01:47:12] [0m[INFO] [1779731226.108403263]: [Perception] Post 1: x=-0.31 y=-0.45 dist=0.54 m[0m
[01:47:12] [0m[INFO] [1779731226.408887702]: [Perception] Post 1: x=-0.31 y=-0.45 dist=0.54 m[0m
[01:47:12] [0m[INFO] [1779731226.758804910]: [Perception] Post 1: x=-0.30 y=-0.45 dist=0.54 m[0m
[01:47:12] [0m[INFO] [1779731227.108302148]: [Perception] Post 1: x=-0.31 y=-0.45 dist=0.54 m[0m
[01:47:12] [0m[INFO] [1779731227.409275070]: [Perception] Post 1: x=-0.31 y=-0.45 dist=0.54 m[0m
[01:47:12] [0m[INFO] [1779731227.758406394]: [Perception] Post 1: x=-0.31 y=-0.45 dist=0.54 m[0m
[01:47:12] [0m[INFO] [1779731228.059165367]: [Perception] Post 1: x=-0.31 y=-0.45 dist=0.54 m[0m
[01:47:12] [0m[INFO] [1779731228.408609625]: [Perception] Post 1: x=-0.30 y=-0.45 dist=0.54 m[0m
[01:47:12] [0m[INFO] [1779731228.758170097]: [Perception] Post 1: x=-0.30 y=-0.45 dist=0.54 m[0m
[01:47:12] [0m[INFO] [1779731229.107780045]: [Perception] Post 1: x=-0.31 y=-0.45 dist=0.54 m[0m
[01:47:12] [0m[INFO] [1779731229.408511023]: [Perception] Post 1: x=-0.30 y=-0.45 dist=0.54 m[0m
[01:47:12] [0m[INFO] [1779731229.759039879]: [Perception] Post 1: x=-0.30 y=-0.45 dist=0.54 m[0m
[01:47:12] [0m[INFO] [1779731230.108969680]: [Perception] Post 1: x=-0.30 y=-0.45 dist=0.54 m[0m
[01:47:12] [0m[INFO] [1779731230.458272680]: [Perception] Post 1: x=-0.31 y=-0.45 dist=0.54 m[0m
[01:47:12] [0m[INFO] [1779731230.759236664]: [Perception] Post 1: x=-0.30 y=-0.45 dist=0.54 m[0m
[01:47:12] [0m[INFO] [1779731231.108905470]: [Perception] Post 1: x=-0.30 y=-0.45 dist=0.54 m[0m
[01:47:12] [0m[INFO] [1779731231.457504644]: [Perception] Post 1: x=-0.30 y=-0.45 dist=0.54 m[0m
[01:47:12] [0m[INFO] [1779731231.758535903]: [Perception] Post 1: x=-0.31 y=-0.45 dist=0.55 m[0m
[01:47:12] [0m[INFO] [1779731232.108853105]: [Perception] Post 1: x=-0.31 y=-0.45 dist=0.54 m[0m
[01:47:27] [0m[INFO] [1779731232.458519357]: [Perception] Post 1: x=-0.31 y=-0.45 dist=0.54 m[0m
[01:47:27] [0m[INFO] [1779731232.808945523]: [Perception] Post 1: x=-0.31 y=-0.45 dist=0.55 m[0m
[01:47:27] [0m[INFO] [1779731233.157971853]: [Perception] Post 1: x=-0.31 y=-0.45 dist=0.55 m[0m
[01:47:27] [0m[INFO] [1779731233.508154256]: [Perception] Post 1: x=-0.31 y=-0.45 dist=0.54 m[0m
[01:47:27] [0m[INFO] [1779731233.858589766]: [Perception] Post 1: x=-0.30 y=-0.45 dist=0.54 m[0m
[01:47:27] [0m[INFO] [1779731234.159336386]: [Perception] Post 1: x=-0.30 y=-0.45 dist=0.54 m[0m
[01:47:27] [0m[INFO] [1779731234.507603263]: [Perception] Post 1: x=-0.31 y=-0.45 dist=0.54 m[0m
[01:47:27] [0m[INFO] [1779731234.808253143]: [Perception] Post 1: x=-0.30 y=-0.45 dist=0.54 m[0m
[01:47:27] [0m[INFO] [1779731235.158429144]: [Perception] Post 1: x=-0.31 y=-0.45 dist=0.55 m[0m
[01:47:27] [0m[INFO] [1779731235.459040123]: [Perception] Post 1: x=-0.30 y=-0.45 dist=0.54 m[0m
[01:47:27] [0m[INFO] [1779731235.807324299]: [Perception] Post 1: x=-0.30 y=-0.45 dist=0.54 m[0m
[01:47:27] [0m[INFO] [1779731236.109070844]: [Perception] Post 1: x=-0.30 y=-0.45 dist=0.54 m[0m
[01:47:27] [0m[INFO] [1779731236.409364285]: [Perception] Post 1: x=-0.30 y=-0.45 dist=0.54 m[0m
[01:47:27] [0m[INFO] [1779731236.758466464]: [Perception] Post 1: x=-0.31 y=-0.45 dist=0.54 m[0m
[01:47:27] [0m[INFO] [1779731237.058973321]: [Perception] Post 1: x=-0.31 y=-0.45 dist=0.55 m[0m
[01:47:27] [0m[INFO] [1779731237.408326174]: [Perception] Post 1: x=-0.31 y=-0.45 dist=0.55 m[0m
[01:47:27] [0m[INFO] [1779731237.709008004]: [Perception] Post 1: x=-0.31 y=-0.45 dist=0.55 m[0m
[01:47:27] [0m[INFO] [1779731238.058610059]: [Perception] Post 1: x=-0.31 y=-0.45 dist=0.54 m[0m
[01:47:27] [0m[INFO] [1779731238.359046166]: [Perception] Post 1: x=-0.31 y=-0.45 dist=0.54 m[0m
[01:47:27] [0m[INFO] [1779731238.707899658]: [Perception] Post 1: x=-0.31 y=-0.45 dist=0.54 m[0m
[01:47:27] [0m[INFO] [1779731239.009098155]: [Perception] Post 1: x=-0.31 y=-0.45 dist=0.54 m[0m
[01:47:27] [0m[INFO] [1779731239.358169087]: [Perception] Post 1: x=-0.30 y=-0.45 dist=0.54 m[0m
[01:47:27] [0m[INFO] [1779731239.658836290]: [Perception] Post 1: x=-0.31 y=-0.45 dist=0.54 m[0m
[01:47:27] [0m[INFO] [1779731240.009296729]: [Perception] Post 1: x=-0.30 y=-0.45 dist=0.54 m[0m
[01:47:27] [0m[INFO] [1779731240.358490670]: [Perception] Post 1: x=-0.30 y=-0.45 dist=0.54 m[0m
[01:47:27] [0m[INFO] [1779731240.659048295]: [Perception] Post 1: x=-0.31 y=-0.45 dist=0.54 m[0m
[01:47:27] [0m[INFO] [1779731241.008491806]: [Perception] Post 1: x=-0.31 y=-0.45 dist=0.55 m[0m
[01:47:27] [0m[INFO] [1779731241.308517437]: [Perception] Post 1: x=-0.31 y=-0.45 dist=0.54 m[0m
[01:47:27] [0m[INFO] [1779731241.608648105]: [Perception] Post 1: x=-0.31 y=-0.45 dist=0.54 m[0m
[01:47:27] [0m[INFO] [1779731241.909182359]: [Perception] Post 1: x=-0.30 y=-0.45 dist=0.54 m[0m
[01:47:27] [0m[INFO] [1779731242.259139836]: [Perception] Post 1: x=-0.30 y=-0.45 dist=0.54 m[0m
[01:47:27] [0m[INFO] [1779731242.607765741]: [Perception] Post 1: x=-0.30 y=-0.45 dist=0.54 m[0m
[01:47:27] [0m[INFO] [1779731242.908169645]: [Perception] Post 1: x=-0.30 y=-0.45 dist=0.54 m[0m
[01:47:27] [0m[INFO] [1779731243.208388279]: [Perception] Post 1: x=-0.30 y=-0.45 dist=0.54 m[0m
[01:47:27] [0m[INFO] [1779731243.508570288]: [Perception] Post 1: x=-0.31 y=-0.45 dist=0.54 m[0m
[01:47:27] [0m[INFO] [1779731243.858047493]: [Perception] Post 1: x=-0.30 y=-0.45 dist=0.54 m[0m
[01:47:27] [0m[INFO] [1779731244.158123396]: [Perception] Post 1: x=-0.31 y=-0.45 dist=0.55 m[0m
[01:47:27] [0m[INFO] [1779731244.459223976]: [Perception] Post 1: x=-0.31 y=-0.45 dist=0.55 m[0m
[01:47:27] [0m[INFO] [1779731244.807438247]: [Perception] Post 1: x=-0.30 y=-0.45 dist=0.54 m[0m
[01:47:27] [0m[INFO] [1779731245.107489705]: [Perception] Post 1: x=-0.30 y=-0.45 dist=0.55 m[0m
[01:47:27] [0m[INFO] [1779731245.408470692]: [Perception] Post 1: x=-0.31 y=-0.45 dist=0.54 m[0m
[01:47:27] [0m[INFO] [1779731245.757968651]: [Perception] Post 1: x=-0.31 y=-0.45 dist=0.55 m[0m
[01:47:27] [0m[INFO] [1779731246.058359019]: [Perception] Post 1: x=-0.30 y=-0.45 dist=0.54 m[0m
[01:47:27] [0m[INFO] [1779731246.408167061]: [Perception] Post 1: x=-0.30 y=-0.45 dist=0.54 m[0m
[01:47:27] [0m[INFO] [1779731246.709168847]: [Perception] Post 1: x=-0.31 y=-0.45 dist=0.55 m[0m
[01:47:27] [0m[INFO] [1779731247.058153054]: [Perception] Post 1: x=-0.30 y=-0.45 dist=0.54 m[0m
[01:47:27] [0m[INFO] [1779731247.358187350]: [Perception] Post 1: x=-0.31 y=-0.45 dist=0.55 m[0m
[01:47:42] [0m[INFO] [1779731247.708224447]: [Perception] Post 1: x=-0.31 y=-0.45 dist=0.55 m[0m
[01:47:42] [0m[INFO] [1779731248.008470737]: [Perception] Post 1: x=-0.31 y=-0.45 dist=0.54 m[0m
[01:47:42] [0m[INFO] [1779731248.357495343]: [Perception] Post 1: x=-0.30 y=-0.45 dist=0.54 m[0m
[01:47:42] [0m[INFO] [1779731248.657666907]: [Perception] Post 1: x=-0.31 y=-0.45 dist=0.54 m[0m
[01:47:42] [0m[INFO] [1779731249.008066512]: [Perception] Post 1: x=-0.30 y=-0.45 dist=0.54 m[0m
[01:47:42] [0m[INFO] [1779731249.357446213]: [Perception] Post 1: x=-0.31 y=-0.45 dist=0.54 m[0m
[01:47:42] [0m[INFO] [1779731249.657864637]: [Perception] Post 1: x=-0.30 y=-0.45 dist=0.54 m[0m
[01:47:42] [0m[INFO] [1779731249.959396193]: [Perception] Post 1: x=-0.30 y=-0.45 dist=0.54 m[0m
[01:47:42] [0m[INFO] [1779731250.309291261]: [Perception] Post 1: x=-0.30 y=-0.45 dist=0.54 m[0m
[01:47:42] [0m[INFO] [1779731250.658282978]: [Perception] Post 1: x=-0.31 y=-0.45 dist=0.54 m[0m
[01:47:42] [0m[INFO] [1779731251.009421696]: [Perception] Post 1: x=-0.30 y=-0.45 dist=0.54 m[0m
[01:47:42] [0m[INFO] [1779731251.358139369]: [Perception] Post 1: x=-0.30 y=-0.45 dist=0.54 m[0m
[01:47:42] [0m[INFO] [1779731251.708544456]: [Perception] Post 1: x=-0.31 y=-0.45 dist=0.55 m[0m
[01:47:42] [0m[INFO] [1779731252.057678508]: [Perception] Post 1: x=-0.31 y=-0.45 dist=0.54 m[0m
[01:47:42] [0m[INFO] [1779731252.358087865]: [Perception] Post 1: x=-0.31 y=-0.45 dist=0.54 m[0m
[01:47:42] [0m[INFO] [1779731252.707925156]: [Perception] Post 1: x=-0.31 y=-0.45 dist=0.54 m[0m
[01:47:42] [0m[INFO] [1779731253.008179111]: [Perception] Post 1: x=-0.30 y=-0.45 dist=0.54 m[0m
[01:47:42] [0m[INFO] [1779731253.358038423]: [Perception] Post 1: x=-0.31 y=-0.45 dist=0.55 m[0m
[01:47:42] [0m[INFO] [1779731253.707748843]: [Perception] Post 1: x=-0.30 y=-0.45 dist=0.54 m[0m
[01:47:42] [0m[INFO] [1779731254.008259388]: [Perception] Post 1: x=-0.30 y=-0.45 dist=0.54 m[0m
[01:47:42] [0m[INFO] [1779731254.308475068]: [Perception] Post 1: x=-0.30 y=-0.45 dist=0.54 m[0m
[01:47:42] [0m[INFO] [1779731254.608489240]: [Perception] Post 1: x=-0.30 y=-0.45 dist=0.54 m[0m
[01:47:42] [0m[INFO] [1779731254.958476551]: [Perception] Post 1: x=-0.30 y=-0.45 dist=0.54 m[0m
[01:47:42] [0m[INFO] [1779731255.307963236]: [Perception] Post 1: x=-0.30 y=-0.45 dist=0.54 m[0m
[01:47:42] [0m[INFO] [1779731255.608536478]: [Perception] Post 1: x=-0.30 y=-0.45 dist=0.54 m[0m
[01:47:42] [0m[INFO] [1779731255.957901983]: [Perception] Post 1: x=-0.31 y=-0.45 dist=0.54 m[0m
[01:47:42] [0m[INFO] [1779731256.258291579]: [Perception] Post 1: x=-0.31 y=-0.45 dist=0.54 m[0m
[01:47:42] [0m[INFO] [1779731256.558851670]: [Perception] Post 1: x=-0.31 y=-0.45 dist=0.55 m[0m
[01:47:42] [0m[INFO] [1779731256.907337128]: [Perception] Post 1: x=-0.31 y=-0.45 dist=0.54 m[0m
[01:47:42] [0m[INFO] [1779731257.208192630]: [Perception] Post 1: x=-0.31 y=-0.45 dist=0.55 m[0m
[01:47:42] [0m[INFO] [1779731257.557893060]: [Perception] Post 1: x=-0.30 y=-0.45 dist=0.54 m[0m
[01:47:42] [0m[INFO] [1779731257.858734508]: [Perception] Post 1: x=-0.30 y=-0.45 dist=0.54 m[0m
[01:47:42] [0m[INFO] [1779731258.207446251]: [Perception] Post 1: x=-0.30 y=-0.45 dist=0.54 m[0m
[01:47:42] [0m[INFO] [1779731258.507487880]: [Perception] Post 1: x=-0.31 y=-0.45 dist=0.54 m[0m
[01:47:42] [0m[INFO] [1779731258.857958770]: [Perception] Post 1: x=-0.31 y=-0.45 dist=0.54 m[0m
[01:47:42] [0m[INFO] [1779731259.208101537]: [Perception] Post 1: x=-0.31 y=-0.45 dist=0.54 m[0m
[01:47:42] [0m[INFO] [1779731259.509102273]: [Perception] Post 1: x=-0.31 y=-0.45 dist=0.54 m[0m
[01:47:42] [0m[INFO] [1779731259.858038649]: [Perception] Post 1: x=-0.31 y=-0.45 dist=0.55 m[0m
[01:47:42] [0m[INFO] [1779731260.207546859]: [Perception] Post 1: x=-0.30 y=-0.45 dist=0.54 m[0m
[01:47:42] [0m[INFO] [1779731260.507796536]: [Perception] Post 1: x=-0.30 y=-0.45 dist=0.54 m[0m
[01:47:42] [0m[INFO] [1779731260.807929987]: [Perception] Post 1: x=-0.30 y=-0.45 dist=0.54 m[0m
[01:47:42] [0m[INFO] [1779731261.108185684]: [Perception] Post 1: x=-0.30 y=-0.45 dist=0.54 m[0m
[01:47:42] [0m[INFO] [1779731261.457210877]: [Perception] Post 1: x=-0.31 y=-0.45 dist=0.54 m[0m
[01:47:42] [0m[INFO] [1779731261.757924559]: [Perception] Post 1: x=-0.31 y=-0.45 dist=0.54 m[0m
[01:47:42] [0m[INFO] [1779731262.058392951]: [Perception] Post 1: x=-0.30 y=-0.45 dist=0.54 m[0m
[01:47:42] [0m[INFO] [1779731262.407714077]: [Perception] Post 1: x=-0.31 y=-0.45 dist=0.54 m[0m
[01:47:57] [0m[INFO] [1779731262.708318331]: [Perception] Post 1: x=-0.31 y=-0.45 dist=0.54 m[0m
[01:47:57] [0m[INFO] [1779731263.057815985]: [Perception] Post 1: x=-0.30 y=-0.45 dist=0.54 m[0m
[01:47:57] [0m[INFO] [1779731263.408096096]: [Perception] Post 1: x=-0.30 y=-0.45 dist=0.54 m[0m
[01:47:57] [0m[INFO] [1779731263.757460492]: [Perception] Post 1: x=-0.31 y=-0.45 dist=0.54 m[0m
[01:47:57] [0m[INFO] [1779731264.057809609]: [Perception] Post 1: x=-0.30 y=-0.45 dist=0.54 m[0m
[01:47:57] [0m[INFO] [1779731264.407591033]: [Perception] Post 1: x=-0.31 y=-0.45 dist=0.55 m[0m
[01:47:57] [0m[INFO] [1779731264.708781293]: [Perception] Post 1: x=-0.30 y=-0.45 dist=0.54 m[0m
[01:47:57] [0m[INFO] [1779731265.057831955]: [Perception] Post 1: x=-0.30 y=-0.45 dist=0.54 m[0m
[01:47:57] [0m[INFO] [1779731265.358347681]: [Perception] Post 1: x=-0.31 y=-0.45 dist=0.54 m[0m
[01:47:57] [0m[INFO] [1779731265.707993007]: [Perception] Post 1: x=-0.30 y=-0.45 dist=0.54 m[0m
[01:47:57] [0m[INFO] [1779731266.008183900]: [Perception] Post 1: x=-0.30 y=-0.45 dist=0.54 m[0m
[01:47:57] [0m[INFO] [1779731266.357620565]: [Perception] Post 1: x=-0.32 y=-0.44 dist=0.55 m[0m
[01:47:57] [0m[INFO] [1779731266.707663113]: [Perception] Post 1: x=-0.39 y=-0.09 dist=0.40 m[0m
[01:47:57] [0m[INFO] [1779731267.008759015]: [Perception] Post 1: x=-0.45 y=-0.03 dist=0.46 m[0m
[01:47:57] [0m[INFO] [1779731267.357444652]: [Perception] Post 1: x=-0.31 y=-0.45 dist=0.55 m[0m
[01:47:57] [0m[INFO] [1779731267.707092733]: [Perception] Post 1: x=-0.30 y=-0.45 dist=0.54 m[0m
[01:47:57] [0m[INFO] [1779731267.757212307]: [Perception] Ball: x=-0.61 y=0.70 dist=0.93 m[0m
[01:47:57] [0m[INFO] [1779731268.008137598]: [Perception] Post 1: x=-0.30 y=-0.45 dist=0.54 m[0m
[01:47:57] [0m[INFO] [1779731268.357554297]: [Perception] Post 1: x=-0.31 y=-0.45 dist=0.54 m[0m
[01:47:57] [0m[INFO] [1779731268.707456301]: [Perception] Post 1: x=-0.31 y=-0.45 dist=0.54 m[0m
[01:47:57] [0m[INFO] [1779731269.007655261]: [Perception] Post 1: x=-0.31 y=-0.45 dist=0.54 m[0m
[01:47:57] [0m[INFO] [1779731269.308130347]: [Perception] Post 1: x=-0.31 y=-0.45 dist=0.55 m[0m
[01:47:57] [0m[INFO] [1779731269.657426607]: [Perception] Post 1: x=-0.31 y=-0.45 dist=0.54 m[0m
[01:47:57] [0m[INFO] [1779731269.958533509]: [Perception] Post 1: x=-0.31 y=-0.45 dist=0.55 m[0m
[01:47:57] [0m[INFO] [1779731270.258535563]: [Perception] Post 1: x=-0.30 y=-0.45 dist=0.54 m[0m
[01:47:57] [0m[INFO] [1779731270.608110712]: [Perception] Post 1: x=-0.31 y=-0.45 dist=0.55 m[0m
[01:47:57] [0m[INFO] [1779731270.908216686]: [Perception] Post 1: x=-0.30 y=-0.45 dist=0.54 m[0m
[01:47:57] [0m[INFO] [1779731271.208432954]: [Perception] Post 1: x=-0.31 y=-0.45 dist=0.54 m[0m
[01:47:57] [0m[INFO] [1779731271.557970778]: [Perception] Post 1: x=-0.31 y=-0.45 dist=0.55 m[0m
[01:47:57] [0m[INFO] [1779731271.907710931]: [Perception] Post 1: x=-0.31 y=-0.45 dist=0.54 m[0m
[01:47:57] [0m[INFO] [1779731272.207718840]: [Perception] Post 1: x=-0.30 y=-0.45 dist=0.54 m[0m
[01:47:57] [0m[INFO] [1779731272.508223652]: [Perception] Post 1: x=-0.31 y=-0.45 dist=0.55 m[0m
[01:47:57] [0m[INFO] [1779731272.808386886]: [Perception] Post 1: x=-0.30 y=-0.45 dist=0.54 m[0m
[01:47:57] [0m[INFO] [1779731273.157846606]: [Perception] Post 1: x=-0.31 y=-0.45 dist=0.54 m[0m
[01:47:57] [0m[INFO] [1779731273.458295990]: [Perception] Post 1: x=-0.30 y=-0.45 dist=0.54 m[0m
[01:47:57] [0m[INFO] [1779731273.807321599]: [Perception] Post 1: x=-0.30 y=-0.45 dist=0.54 m[0m
[01:47:57] [0m[INFO] [1779731274.107536550]: [Perception] Post 1: x=-0.31 y=-0.45 dist=0.54 m[0m
[01:47:57] [0m[INFO] [1779731274.407779186]: [Perception] Post 1: x=-0.30 y=-0.45 dist=0.54 m[0m
[01:47:57] [0m[INFO] [1779731274.757593617]: [Perception] Post 1: x=-0.31 y=-0.45 dist=0.54 m[0m
[01:47:57] [0m[INFO] [1779731275.059784388]: [Perception] Post 1: x=-0.30 y=-0.45 dist=0.54 m[0m
[01:47:57] [0m[INFO] [1779731275.407458555]: [Perception] Post 1: x=-0.31 y=-0.45 dist=0.54 m[0m
[01:47:57] [0m[INFO] [1779731275.709198472]: [Perception] Post 1: x=-0.31 y=-0.45 dist=0.54 m[0m
[01:47:57] [0m[INFO] [1779731276.058171171]: [Perception] Post 1: x=-0.30 y=-0.45 dist=0.54 m[0m
[01:47:57] [0m[INFO] [1779731276.358957810]: [Perception] Post 1: x=-0.30 y=-0.45 dist=0.54 m[0m
[01:47:57] [0m[INFO] [1779731276.708049938]: [Perception] Post 1: x=-0.30 y=-0.45 dist=0.54 m[0m
[01:47:57] [0m[INFO] [1779731277.058324545]: [Perception] Post 1: x=-0.30 y=-0.45 dist=0.54 m[0m
[01:47:57] [0m[INFO] [1779731277.407778254]: [Perception] Post 1: x=-0.31 y=-0.45 dist=0.54 m[0m
[01:48:12] [0m[INFO] [1779731277.757575449]: [Perception] Post 1: x=-0.30 y=-0.45 dist=0.54 m[0m
[01:48:12] [0m[INFO] [1779731278.058143553]: [Perception] Post 1: x=-0.31 y=-0.45 dist=0.55 m[0m
[01:48:12] [0m[INFO] [1779731278.408530824]: [Perception] Post 1: x=-0.31 y=-0.45 dist=0.54 m[0m
[01:48:12] [0m[INFO] [1779731278.758380340]: [Perception] Post 1: x=-0.31 y=-0.45 dist=0.55 m[0m
[01:48:12] [0m[INFO] [1779731279.107747939]: [Perception] Post 1: x=-0.31 y=-0.45 dist=0.55 m[0m
[01:48:12] [0m[INFO] [1779731279.409457908]: [Perception] Post 1: x=-0.30 y=-0.45 dist=0.54 m[0m
[01:48:12] [0m[INFO] [1779731279.757349845]: [Perception] Post 1: x=-0.31 y=-0.45 dist=0.54 m[0m
[01:48:12] [0m[INFO] [1779731280.057437773]: [Perception] Post 1: x=-0.31 y=-0.45 dist=0.55 m[0m
[01:48:12] [0m[INFO] [1779731280.358354182]: [Perception] Post 1: x=-0.31 y=-0.45 dist=0.55 m[0m
[01:48:12] [0m[INFO] [1779731280.708235648]: [Perception] Post 1: x=-0.30 y=-0.45 dist=0.54 m[0m
[01:48:12] [0m[INFO] [1779731281.008812959]: [Perception] Post 1: x=-0.30 y=-0.45 dist=0.54 m[0m
[01:48:12] [0m[INFO] [1779731281.357766781]: [Perception] Post 1: x=-0.31 y=-0.45 dist=0.55 m[0m
[01:48:12] [0m[INFO] [1779731281.707552221]: [Perception] Post 1: x=-0.31 y=-0.45 dist=0.55 m[0m
[01:48:12] [0m[INFO] [1779731282.008009104]: [Perception] Post 1: x=-0.31 y=-0.45 dist=0.55 m[0m
[01:48:12] [0m[INFO] [1779731282.308602960]: [Perception] Post 1: x=-0.31 y=-0.45 dist=0.54 m[0m
[01:48:12] [0m[INFO] [1779731282.657662823]: [Perception] Post 1: x=-0.31 y=-0.45 dist=0.55 m[0m
[01:48:12] [0m[INFO] [1779731283.007982577]: [Perception] Post 1: x=-0.31 y=-0.45 dist=0.55 m[0m
[01:48:12] [0m[INFO] [1779731283.309133293]: [Perception] Post 1: x=-0.31 y=-0.45 dist=0.54 m[0m
[01:48:12] [0m[INFO] [1779731283.657418377]: [Perception] Post 1: x=-0.30 y=-0.45 dist=0.54 m[0m
[01:48:12] [0m[INFO] [1779731283.958308777]: [Perception] Post 1: x=-0.31 y=-0.45 dist=0.54 m[0m
[01:48:12] [0m[INFO] [1779731284.258359542]: [Perception] Post 1: x=-0.30 y=-0.45 dist=0.54 m[0m
[01:48:12] [0m[INFO] [1779731284.607959921]: [Perception] Post 1: x=-0.31 y=-0.45 dist=0.55 m[0m
[01:48:12] [0m[INFO] [1779731284.909304273]: [Perception] Post 1: x=-0.30 y=-0.45 dist=0.54 m[0m
[01:48:12] [0m[INFO] [1779731285.258261530]: [Perception] Post 1: x=-0.30 y=-0.45 dist=0.54 m[0m
[01:48:12] [0m[INFO] [1779731285.608318969]: [Perception] Post 1: x=-0.30 y=-0.45 dist=0.54 m[0m
[01:48:12] [0m[INFO] [1779731285.958230134]: [Perception] Post 1: x=-0.30 y=-0.45 dist=0.54 m[0m
[01:48:12] [0m[INFO] [1779731286.307826544]: [Perception] Post 1: x=-0.30 y=-0.45 dist=0.54 m[0m
[01:48:12] [0m[INFO] [1779731286.657678281]: [Perception] Post 1: x=-0.31 y=-0.45 dist=0.54 m[0m
[01:48:12] [0m[INFO] [1779731286.957686244]: [Perception] Post 1: x=-0.31 y=-0.45 dist=0.55 m[0m
[01:48:12] [0m[INFO] [1779731287.307391074]: [Perception] Post 1: x=-0.31 y=-0.45 dist=0.54 m[0m
[01:48:12] [0m[INFO] [1779731287.608148662]: [Perception] Post 1: x=-0.30 y=-0.45 dist=0.54 m[0m
[01:48:12] [0m[INFO] [1779731287.957682487]: [Perception] Post 1: x=-0.31 y=-0.45 dist=0.54 m[0m
[01:48:12] [0m[INFO] [1779731288.258419233]: [Perception] Post 1: x=-0.30 y=-0.45 dist=0.54 m[0m
[01:48:12] [0m[INFO] [1779731288.608906150]: [Perception] Post 1: x=-0.30 y=-0.45 dist=0.54 m[0m
[01:48:12] [0m[INFO] [1779731288.958204081]: [Perception] Post 1: x=-0.31 y=-0.45 dist=0.55 m[0m
[01:48:12] [0m[INFO] [1779731289.258459913]: [Perception] Post 1: x=-0.30 y=-0.45 dist=0.54 m[0m
[01:48:12] [0m[INFO] [1779731289.608069510]: [Perception] Post 1: x=-0.30 y=-0.45 dist=0.54 m[0m
[01:48:12] [0m[INFO] [1779731289.908565425]: [Perception] Post 1: x=-0.30 y=-0.45 dist=0.54 m[0m
[01:48:12] [0m[INFO] [1779731290.257309293]: [Perception] Post 1: x=-0.30 y=-0.45 dist=0.54 m[0m
[01:48:12] [0m[INFO] [1779731290.557468088]: [Perception] Post 1: x=-0.30 y=-0.45 dist=0.54 m[0m
[01:48:12] [0m[INFO] [1779731290.858237523]: [Perception] Post 1: x=-0.31 y=-0.45 dist=0.54 m[0m
[01:48:12] [0m[INFO] [1779731291.158821930]: [Perception] Post 1: x=-0.31 y=-0.45 dist=0.54 m[0m
[01:48:12] [0m[INFO] [1779731291.508543927]: [Perception] Post 1: x=-0.31 y=-0.45 dist=0.54 m[0m
[01:48:12] [0m[INFO] [1779731291.858194504]: [Perception] Post 1: x=-0.30 y=-0.45 dist=0.54 m[0m
[01:48:12] [0m[INFO] [1779731292.158762324]: [Perception] Post 1: x=-0.30 y=-0.45 dist=0.54 m[0m
[01:48:12] [0m[INFO] [1779731292.507943773]: [Perception] Post 1: x=-0.31 y=-0.45 dist=0.54 m[0m
[01:48:28] [0m[INFO] [1779731292.808242790]: [Perception] Post 1: x=-0.31 y=-0.45 dist=0.54 m[0m
[01:48:28] [0m[INFO] [1779731293.108296926]: [Perception] Post 1: x=-0.30 y=-0.45 dist=0.54 m[0m
[01:48:28] [0m[INFO] [1779731293.408988982]: [Perception] Post 1: x=-0.30 y=-0.45 dist=0.54 m[0m
[01:48:28] [0m[INFO] [1779731293.758321711]: [Perception] Post 1: x=-0.31 y=-0.45 dist=0.54 m[0m
[01:48:28] [0m[INFO] [1779731294.058525636]: [Perception] Post 1: x=-0.30 y=-0.45 dist=0.54 m[0m
[01:48:28] [0m[INFO] [1779731294.408544431]: [Perception] Post 1: x=-0.31 y=-0.45 dist=0.54 m[0m
[01:48:28] [0m[INFO] [1779731294.757595386]: [Perception] Post 1: x=-0.30 y=-0.45 dist=0.54 m[0m
[01:48:28] [0m[INFO] [1779731295.108374003]: [Perception] Post 1: x=-0.30 y=-0.45 dist=0.54 m[0m
[01:48:28] [0m[INFO] [1779731295.408466177]: [Perception] Post 1: x=-0.30 y=-0.45 dist=0.54 m[0m
[01:48:28] [0m[INFO] [1779731295.758732390]: [Perception] Post 1: x=-0.31 y=-0.45 dist=0.54 m[0m
[01:48:28] [0m[INFO] [1779731296.107272384]: [Perception] Post 1: x=-0.30 y=-0.45 dist=0.54 m[0m
[01:48:28] [0m[INFO] [1779731296.458286001]: [Perception] Post 1: x=-0.31 y=-0.45 dist=0.54 m[0m
[01:48:28] [0m[INFO] [1779731296.758517241]: [Perception] Post 1: x=-0.31 y=-0.45 dist=0.54 m[0m
[01:48:28] [0m[INFO] [1779731297.107759910]: [Perception] Post 1: x=-0.30 y=-0.45 dist=0.54 m[0m
[01:48:28] [0m[INFO] [1779731297.408483054]: [Perception] Post 1: x=-0.31 y=-0.45 dist=0.54 m[0m
[01:48:28] [0m[INFO] [1779731297.758129776]: [Perception] Post 1: x=-0.31 y=-0.45 dist=0.55 m[0m
[01:48:28] [0m[INFO] [1779731298.107884747]: [Perception] Post 1: x=-0.31 y=-0.45 dist=0.54 m[0m
[01:48:28] [0m[INFO] [1779731298.457519985]: [Perception] Post 1: x=-0.30 y=-0.45 dist=0.54 m[0m
[01:48:28] [0m[INFO] [1779731298.758504105]: [Perception] Post 1: x=-0.30 y=-0.45 dist=0.54 m[0m
[01:48:28] [0m[INFO] [1779731299.108011158]: [Perception] Post 1: x=-0.31 y=-0.45 dist=0.55 m[0m
[01:48:28] [0m[INFO] [1779731299.408313030]: [Perception] Post 1: x=-0.31 y=-0.45 dist=0.54 m[0m
[01:48:28] [0m[INFO] [1779731299.708994412]: [Perception] Post 1: x=-0.30 y=-0.45 dist=0.54 m[0m
[01:48:28] [0m[INFO] [1779731300.058489093]: [Perception] Post 1: x=-0.30 y=-0.45 dist=0.54 m[0m
[01:48:28] [0m[INFO] [1779731300.408940998]: [Perception] Post 1: x=-0.30 y=-0.45 dist=0.54 m[0m
[01:48:28] [0m[INFO] [1779731300.757821618]: [Perception] Post 1: x=-0.31 y=-0.45 dist=0.54 m[0m
[01:48:28] [0m[INFO] [1779731301.057886712]: [Perception] Post 1: x=-0.30 y=-0.45 dist=0.54 m[0m
[01:48:28] [0m[INFO] [1779731301.407744447]: [Perception] Post 1: x=-0.30 y=-0.45 dist=0.54 m[0m
[01:48:28] [0m[INFO] [1779731301.758229164]: [Perception] Post 1: x=-0.30 y=-0.45 dist=0.54 m[0m
[01:48:28] [0m[INFO] [1779731302.107502930]: [Perception] Post 1: x=-0.31 y=-0.45 dist=0.54 m[0m
[01:48:28] [0m[INFO] [1779731302.407764881]: [Perception] Post 1: x=-0.31 y=-0.45 dist=0.55 m[0m
[01:48:28] [0m[INFO] [1779731302.707970463]: [Perception] Post 1: x=-0.30 y=-0.45 dist=0.54 m[0m
[01:48:28] [0m[INFO] [1779731303.057445706]: [Perception] Post 1: x=-0.30 y=-0.45 dist=0.54 m[0m
[01:48:28] [0m[INFO] [1779731303.357672625]: [Perception] Post 1: x=-0.31 y=-0.45 dist=0.54 m[0m
[01:48:28] [0m[INFO] [1779731303.658157445]: [Perception] Post 1: x=-0.30 y=-0.45 dist=0.54 m[0m
[01:48:28] [0m[INFO] [1779731304.007592289]: [Perception] Post 1: x=-0.31 y=-0.45 dist=0.54 m[0m
[01:48:28] [0m[INFO] [1779731304.308233884]: [Perception] Post 1: x=-0.31 y=-0.45 dist=0.55 m[0m
[01:48:28] [0m[INFO] [1779731304.608541519]: [Perception] Post 1: x=-0.30 y=-0.45 dist=0.54 m[0m
[01:48:28] [0m[INFO] [1779731304.957433155]: [Perception] Post 1: x=-0.31 y=-0.45 dist=0.55 m[0m
[01:48:28] [0m[INFO] [1779731305.257486584]: [Perception] Post 1: x=-0.31 y=-0.45 dist=0.54 m[0m
[01:48:28] [0m[INFO] [1779731305.557601763]: [Perception] Post 1: x=-0.30 y=-0.45 dist=0.54 m[0m
[01:48:28] [0m[INFO] [1779731305.858398927]: [Perception] Post 1: x=-0.30 y=-0.45 dist=0.54 m[0m
[01:48:28] [0m[INFO] [1779731306.207692879]: [Perception] Post 1: x=-0.31 y=-0.45 dist=0.54 m[0m
[01:48:28] [0m[INFO] [1779731306.558282573]: [Perception] Post 1: x=-0.30 y=-0.45 dist=0.54 m[0m
[01:48:28] [0m[INFO] [1779731306.907486575]: [Perception] Post 1: x=-0.30 y=-0.45 dist=0.54 m[0m
[01:48:28] [0m[INFO] [1779731307.207599445]: [Perception] Post 1: x=-0.31 y=-0.45 dist=0.54 m[0m
[01:48:28] [0m[INFO] [1779731307.508500876]: [Perception] Post 1: x=-0.30 y=-0.45 dist=0.54 m[0m
[01:48:28] [0m[INFO] [1779731307.857454180]: [Perception] Post 1: x=-0.30 y=-0.45 dist=0.54 m[0m
[01:48:43] [0m[INFO] [1779731308.208621403]: [Perception] Post 1: x=-0.30 y=-0.45 dist=0.54 m[0m
[01:48:43] [0m[INFO] [1779731308.557709398]: [Perception] Post 1: x=-0.30 y=-0.45 dist=0.54 m[0m
[01:48:43] [0m[INFO] [1779731308.908764811]: [Perception] Post 1: x=-0.30 y=-0.45 dist=0.54 m[0m
[01:48:43] [0m[INFO] [1779731309.258622186]: [Perception] Post 1: x=-0.31 y=-0.45 dist=0.55 m[0m
[01:48:43] [0m[INFO] [1779731309.607720395]: [Perception] Post 1: x=-0.30 y=-0.45 dist=0.54 m[0m
[01:48:43] [0m[INFO] [1779731309.908269545]: [Perception] Post 1: x=-0.30 y=-0.45 dist=0.54 m[0m
[01:48:43] [0m[INFO] [1779731310.257829419]: [Perception] Post 1: x=-0.30 y=-0.45 dist=0.54 m[0m
[01:48:43] [0m[INFO] [1779731310.558241996]: [Perception] Post 1: x=-0.31 y=-0.45 dist=0.54 m[0m
[01:48:43] [0m[INFO] [1779731310.907528541]: [Perception] Post 1: x=-0.30 y=-0.45 dist=0.54 m[0m
[01:48:43] [0m[INFO] [1779731311.208268580]: [Perception] Post 1: x=-0.31 y=-0.45 dist=0.54 m[0m
[01:48:43] [0m[INFO] [1779731311.558044256]: [Perception] Post 1: x=-0.31 y=-0.45 dist=0.55 m[0m
[01:48:43] [0m[INFO] [1779731311.858454968]: [Perception] Post 1: x=-0.30 y=-0.45 dist=0.54 m[0m
[01:48:43] [0m[INFO] [1779731312.207388679]: [Perception] Post 1: x=-0.30 y=-0.45 dist=0.54 m[0m
[01:48:43] [0m[INFO] [1779731312.508244655]: [Perception] Post 1: x=-0.31 y=-0.45 dist=0.54 m[0m
[01:48:43] [0m[INFO] [1779731312.857413478]: [Perception] Post 1: x=-0.30 y=-0.45 dist=0.54 m[0m
[01:48:43] [0m[INFO] [1779731313.158924136]: [Perception] Post 1: x=-0.31 y=-0.45 dist=0.54 m[0m
[01:48:43] [0m[INFO] [1779731313.508984402]: [Perception] Post 1: x=-0.31 y=-0.45 dist=0.54 m[0m
[01:48:43] [0m[INFO] [1779731313.858536150]: [Perception] Post 1: x=-0.31 y=-0.45 dist=0.54 m[0m
[01:48:43] [0m[INFO] [1779731314.207283581]: [Perception] Post 1: x=-0.31 y=-0.45 dist=0.55 m[0m
[01:48:43] [0m[INFO] [1779731314.507967844]: [Perception] Post 1: x=-0.31 y=-0.45 dist=0.54 m[0m
[01:48:43] [0m[INFO] [1779731314.808042674]: [Perception] Post 1: x=-0.30 y=-0.45 dist=0.54 m[0m
[01:48:43] [0m[INFO] [1779731315.157479432]: [Perception] Post 1: x=-0.31 y=-0.45 dist=0.54 m[0m
[01:48:43] [0m[INFO] [1779731315.507555551]: [Perception] Post 1: x=-0.31 y=-0.45 dist=0.54 m[0m
[01:48:43] [0m[INFO] [1779731315.808040469]: [Perception] Post 1: x=-0.31 y=-0.45 dist=0.54 m[0m
[01:48:43] [0m[INFO] [1779731316.157383898]: [Perception] Post 1: x=-0.30 y=-0.45 dist=0.54 m[0m
[01:48:43] [0m[INFO] [1779731316.457422656]: [Perception] Post 1: x=-0.31 y=-0.45 dist=0.54 m[0m
[01:48:43] [0m[INFO] [1779731316.757832417]: [Perception] Post 1: x=-0.31 y=-0.45 dist=0.54 m[0m
[01:48:43] [0m[INFO] [1779731317.058536675]: [Perception] Post 1: x=-0.31 y=-0.45 dist=0.55 m[0m
[01:48:43] [0m[INFO] [1779731317.358586272]: [Perception] Post 1: x=-0.30 y=-0.45 dist=0.54 m[0m
[01:48:43] [0m[INFO] [1779731317.707421550]: [Perception] Post 1: x=-0.31 y=-0.45 dist=0.54 m[0m
[01:48:43] [0m[INFO] [1779731318.007488288]: [Perception] Post 1: x=-0.30 y=-0.45 dist=0.54 m[0m
[01:48:43] [0m[INFO] [1779731318.308408431]: [Perception] Post 1: x=-0.30 y=-0.45 dist=0.54 m[0m
[01:48:43] [0m[INFO] [1779731318.657857901]: [Perception] Post 1: x=-0.31 y=-0.45 dist=0.54 m[0m
[01:48:43] [0m[INFO] [1779731318.957932179]: [Perception] Post 1: x=-0.31 y=-0.45 dist=0.54 m[0m
[01:48:43] [0m[INFO] [1779731319.307969309]: [Perception] Post 1: x=-0.30 y=-0.45 dist=0.54 m[0m
[01:48:43] [0m[INFO] [1779731319.657712729]: [Perception] Post 1: x=-0.31 y=-0.45 dist=0.55 m[0m
[01:48:43] [0m[INFO] [1779731319.957960877]: [Perception] Post 1: x=-0.30 y=-0.45 dist=0.54 m[0m
[01:48:43] [0m[INFO] [1779731320.258410726]: [Perception] Post 1: x=-0.30 y=-0.45 dist=0.54 m[0m
[01:48:43] [0m[INFO] [1779731320.607300583]: [Perception] Post 1: x=-0.30 y=-0.45 dist=0.54 m[0m
[01:48:43] [0m[INFO] [1779731320.908524664]: [Perception] Post 1: x=-0.30 y=-0.45 dist=0.54 m[0m
[01:48:43] [0m[INFO] [1779731321.257713020]: [Perception] Post 1: x=-0.31 y=-0.45 dist=0.55 m[0m
[01:48:43] [0m[INFO] [1779731321.557820734]: [Perception] Post 1: x=-0.31 y=-0.45 dist=0.54 m[0m
[01:48:43] [0m[INFO] [1779731321.858826617]: [Perception] Post 1: x=-0.30 y=-0.45 dist=0.54 m[0m
[01:48:43] [0m[INFO] [1779731322.207426488]: [Perception] Post 1: x=-0.31 y=-0.45 dist=0.54 m[0m
[01:48:43] [0m[INFO] [1779731322.508926745]: [Perception] Post 1: x=-0.30 y=-0.45 dist=0.54 m[0m
[01:48:43] [0m[INFO] [1779731322.857912366]: [Perception] Post 1: x=-0.31 y=-0.45 dist=0.54 m[0m
[01:48:58] [0m[INFO] [1779731323.208592931]: [Perception] Post 1: x=-0.30 y=-0.45 dist=0.54 m[0m
[01:48:58] [0m[INFO] [1779731323.558308958]: [Perception] Post 1: x=-0.30 y=-0.45 dist=0.54 m[0m
[01:48:58] [0m[INFO] [1779731323.859144701]: [Perception] Post 1: x=-0.31 y=-0.45 dist=0.54 m[0m
[01:48:58] [0m[INFO] [1779731324.207771242]: [Perception] Post 1: x=-0.30 y=-0.45 dist=0.54 m[0m
[01:48:58] [0m[INFO] [1779731324.508278254]: [Perception] Post 1: x=-0.30 y=-0.45 dist=0.54 m[0m
[01:48:58] [0m[INFO] [1779731324.857633259]: [Perception] Post 1: x=-0.31 y=-0.45 dist=0.54 m[0m
[01:48:58] [0m[INFO] [1779731325.207249694]: [Perception] Post 1: x=-0.31 y=-0.45 dist=0.55 m[0m
[01:48:58] [0m[INFO] [1779731325.557340232]: [Perception] Post 1: x=-0.31 y=-0.45 dist=0.54 m[0m
[01:48:58] [0m[INFO] [1779731325.858394261]: [Perception] Post 1: x=-0.30 y=-0.45 dist=0.54 m[0m
[01:48:58] [0m[INFO] [1779731326.158669959]: [Perception] Post 1: x=-0.31 y=-0.45 dist=0.54 m[0m
[01:48:58] [0m[INFO] [1779731326.507603445]: [Perception] Post 1: x=-0.31 y=-0.45 dist=0.54 m[0m
[01:48:58] [0m[INFO] [1779731326.807661635]: [Perception] Post 1: x=-0.31 y=-0.45 dist=0.54 m[0m
[01:48:58] [0m[INFO] [1779731327.108252064]: [Perception] Post 1: x=-0.30 y=-0.45 dist=0.54 m[0m
[01:48:58] [0m[INFO] [1779731327.457801776]: [Perception] Post 1: x=-0.31 y=-0.45 dist=0.54 m[0m
[01:48:58] [0m[INFO] [1779731327.758510355]: [Perception] Post 1: x=-0.30 y=-0.45 dist=0.54 m[0m
[01:48:58] [0m[INFO] [1779731328.107907633]: [Perception] Post 1: x=-0.30 y=-0.45 dist=0.54 m[0m
[01:48:58] [0m[INFO] [1779731328.457427154]: [Perception] Post 1: x=-0.30 y=-0.45 dist=0.54 m[0m
[01:48:58] [0m[INFO] [1779731328.807660505]: [Perception] Post 1: x=-0.30 y=-0.45 dist=0.54 m[0m
[01:48:58] [0m[INFO] [1779731329.157411921]: [Perception] Post 1: x=-0.31 y=-0.45 dist=0.54 m[0m
[01:48:58] [0m[INFO] [1779731329.457685399]: [Perception] Post 1: x=-0.30 y=-0.45 dist=0.54 m[0m
[01:48:58] [0m[INFO] [1779731329.757867233]: [Perception] Post 1: x=-0.31 y=-0.45 dist=0.54 m[0m
[01:48:58] [0m[INFO] [1779731330.107328820]: [Perception] Post 1: x=-0.30 y=-0.45 dist=0.54 m[0m
[01:48:58] [0m[INFO] [1779731330.407404372]: [Perception] Post 1: x=-0.30 y=-0.45 dist=0.54 m[0m
[01:48:58] [0m[INFO] [1779731330.707600374]: [Perception] Post 1: x=-0.30 y=-0.45 dist=0.54 m[0m
[01:48:58] [0m[INFO] [1779731331.057746057]: [Perception] Post 1: x=-0.30 y=-0.45 dist=0.54 m[0m
[01:48:58] [0m[INFO] [1779731331.407586085]: [Perception] Post 1: x=-0.30 y=-0.45 dist=0.54 m[0m
[01:48:58] [0m[INFO] [1779731331.757312529]: [Perception] Post 1: x=-0.31 y=-0.45 dist=0.54 m[0m
[01:48:58] [0m[INFO] [1779731332.058562761]: [Perception] Post 1: x=-0.30 y=-0.45 dist=0.54 m[0m
[01:48:58] [0m[INFO] [1779731332.408121808]: [Perception] Post 1: x=-0.31 y=-0.45 dist=0.54 m[0m
[01:48:58] [0m[INFO] [1779731332.708342667]: [Perception] Post 1: x=-0.30 y=-0.45 dist=0.54 m[0m
[01:48:58] [0m[INFO] [1779731333.008378761]: [Perception] Post 1: x=-0.30 y=-0.45 dist=0.54 m[0m
[01:48:58] [0m[INFO] [1779731333.358060526]: [Perception] Post 1: x=-0.30 y=-0.45 dist=0.54 m[0m
[01:48:58] [0m[INFO] [1779731333.658267689]: [Perception] Post 1: x=-0.30 y=-0.45 dist=0.54 m[0m
[01:48:58] [0m[INFO] [1779731334.008557955]: [Perception] Post 1: x=-0.31 y=-0.45 dist=0.54 m[0m
[01:48:58] [0m[INFO] [1779731334.357917787]: [Perception] Post 1: x=-0.30 y=-0.45 dist=0.54 m[0m
[01:48:58] [0m[INFO] [1779731334.658792995]: [Perception] Post 1: x=-0.30 y=-0.45 dist=0.54 m[0m
[01:48:58] [0m[INFO] [1779731335.008216673]: [Perception] Post 1: x=-0.30 y=-0.45 dist=0.54 m[0m
[01:48:58] [0m[INFO] [1779731335.309685085]: [Perception] Post 1: x=-0.30 y=-0.45 dist=0.54 m[0m
[01:48:58] [0m[INFO] [1779731335.658934859]: [Perception] Post 1: x=-0.31 y=-0.45 dist=0.54 m[0m
[01:48:58] [0m[INFO] [1779731336.008156924]: [Perception] Post 1: x=-0.30 y=-0.45 dist=0.54 m[0m
[01:48:58] [0m[INFO] [1779731336.357388302]: [Perception] Post 1: x=-0.30 y=-0.45 dist=0.54 m[0m
[01:48:58] [0m[INFO] [1779731336.657531320]: [Perception] Post 1: x=-0.31 y=-0.45 dist=0.54 m[0m
[01:48:58] [0m[INFO] [1779731336.957650861]: [Perception] Post 1: x=-0.31 y=-0.45 dist=0.54 m[0m
[01:48:58] [0m[INFO] [1779731337.308040704]: [Perception] Post 1: x=-0.30 y=-0.45 dist=0.54 m[0m
[01:48:58] [0m[INFO] [1779731337.608754999]: [Perception] Post 1: x=-0.30 y=-0.45 dist=0.54 m[0m
[01:48:58] [0m[INFO] [1779731337.957206040]: [Perception] Post 1: x=-0.31 y=-0.45 dist=0.54 m[0m
[01:48:58] [0m[INFO] [1779731338.257325729]: [Perception] Post 1: x=-0.31 y=-0.45 dist=0.55 m[0m
[01:49:13] [0m[INFO] [1779731338.558059542]: [Perception] Post 1: x=-0.31 y=-0.45 dist=0.54 m[0m
[01:49:13] [0m[INFO] [1779731338.907362273]: [Perception] Post 1: x=-0.31 y=-0.45 dist=0.55 m[0m
[01:49:13] [0m[INFO] [1779731339.209181634]: [Perception] Post 1: x=-0.30 y=-0.45 dist=0.54 m[0m
[01:49:13] [0m[INFO] [1779731339.557423389]: [Perception] Post 1: x=-0.30 y=-0.45 dist=0.54 m[0m
[01:49:13] [0m[INFO] [1779731339.857772699]: [Perception] Post 1: x=-0.31 y=-0.45 dist=0.54 m[0m
[01:49:13] [0m[INFO] [1779731340.207725065]: [Perception] Post 1: x=-0.30 y=-0.45 dist=0.54 m[0m
[01:49:13] [0m[INFO] [1779731340.508142337]: [Perception] Post 1: x=-0.31 y=-0.45 dist=0.55 m[0m
[01:49:13] [0m[INFO] [1779731340.857698345]: [Perception] Post 1: x=-0.30 y=-0.45 dist=0.54 m[0m
[01:49:13] [0m[INFO] [1779731341.158452918]: [Perception] Post 1: x=-0.31 y=-0.45 dist=0.55 m[0m
[01:49:13] [0m[INFO] [1779731341.507485140]: [Perception] Post 1: x=-0.30 y=-0.45 dist=0.54 m[0m
[01:49:13] [0m[INFO] [1779731341.808582687]: [Perception] Post 1: x=-0.31 y=-0.45 dist=0.54 m[0m
[01:49:13] [0m[INFO] [1779731342.108980840]: [Perception] Post 1: x=-0.31 y=-0.45 dist=0.55 m[0m
[01:49:13] [0m[INFO] [1779731342.458402775]: [Perception] Post 1: x=-0.31 y=-0.45 dist=0.54 m[0m
[01:49:13] [0m[INFO] [1779731342.759065418]: [Perception] Post 1: x=-0.31 y=-0.45 dist=0.54 m[0m
[01:49:13] [0m[INFO] [1779731343.108407566]: [Perception] Post 1: x=-0.30 y=-0.45 dist=0.54 m[0m
[01:49:13] [0m[INFO] [1779731343.458413993]: [Perception] Post 1: x=-0.30 y=-0.45 dist=0.54 m[0m
[01:49:13] [0m[INFO] [1779731343.808527450]: [Perception] Post 1: x=-0.31 y=-0.45 dist=0.55 m[0m
[01:49:13] [0m[INFO] [1779731344.157435976]: [Perception] Post 1: x=-0.31 y=-0.45 dist=0.54 m[0m
[01:49:13] [0m[INFO] [1779731344.457832598]: [Perception] Post 1: x=-0.30 y=-0.45 dist=0.54 m[0m
[01:49:13] [0m[INFO] [1779731344.758083833]: [Perception] Post 1: x=-0.30 y=-0.45 dist=0.54 m[0m
[01:49:13] [0m[INFO] [1779731345.107377399]: [Perception] Post 1: x=-0.31 y=-0.45 dist=0.54 m[0m
[01:49:13] [0m[INFO] [1779731345.408745331]: [Perception] Post 1: x=-0.31 y=-0.45 dist=0.54 m[0m
[01:49:13] [0m[INFO] [1779731345.757978665]: [Perception] Post 1: x=-0.31 y=-0.45 dist=0.54 m[0m
[01:49:13] [0m[INFO] [1779731346.107755506]: [Perception] Post 1: x=-0.30 y=-0.45 dist=0.54 m[0m
[01:49:13] [0m[INFO] [1779731346.408542931]: [Perception] Post 1: x=-0.30 y=-0.45 dist=0.54 m[0m
[01:49:13] [0m[INFO] [1779731346.757586329]: [Perception] Post 1: x=-0.31 y=-0.45 dist=0.54 m[0m
[01:49:13] [0m[INFO] [1779731347.058925695]: [Perception] Post 1: x=-0.30 y=-0.45 dist=0.54 m[0m
[01:49:13] [0m[INFO] [1779731347.407155730]: [Perception] Post 1: x=-0.31 y=-0.45 dist=0.54 m[0m
[01:49:13] [0m[INFO] [1779731347.709453086]: [Perception] Post 1: x=-0.31 y=-0.45 dist=0.54 m[0m
[01:49:13] [0m[INFO] [1779731348.057384997]: [Perception] Post 1: x=-0.30 y=-0.45 dist=0.54 m[0m
[01:49:13] [0m[INFO] [1779731348.359158085]: [Perception] Post 1: x=-0.30 y=-0.45 dist=0.54 m[0m
[01:49:13] [0m[INFO] [1779731348.707413440]: [Perception] Post 1: x=-0.30 y=-0.45 dist=0.54 m[0m
[01:49:13] [0m[INFO] [1779731349.058804379]: [Perception] Post 1: x=-0.30 y=-0.45 dist=0.54 m[0m
[01:49:13] [0m[INFO] [1779731349.407806168]: [Perception] Post 1: x=-0.31 y=-0.45 dist=0.54 m[0m
[01:49:13] [0m[INFO] [1779731349.709228999]: [Perception] Post 1: x=-0.31 y=-0.45 dist=0.55 m[0m
[01:49:13] [0m[INFO] [1779731350.058179454]: [Perception] Post 1: x=-0.31 y=-0.45 dist=0.55 m[0m
[01:49:13] [0m[INFO] [1779731350.407947294]: [Perception] Post 1: x=-0.31 y=-0.45 dist=0.54 m[0m
[01:49:13] [0m[INFO] [1779731350.757992403]: [Perception] Post 1: x=-0.30 y=-0.45 dist=0.54 m[0m
[01:49:13] [0m[INFO] [1779731351.108779656]: [Perception] Post 1: x=-0.30 y=-0.45 dist=0.54 m[0m
[01:49:13] [0m[INFO] [1779731351.457944417]: [Perception] Post 1: x=-0.30 y=-0.45 dist=0.54 m[0m
[01:49:13] [0m[INFO] [1779731351.807983620]: [Perception] Post 1: x=-0.31 y=-0.45 dist=0.54 m[0m
[01:49:13] [0m[INFO] [1779731352.108038348]: [Perception] Post 1: x=-0.30 y=-0.45 dist=0.54 m[0m
[01:49:13] [0m[INFO] [1779731352.457551752]: [Perception] Post 1: x=-0.30 y=-0.45 dist=0.54 m[0m
[01:49:13] [0m[INFO] [1779731352.758041229]: [Perception] Post 1: x=-0.31 y=-0.45 dist=0.54 m[0m
[01:49:13] [0m[INFO] [1779731353.108613654]: [Perception] Post 1: x=-0.30 y=-0.45 dist=0.54 m[0m
[01:49:13] [0m[INFO] [1779731353.457525892]: [Perception] Post 1: x=-0.31 y=-0.45 dist=0.55 m[0m
[01:49:29] [0m[INFO] [1779731353.757713016]: [Perception] Post 1: x=-0.30 y=-0.45 dist=0.54 m[0m
[01:49:29] [0m[INFO] [1779731354.058614438]: [Perception] Post 1: x=-0.30 y=-0.45 dist=0.54 m[0m
[01:49:29] [0m[INFO] [1779731354.407287086]: [Perception] Post 1: x=-0.30 y=-0.45 dist=0.54 m[0m
[01:49:29] [0m[INFO] [1779731354.708985202]: [Perception] Post 1: x=-0.30 y=-0.45 dist=0.54 m[0m
[01:49:29] [0m[INFO] [1779731355.058459850]: [Perception] Post 1: x=-0.31 y=-0.45 dist=0.54 m[0m
[01:49:29] [0m[INFO] [1779731355.408093850]: [Perception] Post 1: x=-0.30 y=-0.45 dist=0.54 m[0m
[01:49:29] [0m[INFO] [1779731355.758628709]: [Perception] Post 1: x=-0.31 y=-0.45 dist=0.54 m[0m
[01:49:29] [0m[INFO] [1779731356.058678582]: [Perception] Post 1: x=-0.31 y=-0.45 dist=0.54 m[0m
[01:49:29] [0m[INFO] [1779731356.408386689]: [Perception] Post 1: x=-0.30 y=-0.45 dist=0.54 m[0m
[01:49:29] [0m[INFO] [1779731356.757633649]: [Perception] Post 1: x=-0.30 y=-0.45 dist=0.55 m[0m
[01:49:29] [0m[INFO] [1779731357.058243805]: [Perception] Post 1: x=-0.30 y=-0.45 dist=0.54 m[0m
[01:49:29] [0m[INFO] [1779731357.407607762]: [Perception] Post 1: x=-0.30 y=-0.45 dist=0.54 m[0m
[01:49:29] [0m[INFO] [1779731357.708846827]: [Perception] Post 1: x=-0.30 y=-0.45 dist=0.54 m[0m
[01:49:29] [0m[INFO] [1779731358.057202689]: [Perception] Post 1: x=-0.31 y=-0.45 dist=0.55 m[0m
[01:49:29] [0m[INFO] [1779731358.357426511]: [Perception] Post 1: x=-0.31 y=-0.45 dist=0.54 m[0m
[01:49:29] [0m[INFO] [1779731358.708408463]: [Perception] Post 1: x=-0.30 y=-0.45 dist=0.54 m[0m
[01:49:29] [0m[INFO] [1779731359.058351311]: [Perception] Post 1: x=-0.31 y=-0.45 dist=0.54 m[0m
[01:49:29] [0m[INFO] [1779731359.358969864]: [Perception] Post 1: x=-0.31 y=-0.45 dist=0.54 m[0m
[01:49:29] [0m[INFO] [1779731359.707224118]: [Perception] Post 1: x=-0.30 y=-0.45 dist=0.54 m[0m
[01:49:29] [0m[INFO] [1779731360.008331774]: [Perception] Post 1: x=-0.30 y=-0.45 dist=0.54 m[0m
[01:49:29] [0m[INFO] [1779731360.357912987]: [Perception] Post 1: x=-0.30 y=-0.45 dist=0.54 m[0m
[01:49:29] [0m[INFO] [1779731360.708519083]: [Perception] Post 1: x=-0.31 y=-0.45 dist=0.55 m[0m
[01:49:29] [0m[INFO] [1779731361.057936198]: [Perception] Post 1: x=-0.31 y=-0.45 dist=0.54 m[0m
[01:49:29] [0m[INFO] [1779731361.359067962]: [Perception] Post 1: x=-0.31 y=-0.45 dist=0.54 m[0m
[01:49:29] [0m[INFO] [1779731361.707933576]: [Perception] Post 1: x=-0.31 y=-0.45 dist=0.54 m[0m
[01:49:29] [0m[INFO] [1779731362.057520629]: [Perception] Post 1: x=-0.30 y=-0.45 dist=0.54 m[0m
[01:49:29] [0m[INFO] [1779731362.357980898]: [Perception] Post 1: x=-0.31 y=-0.45 dist=0.55 m[0m
[01:49:29] [0m[INFO] [1779731362.658778074]: [Perception] Post 1: x=-0.31 y=-0.45 dist=0.54 m[0m
[01:49:29] [0m[INFO] [1779731363.008218095]: [Perception] Post 1: x=-0.31 y=-0.45 dist=0.54 m[0m
[01:49:29] [0m[INFO] [1779731363.357724007]: [Perception] Post 1: x=-0.31 y=-0.45 dist=0.54 m[0m
[01:49:29] [0m[INFO] [1779731363.659071692]: [Perception] Post 1: x=-0.31 y=-0.45 dist=0.54 m[0m
[01:49:29] [0m[INFO] [1779731364.007204790]: [Perception] Post 1: x=-0.31 y=-0.45 dist=0.54 m[0m
[01:49:29] [0m[INFO] [1779731364.307974783]: [Perception] Post 1: x=-0.31 y=-0.45 dist=0.55 m[0m
[01:49:29] [0m[INFO] [1779731364.658281909]: [Perception] Post 1: x=-0.31 y=-0.45 dist=0.55 m[0m
[01:49:29] [0m[INFO] [1779731365.009069377]: [Perception] Post 1: x=-0.31 y=-0.45 dist=0.54 m[0m
[01:49:29] [0m[INFO] [1779731365.358288157]: [Perception] Post 1: x=-0.30 y=-0.45 dist=0.54 m[0m
[01:49:29] [0m[INFO] [1779731365.708431557]: [Perception] Post 1: x=-0.30 y=-0.45 dist=0.54 m[0m
[01:49:29] [0m[INFO] [1779731366.057918925]: [Perception] Post 1: x=-0.31 y=-0.45 dist=0.54 m[0m
[01:49:29] [0m[INFO] [1779731366.359134015]: [Perception] Post 1: x=-0.31 y=-0.45 dist=0.55 m[0m
[01:49:29] [0m[INFO] [1779731366.707419537]: [Perception] Post 1: x=-0.30 y=-0.45 dist=0.54 m[0m
[01:49:29] [0m[INFO] [1779731367.007505688]: [Perception] Post 1: x=-0.31 y=-0.45 dist=0.55 m[0m
[01:49:29] [0m[INFO] [1779731367.308221192]: [Perception] Post 1: x=-0.30 y=-0.45 dist=0.54 m[0m
[01:49:29] [0m[INFO] [1779731367.608999862]: [Perception] Post 1: x=-0.30 y=-0.45 dist=0.54 m[0m
[01:49:29] [0m[INFO] [1779731367.958619797]: [Perception] Post 1: x=-0.30 y=-0.45 dist=0.54 m[0m
[01:49:29] [0m[INFO] [1779731368.308399221]: [Perception] Post 1: x=-0.31 y=-0.45 dist=0.54 m[0m
[01:49:29] [0m[INFO] [1779731368.657732619]: [Perception] Post 1: x=-0.30 y=-0.45 dist=0.54 m[0m
[01:49:29] [0m[INFO] [1779731368.958575079]: [Perception] Post 1: x=-0.31 y=-0.45 dist=0.55 m[0m
[01:49:44] [0m[INFO] [1779731369.308160864]: [Perception] Post 1: x=-0.30 y=-0.45 dist=0.54 m[0m
[01:49:44] [0m[INFO] [1779731369.608394138]: [Perception] Post 1: x=-0.30 y=-0.45 dist=0.54 m[0m
[01:49:44] [0m[INFO] [1779731369.957362251]: [Perception] Post 1: x=-0.31 y=-0.45 dist=0.54 m[0m
[01:49:44] [0m[INFO] [1779731370.257499059]: [Perception] Post 1: x=-0.30 y=-0.45 dist=0.54 m[0m
[01:49:44] [0m[INFO] [1779731370.558793184]: [Perception] Post 1: x=-0.30 y=-0.45 dist=0.54 m[0m
[01:49:44] [0m[INFO] [1779731370.908143799]: [Perception] Post 1: x=-0.30 y=-0.45 dist=0.54 m[0m
[01:49:44] [0m[INFO] [1779731371.208297588]: [Perception] Post 1: x=-0.31 y=-0.45 dist=0.54 m[0m
[01:49:44] [0m[INFO] [1779731371.559355676]: [Perception] Post 1: x=-0.30 y=-0.45 dist=0.54 m[0m
[01:49:44] [0m[INFO] [1779731371.907958624]: [Perception] Post 1: x=-0.31 y=-0.45 dist=0.54 m[0m
[01:49:44] [0m[INFO] [1779731372.209116850]: [Perception] Post 1: x=-0.30 y=-0.45 dist=0.54 m[0m
[01:49:44] [0m[INFO] [1779731372.559299752]: [Perception] Post 1: x=-0.31 y=-0.45 dist=0.54 m[0m
[01:49:44] [0m[INFO] [1779731372.907380007]: [Perception] Post 1: x=-0.30 y=-0.45 dist=0.54 m[0m
[01:49:44] [0m[INFO] [1779731373.207947820]: [Perception] Post 1: x=-0.30 y=-0.45 dist=0.54 m[0m
[01:49:44] [0m[INFO] [1779731373.508594415]: [Perception] Post 1: x=-0.30 y=-0.45 dist=0.54 m[0m
[01:49:44] [0m[INFO] [1779731373.857660652]: [Perception] Post 1: x=-0.31 y=-0.45 dist=0.55 m[0m
[01:49:44] [0m[INFO] [1779731374.158762060]: [Perception] Post 1: x=-0.30 y=-0.45 dist=0.54 m[0m
[01:49:44] [0m[INFO] [1779731374.507444407]: [Perception] Post 1: x=-0.30 y=-0.45 dist=0.54 m[0m
[01:49:44] [0m[INFO] [1779731374.808198489]: [Perception] Post 1: x=-0.31 y=-0.45 dist=0.55 m[0m
[01:49:44] [0m[INFO] [1779731375.158367825]: [Perception] Post 1: x=-0.31 y=-0.45 dist=0.55 m[0m
[01:49:44] [0m[INFO] [1779731375.508582321]: [Perception] Post 1: x=-0.31 y=-0.45 dist=0.54 m[0m
[01:49:44] [0m[INFO] [1779731375.808961957]: [Perception] Post 1: x=-0.31 y=-0.45 dist=0.54 m[0m
[01:49:44] [0m[INFO] [1779731376.157843938]: [Perception] Post 1: x=-0.30 y=-0.45 dist=0.54 m[0m
[01:49:44] [0m[INFO] [1779731376.458829369]: [Perception] Post 1: x=-0.30 y=-0.45 dist=0.54 m[0m
[01:49:44] [0m[INFO] [1779731376.807962192]: [Perception] Post 1: x=-0.30 y=-0.45 dist=0.54 m[0m
[01:49:44] [0m[INFO] [1779731377.158205273]: [Perception] Post 1: x=-0.31 y=-0.45 dist=0.54 m[0m
[01:49:44] [0m[INFO] [1779731377.507776377]: [Perception] Post 1: x=-0.30 y=-0.45 dist=0.54 m[0m
[01:49:44] [0m[INFO] [1779731377.858909625]: [Perception] Post 1: x=-0.31 y=-0.45 dist=0.54 m[0m
[01:49:44] [0m[INFO] [1779731378.207476996]: [Perception] Post 1: x=-0.30 y=-0.45 dist=0.54 m[0m
[01:49:44] [0m[INFO] [1779731378.507779150]: [Perception] Post 1: x=-0.31 y=-0.45 dist=0.55 m[0m
[01:49:44] [0m[INFO] [1779731378.858568581]: [Perception] Post 1: x=-0.31 y=-0.45 dist=0.54 m[0m
[01:49:44] [0m[INFO] [1779731379.208499694]: [Perception] Post 1: x=-0.31 y=-0.45 dist=0.55 m[0m
[01:49:44] [0m[INFO] [1779731379.558193869]: [Perception] Post 1: x=-0.30 y=-0.45 dist=0.54 m[0m
[01:49:44] [0m[INFO] [1779731379.858608170]: [Perception] Post 1: x=-0.30 y=-0.45 dist=0.54 m[0m
[01:49:44] [0m[INFO] [1779731380.208015473]: [Perception] Post 1: x=-0.31 y=-0.45 dist=0.55 m[0m
[01:49:44] [0m[INFO] [1779731380.508935885]: [Perception] Post 1: x=-0.31 y=-0.45 dist=0.54 m[0m
[01:49:44] [0m[INFO] [1779731380.858153185]: [Perception] Post 1: x=-0.30 y=-0.45 dist=0.54 m[0m
[01:49:44] [0m[INFO] [1779731381.207248842]: [Perception] Post 1: x=-0.30 y=-0.45 dist=0.54 m[0m
[01:49:44] [0m[INFO] [1779731381.507649802]: [Perception] Post 1: x=-0.30 y=-0.45 dist=0.54 m[0m
[01:49:44] [0m[INFO] [1779731381.808094599]: [Perception] Post 1: x=-0.31 y=-0.45 dist=0.55 m[0m
[01:49:44] [0m[INFO] [1779731382.157791516]: [Perception] Post 1: x=-0.31 y=-0.45 dist=0.54 m[0m
[01:49:44] [0m[INFO] [1779731382.508562975]: [Perception] Post 1: x=-0.31 y=-0.45 dist=0.54 m[0m
[01:49:44] [0m[INFO] [1779731382.858154794]: [Perception] Post 1: x=-0.31 y=-0.45 dist=0.55 m[0m
[01:49:44] [0m[INFO] [1779731383.207939757]: [Perception] Post 1: x=-0.31 y=-0.45 dist=0.54 m[0m
[01:49:44] [0m[INFO] [1779731383.508005298]: [Perception] Post 1: x=-0.30 y=-0.45 dist=0.54 m[0m
[01:49:44] [0m[INFO] [1779731383.857717865]: [Perception] Post 1: x=-0.30 y=-0.45 dist=0.54 m[0m
[01:49:44] [0m[INFO] [1779731384.157831342]: [Perception] Post 1: x=-0.31 y=-0.45 dist=0.54 m[0m
[01:49:44] [0m[INFO] [1779731384.508350322]: [Perception] Post 1: x=-0.30 y=-0.45 dist=0.54 m[0m
[01:49:59] [0m[INFO] [1779731384.857309332]: [Perception] Post 1: x=-0.30 y=-0.45 dist=0.54 m[0m
[01:49:59] [0m[INFO] [1779731385.157446425]: [Perception] Post 1: x=-0.31 y=-0.45 dist=0.55 m[0m
[01:49:59] [0m[INFO] [1779731385.458737804]: [Perception] Post 1: x=-0.30 y=-0.45 dist=0.54 m[0m
[01:49:59] [0m[INFO] [1779731385.808294372]: [Perception] Post 1: x=-0.31 y=-0.45 dist=0.54 m[0m
[01:49:59] [0m[INFO] [1779731386.158671546]: [Perception] Post 1: x=-0.31 y=-0.45 dist=0.55 m[0m
[01:49:59] [0m[INFO] [1779731386.507444414]: [Perception] Post 1: x=-0.30 y=-0.45 dist=0.54 m[0m
[01:49:59] [0m[INFO] [1779731386.807683179]: [Perception] Post 1: x=-0.30 y=-0.45 dist=0.54 m[0m
[01:49:59] [0m[INFO] [1779731387.107704154]: [Perception] Post 1: x=-0.30 y=-0.45 dist=0.54 m[0m
[01:49:59] [0m[INFO] [1779731387.408219291]: [Perception] Post 1: x=-0.30 y=-0.45 dist=0.54 m[0m
[01:49:59] [0m[INFO] [1779731387.757073322]: [Perception] Post 1: x=-0.30 y=-0.45 dist=0.54 m[0m
[01:49:59] [0m[INFO] [1779731388.057305334]: [Perception] Post 1: x=-0.30 y=-0.45 dist=0.54 m[0m
[01:49:59] [0m[INFO] [1779731388.358642607]: [Perception] Post 1: x=-0.30 y=-0.45 dist=0.54 m[0m
[01:49:59] [0m[INFO] [1779731388.708508458]: [Perception] Post 1: x=-0.30 y=-0.45 dist=0.54 m[0m
[01:49:59] [0m[INFO] [1779731389.059643762]: [Perception] Post 1: x=-0.31 y=-0.45 dist=0.54 m[0m
[01:49:59] [0m[INFO] [1779731389.407664301]: [Perception] Post 1: x=-0.31 y=-0.45 dist=0.54 m[0m
[01:49:59] [0m[INFO] [1779731389.758512386]: [Perception] Post 1: x=-0.31 y=-0.45 dist=0.54 m[0m
[01:49:59] [0m[INFO] [1779731390.107603113]: [Perception] Post 1: x=-0.31 y=-0.45 dist=0.54 m[0m
[01:49:59] [0m[INFO] [1779731390.408136883]: [Perception] Post 1: x=-0.31 y=-0.45 dist=0.54 m[0m
[01:49:59] [0m[INFO] [1779731390.708548946]: [Perception] Post 1: x=-0.31 y=-0.45 dist=0.55 m[0m
[01:49:59] [0m[INFO] [1779731391.057347785]: [Perception] Post 1: x=-0.30 y=-0.45 dist=0.54 m[0m
[01:49:59] [0m[INFO] [1779731391.358068433]: [Perception] Post 1: x=-0.31 y=-0.45 dist=0.54 m[0m
[01:49:59] [0m[INFO] [1779731391.707518021]: [Perception] Post 1: x=-0.30 y=-0.45 dist=0.54 m[0m
[01:49:59] [0m[INFO] [1779731392.007793513]: [Perception] Post 1: x=-0.30 y=-0.45 dist=0.54 m[0m
[01:49:59] [0m[INFO] [1779731392.308218631]: [Perception] Post 1: x=-0.31 y=-0.45 dist=0.54 m[0m
[01:49:59] [0m[INFO] [1779731392.657820289]: [Perception] Post 1: x=-0.30 y=-0.45 dist=0.54 m[0m
[01:49:59] [0m[INFO] [1779731392.957837542]: [Perception] Post 1: x=-0.30 y=-0.45 dist=0.54 m[0m
[01:49:59] [0m[INFO] [1779731393.258071173]: [Perception] Post 1: x=-0.30 y=-0.45 dist=0.54 m[0m
[01:49:59] [0m[INFO] [1779731393.559129165]: [Perception] Post 1: x=-0.31 y=-0.45 dist=0.54 m[0m
[01:49:59] [0m[INFO] [1779731393.908244464]: [Perception] Post 1: x=-0.31 y=-0.45 dist=0.54 m[0m
[01:49:59] [0m[INFO] [1779731394.208687404]: [Perception] Post 1: x=-0.31 y=-0.45 dist=0.54 m[0m
[01:49:59] [0m[INFO] [1779731394.557409827]: [Perception] Post 1: x=-0.30 y=-0.45 dist=0.54 m[0m
[01:49:59] [0m[INFO] [1779731394.908559489]: [Perception] Post 1: x=-0.31 y=-0.45 dist=0.55 m[0m
[01:49:59] [0m[INFO] [1779731395.258259186]: [Perception] Post 1: x=-0.30 y=-0.45 dist=0.54 m[0m
[01:49:59] [0m[INFO] [1779731395.558951544]: [Perception] Post 1: x=-0.30 y=-0.45 dist=0.54 m[0m
[01:49:59] [0m[INFO] [1779731395.907354618]: [Perception] Post 1: x=-0.31 y=-0.45 dist=0.55 m[0m
[01:49:59] [0m[INFO] [1779731396.208142326]: [Perception] Post 1: x=-0.31 y=-0.45 dist=0.55 m[0m
[01:49:59] [0m[INFO] [1779731396.557532616]: [Perception] Post 1: x=-0.30 y=-0.45 dist=0.54 m[0m
[01:49:59] [0m[INFO] [1779731396.857857230]: [Perception] Post 1: x=-0.31 y=-0.45 dist=0.55 m[0m
[01:49:59] [0m[INFO] [1779731397.207376676]: [Perception] Post 1: x=-0.30 y=-0.45 dist=0.54 m[0m
[01:49:59] [0m[INFO] [1779731397.508466659]: [Perception] Post 1: x=-0.30 y=-0.45 dist=0.54 m[0m
[01:49:59] [0m[INFO] [1779731397.857786875]: [Perception] Post 1: x=-0.31 y=-0.45 dist=0.54 m[0m
[01:49:59] [0m[INFO] [1779731398.157896308]: [Perception] Post 1: x=-0.30 y=-0.45 dist=0.54 m[0m
[01:49:59] [0m[INFO] [1779731398.508948684]: [Perception] Post 1: x=-0.30 y=-0.45 dist=0.54 m[0m
[01:49:59] [0m[INFO] [1779731398.857969597]: [Perception] Post 1: x=-0.30 y=-0.45 dist=0.54 m[0m
[01:49:59] [0m[INFO] [1779731399.207658745]: [Perception] Post 1: x=-0.31 y=-0.45 dist=0.54 m[0m
[01:49:59] [0m[INFO] [1779731399.508319854]: [Perception] Post 1: x=-0.30 y=-0.45 dist=0.54 m[0m
[01:50:15] [0m[INFO] [1779731399.808829753]: [Perception] Post 1: x=-0.30 y=-0.45 dist=0.54 m[0m
[01:50:15] [0m[INFO] [1779731400.158940264]: [Perception] Post 1: x=-0.31 y=-0.45 dist=0.55 m[0m
[01:50:15] [0m[INFO] [1779731400.509073837]: [Perception] Post 1: x=-0.30 y=-0.45 dist=0.54 m[0m
[01:50:15] [0m[INFO] [1779731400.858558992]: [Perception] Post 1: x=-0.31 y=-0.45 dist=0.55 m[0m
[01:50:15] [0m[INFO] [1779731401.207983352]: [Perception] Post 1: x=-0.31 y=-0.45 dist=0.54 m[0m
[01:50:15] [0m[INFO] [1779731401.508468082]: [Perception] Post 1: x=-0.30 y=-0.45 dist=0.54 m[0m
[01:50:15] [0m[INFO] [1779731401.858836829]: [Perception] Post 1: x=-0.30 y=-0.45 dist=0.54 m[0m
[01:50:15] [0m[INFO] [1779731402.209191702]: [Perception] Post 1: x=-0.30 y=-0.45 dist=0.54 m[0m
[01:50:15] [0m[INFO] [1779731402.558676398]: [Perception] Post 1: x=-0.30 y=-0.45 dist=0.54 m[0m
[01:50:15] [0m[INFO] [1779731402.907998687]: [Perception] Post 1: x=-0.31 y=-0.45 dist=0.55 m[0m
[01:50:15] [0m[INFO] [1779731403.209319106]: [Perception] Post 1: x=-0.31 y=-0.45 dist=0.54 m[0m
[01:50:15] [0m[INFO] [1779731403.558635475]: [Perception] Post 1: x=-0.31 y=-0.45 dist=0.54 m[0m
[01:50:15] [0m[INFO] [1779731403.858971307]: [Perception] Post 1: x=-0.31 y=-0.45 dist=0.54 m[0m
[01:50:15] [0m[INFO] [1779731404.208372658]: [Perception] Post 1: x=-0.30 y=-0.45 dist=0.54 m[0m
[01:50:15] [0m[INFO] [1779731404.558646638]: [Perception] Post 1: x=-0.30 y=-0.45 dist=0.54 m[0m
[01:50:15] [0m[INFO] [1779731404.908193715]: [Perception] Post 1: x=-0.30 y=-0.45 dist=0.54 m[0m
[01:50:15] [0m[INFO] [1779731405.258214474]: [Perception] Post 1: x=-0.31 y=-0.45 dist=0.54 m[0m
[01:50:15] [0m[INFO] [1779731405.608497795]: [Perception] Post 1: x=-0.30 y=-0.45 dist=0.54 m[0m
[01:50:15] [0m[INFO] [1779731405.957359699]: [Perception] Post 1: x=-0.30 y=-0.45 dist=0.54 m[0m
[01:50:15] [0m[INFO] [1779731406.257889453]: [Perception] Post 1: x=-0.30 y=-0.45 dist=0.54 m[0m
[01:50:15] [0m[INFO] [1779731406.558379429]: [Perception] Post 1: x=-0.30 y=-0.45 dist=0.54 m[0m
[01:50:15] [0m[INFO] [1779731406.908341802]: [Perception] Post 1: x=-0.30 y=-0.45 dist=0.54 m[0m
[01:50:15] [0m[INFO] [1779731407.209539592]: [Perception] Post 1: x=-0.30 y=-0.45 dist=0.54 m[0m
[01:50:15] [0m[INFO] [1779731407.557853553]: [Perception] Post 1: x=-0.30 y=-0.45 dist=0.54 m[0m
[01:50:15] [0m[INFO] [1779731407.858147587]: [Perception] Post 1: x=-0.31 y=-0.45 dist=0.54 m[0m
[01:50:15] [0m[INFO] [1779731408.158622339]: [Perception] Post 1: x=-0.31 y=-0.45 dist=0.54 m[0m
[01:50:15] [0m[INFO] [1779731408.508476166]: [Perception] Post 1: x=-0.30 y=-0.45 dist=0.54 m[0m
[01:50:15] [0m[INFO] [1779731408.808973718]: [Perception] Post 1: x=-0.31 y=-0.45 dist=0.54 m[0m
[01:50:15] [0m[INFO] [1779731409.157541552]: [Perception] Post 1: x=-0.31 y=-0.45 dist=0.55 m[0m
[01:50:15] [0m[INFO] [1779731409.458455136]: [Perception] Post 1: x=-0.30 y=-0.45 dist=0.54 m[0m
[01:50:15] [0m[INFO] [1779731409.808400296]: [Perception] Post 1: x=-0.31 y=-0.45 dist=0.54 m[0m
[01:50:15] [0m[INFO] [1779731410.158405001]: [Perception] Post 1: x=-0.31 y=-0.45 dist=0.55 m[0m
[01:50:15] [0m[INFO] [1779731410.458744128]: [Perception] Post 1: x=-0.31 y=-0.45 dist=0.55 m[0m
[01:50:15] [0m[INFO] [1779731410.758911911]: [Perception] Post 1: x=-0.30 y=-0.45 dist=0.54 m[0m
[01:50:15] [0m[INFO] [1779731411.108252442]: [Perception] Post 1: x=-0.31 y=-0.45 dist=0.54 m[0m
[01:50:15] [0m[INFO] [1779731411.458988113]: [Perception] Post 1: x=-0.31 y=-0.45 dist=0.54 m[0m
[01:50:15] [0m[INFO] [1779731411.759153769]: [Perception] Post 1: x=-0.31 y=-0.45 dist=0.54 m[0m
[01:50:15] [0m[INFO] [1779731412.108023815]: [Perception] Post 1: x=-0.30 y=-0.45 dist=0.54 m[0m
[01:50:15] [0m[INFO] [1779731412.408261811]: [Perception] Post 1: x=-0.31 y=-0.45 dist=0.54 m[0m
[01:50:15] [0m[INFO] [1779731412.758550540]: [Perception] Post 1: x=-0.30 y=-0.45 dist=0.54 m[0m
[01:50:15] [0m[INFO] [1779731413.107734016]: [Perception] Post 1: x=-0.31 y=-0.45 dist=0.55 m[0m
[01:50:15] [0m[INFO] [1779731413.408104949]: [Perception] Post 1: x=-0.30 y=-0.45 dist=0.54 m[0m
[01:50:15] [0m[INFO] [1779731413.708819914]: [Perception] Post 1: x=-0.30 y=-0.45 dist=0.54 m[0m
[01:50:15] [0m[INFO] [1779731414.057854133]: [Perception] Post 1: x=-0.30 y=-0.45 dist=0.54 m[0m
[01:50:15] [0m[INFO] [1779731414.359028870]: [Perception] Post 1: x=-0.30 y=-0.45 dist=0.54 m[0m
[01:50:15] [0m[INFO] [1779731414.659043523]: [Perception] Post 1: x=-0.30 y=-0.45 dist=0.54 m[0m
[01:50:15] [0m[INFO] [1779731415.008760289]: [Perception] Post 1: x=-0.31 y=-0.45 dist=0.55 m[0m
[01:50:30] [0m[INFO] [1779731415.309103816]: [Perception] Post 1: x=-0.31 y=-0.45 dist=0.55 m[0m
[01:50:30] [0m[INFO] [1779731415.658547028]: [Perception] Post 1: x=-0.30 y=-0.45 dist=0.54 m[0m
[01:50:30] [0m[INFO] [1779731415.959141302]: [Perception] Post 1: x=-0.31 y=-0.45 dist=0.54 m[0m
[01:50:30] [0m[INFO] [1779731416.308445902]: [Perception] Post 1: x=-0.31 y=-0.45 dist=0.55 m[0m
[01:50:30] [0m[INFO] [1779731416.608534281]: [Perception] Post 1: x=-0.30 y=-0.45 dist=0.54 m[0m
[01:50:30] [0m[INFO] [1779731416.957887008]: [Perception] Post 1: x=-0.31 y=-0.45 dist=0.54 m[0m
[01:50:30] [0m[INFO] [1779731417.258282377]: [Perception] Post 1: x=-0.30 y=-0.45 dist=0.54 m[0m
[01:50:30] [0m[INFO] [1779731417.559013627]: [Perception] Post 1: x=-0.31 y=-0.45 dist=0.54 m[0m
[01:50:30] [0m[INFO] [1779731417.907886765]: [Perception] Post 1: x=-0.31 y=-0.45 dist=0.54 m[0m
[01:50:30] [0m[INFO] [1779731418.257718676]: [Perception] Post 1: x=-0.31 y=-0.45 dist=0.54 m[0m
[01:50:30] [0m[INFO] [1779731418.558079056]: [Perception] Post 1: x=-0.30 y=-0.45 dist=0.54 m[0m
[01:50:30] [0m[INFO] [1779731418.858518214]: [Perception] Post 1: x=-0.31 y=-0.45 dist=0.54 m[0m
[01:50:30] [0m[INFO] [1779731419.159061804]: [Perception] Post 1: x=-0.30 y=-0.45 dist=0.54 m[0m
[01:50:30] [0m[INFO] [1779731419.507351722]: [Perception] Post 1: x=-0.31 y=-0.45 dist=0.54 m[0m
[01:50:30] [0m[INFO] [1779731419.807453936]: [Perception] Post 1: x=-0.31 y=-0.45 dist=0.54 m[0m
[01:50:30] [0m[INFO] [1779731420.157547288]: [Perception] Post 1: x=-0.30 y=-0.45 dist=0.54 m[0m
[01:50:30] [0m[INFO] [1779731420.458456415]: [Perception] Post 1: x=-0.30 y=-0.45 dist=0.54 m[0m
[01:50:30] [0m[INFO] [1779731420.807812300]: [Perception] Post 1: x=-0.30 y=-0.45 dist=0.54 m[0m
[01:50:30] [0m[INFO] [1779731421.108381527]: [Perception] Post 1: x=-0.30 y=-0.45 dist=0.54 m[0m
[01:50:30] [0m[INFO] [1779731421.409070263]: [Perception] Post 1: x=-0.31 y=-0.45 dist=0.54 m[0m
[01:50:30] [0m[INFO] [1779731421.759096499]: [Perception] Post 1: x=-0.31 y=-0.45 dist=0.54 m[0m
[01:50:30] [0m[INFO] [1779731422.107973229]: [Perception] Post 1: x=-0.30 y=-0.45 dist=0.54 m[0m
[01:50:30] [0m[INFO] [1779731422.408411458]: [Perception] Post 1: x=-0.31 y=-0.45 dist=0.54 m[0m
[01:50:30] [0m[INFO] [1779731422.709097223]: [Perception] Post 1: x=-0.31 y=-0.45 dist=0.55 m[0m
[01:50:30] [0m[INFO] [1779731423.058327830]: [Perception] Post 1: x=-0.31 y=-0.45 dist=0.54 m[0m
[01:50:30] [0m[INFO] [1779731423.409137723]: [Perception] Post 1: x=-0.30 y=-0.45 dist=0.54 m[0m
[01:50:30] [0m[INFO] [1779731423.757441282]: [Perception] Post 1: x=-0.31 y=-0.45 dist=0.55 m[0m
[01:50:30] [0m[INFO] [1779731424.058934113]: [Perception] Post 1: x=-0.31 y=-0.45 dist=0.54 m[0m
[01:50:30] [0m[INFO] [1779731424.407931013]: [Perception] Post 1: x=-0.31 y=-0.45 dist=0.55 m[0m
[01:50:30] [0m[INFO] [1779731424.757571437]: [Perception] Post 1: x=-0.31 y=-0.45 dist=0.54 m[0m
[01:50:30] [0m[INFO] [1779731425.058112119]: [Perception] Post 1: x=-0.30 y=-0.45 dist=0.54 m[0m
[01:50:30] [0m[INFO] [1779731425.358197895]: [Perception] Post 1: x=-0.30 y=-0.45 dist=0.54 m[0m
[01:50:30] [0m[INFO] [1779731425.659250021]: [Perception] Post 1: x=-0.30 y=-0.45 dist=0.54 m[0m
[01:50:30] [0m[INFO] [1779731426.007689094]: [Perception] Post 1: x=-0.30 y=-0.45 dist=0.54 m[0m
[01:50:30] [0m[INFO] [1779731426.309205629]: [Perception] Post 1: x=-0.31 y=-0.45 dist=0.55 m[0m
[01:50:30] [0m[INFO] [1779731426.658507531]: [Perception] Post 1: x=-0.30 y=-0.45 dist=0.54 m[0m
[01:50:30] [0m[INFO] [1779731426.958599553]: [Perception] Post 1: x=-0.31 y=-0.45 dist=0.54 m[0m
[01:50:30] [0m[INFO] [1779731427.308644637]: [Perception] Post 1: x=-0.31 y=-0.45 dist=0.55 m[0m
[01:50:30] [0m[INFO] [1779731427.659258986]: [Perception] Post 1: x=-0.30 y=-0.45 dist=0.54 m[0m
[01:50:30] [0m[INFO] [1779731428.008577478]: [Perception] Post 1: x=-0.31 y=-0.45 dist=0.54 m[0m
[01:50:30] [0m[INFO] [1779731428.308614639]: [Perception] Post 1: x=-0.30 y=-0.45 dist=0.54 m[0m
[01:50:30] [0m[INFO] [1779731428.658239889]: [Perception] Post 1: x=-0.30 y=-0.45 dist=0.54 m[0m
[01:50:30] [0m[INFO] [1779731428.959278441]: [Perception] Post 1: x=-0.30 y=-0.45 dist=0.54 m[0m
[01:50:30] [0m[INFO] [1779731429.308458424]: [Perception] Post 1: x=-0.31 y=-0.45 dist=0.54 m[0m
[01:50:30] [0m[INFO] [1779731429.608463033]: [Perception] Post 1: x=-0.31 y=-0.45 dist=0.55 m[0m
[01:50:30] [0m[INFO] [1779731429.908467552]: [Perception] Post 1: x=-0.30 y=-0.45 dist=0.54 m[0m
[01:50:45] [0m[INFO] [1779731430.258784338]: [Perception] Post 1: x=-0.30 y=-0.45 dist=0.54 m[0m
[01:50:45] [0m[INFO] [1779731430.608466341]: [Perception] Post 1: x=-0.31 y=-0.45 dist=0.55 m[0m
[01:50:45] [0m[INFO] [1779731430.958548574]: [Perception] Post 1: x=-0.30 y=-0.45 dist=0.54 m[0m
[01:50:45] [0m[INFO] [1779731431.259183979]: [Perception] Post 1: x=-0.30 y=-0.45 dist=0.54 m[0m
[01:50:45] [0m[INFO] [1779731431.608516698]: [Perception] Post 1: x=-0.30 y=-0.45 dist=0.54 m[0m
[01:50:45] [0m[INFO] [1779731431.908901273]: [Perception] Post 1: x=-0.31 y=-0.45 dist=0.55 m[0m
[01:50:45] [0m[INFO] [1779731432.258804673]: [Perception] Post 1: x=-0.31 y=-0.45 dist=0.54 m[0m
[01:50:45] [0m[INFO] [1779731432.608923604]: [Perception] Post 1: x=-0.30 y=-0.45 dist=0.54 m[0m
[01:50:45] [0m[INFO] [1779731432.958751944]: [Perception] Post 1: x=-0.30 y=-0.45 dist=0.54 m[0m
[01:50:45] [0m[INFO] [1779731433.308573752]: [Perception] Post 1: x=-0.30 y=-0.45 dist=0.54 m[0m
[01:50:45] [0m[INFO] [1779731433.658738526]: [Perception] Post 1: x=-0.31 y=-0.45 dist=0.54 m[0m
[01:50:45] [0m[INFO] [1779731434.008297435]: [Perception] Post 1: x=-0.31 y=-0.45 dist=0.55 m[0m
[01:50:45] [0m[INFO] [1779731434.359044048]: [Perception] Post 1: x=-0.31 y=-0.45 dist=0.54 m[0m
[01:50:45] [0m[INFO] [1779731434.708319352]: [Perception] Post 1: x=-0.31 y=-0.45 dist=0.55 m[0m
[01:50:45] [0m[INFO] [1779731435.008658094]: [Perception] Post 1: x=-0.30 y=-0.45 dist=0.54 m[0m
[01:50:45] [0m[INFO] [1779731435.358107020]: [Perception] Post 1: x=-0.30 y=-0.45 dist=0.54 m[0m
[01:50:45] [0m[INFO] [1779731435.658439278]: [Perception] Post 1: x=-0.30 y=-0.45 dist=0.54 m[0m
[01:50:45] [0m[INFO] [1779731435.958823741]: [Perception] Post 1: x=-0.30 y=-0.45 dist=0.54 m[0m
[01:50:45] [0m[INFO] [1779731436.308037642]: [Perception] Post 1: x=-0.30 y=-0.45 dist=0.54 m[0m
[01:50:45] [0m[INFO] [1779731436.659321679]: [Perception] Post 1: x=-0.31 y=-0.45 dist=0.55 m[0m
[01:50:45] [0m[INFO] [1779731437.007845165]: [Perception] Post 1: x=-0.31 y=-0.45 dist=0.54 m[0m
[01:50:45] [0m[INFO] [1779731437.308929429]: [Perception] Post 1: x=-0.31 y=-0.45 dist=0.55 m[0m
[01:50:45] [0m[INFO] [1779731437.658150244]: [Perception] Post 1: x=-0.30 y=-0.45 dist=0.54 m[0m
[01:50:45] [0m[INFO] [1779731437.958516173]: [Perception] Post 1: x=-0.31 y=-0.45 dist=0.55 m[0m
[01:50:45] [0m[INFO] [1779731438.308587595]: [Perception] Post 1: x=-0.31 y=-0.45 dist=0.55 m[0m
[01:50:45] [0m[INFO] [1779731438.609111822]: [Perception] Post 1: x=-0.30 y=-0.45 dist=0.54 m[0m
[01:50:45] [0m[INFO] [1779731438.958588388]: [Perception] Post 1: x=-0.31 y=-0.45 dist=0.54 m[0m
[01:50:45] [0m[INFO] [1779731439.259092682]: [Perception] Post 1: x=-0.30 y=-0.45 dist=0.54 m[0m
[01:50:45] [0m[INFO] [1779731439.607732589]: [Perception] Post 1: x=-0.31 y=-0.45 dist=0.54 m[0m
[01:50:45] [0m[INFO] [1779731439.908272994]: [Perception] Post 1: x=-0.30 y=-0.45 dist=0.54 m[0m
[01:50:45] [0m[INFO] [1779731440.208993991]: [Perception] Post 1: x=-0.31 y=-0.45 dist=0.54 m[0m
[01:50:45] [0m[INFO] [1779731440.557512612]: [Perception] Post 1: x=-0.30 y=-0.45 dist=0.54 m[0m
[01:50:45] [0m[INFO] [1779731440.859076732]: [Perception] Post 1: x=-0.30 y=-0.45 dist=0.54 m[0m
[01:50:45] [0m[INFO] [1779731441.208617618]: [Perception] Post 1: x=-0.31 y=-0.45 dist=0.54 m[0m
[01:50:45] [0m[INFO] [1779731441.509091876]: [Perception] Post 1: x=-0.30 y=-0.45 dist=0.54 m[0m
[01:50:45] [0m[INFO] [1779731441.858112124]: [Perception] Post 1: x=-0.31 y=-0.45 dist=0.54 m[0m
[01:50:45] [0m[INFO] [1779731442.207366999]: [Perception] Post 1: x=-0.31 y=-0.45 dist=0.54 m[0m
[01:50:45] [0m[INFO] [1779731442.507571858]: [Perception] Post 1: x=-0.31 y=-0.45 dist=0.55 m[0m
[01:50:45] [0m[INFO] [1779731442.807756184]: [Perception] Post 1: x=-0.31 y=-0.45 dist=0.54 m[0m
[01:50:45] [0m[INFO] [1779731443.108677715]: [Perception] Post 1: x=-0.31 y=-0.45 dist=0.54 m[0m
[01:50:45] [0m[INFO] [1779731443.458893849]: [Perception] Post 1: x=-0.31 y=-0.45 dist=0.55 m[0m
[01:50:45] [0m[INFO] [1779731443.759148625]: [Perception] Post 1: x=-0.31 y=-0.45 dist=0.54 m[0m
[01:50:45] [0m[INFO] [1779731444.107578074]: [Perception] Post 1: x=-0.31 y=-0.45 dist=0.54 m[0m
[01:50:45] [0m[INFO] [1779731444.458545986]: [Perception] Post 1: x=-0.30 y=-0.45 dist=0.54 m[0m
[01:50:45] [0m[INFO] [1779731444.808594241]: [Perception] Post 1: x=-0.31 y=-0.45 dist=0.54 m[0m
[01:50:45] [0m[INFO] [1779731445.159354230]: [Perception] Post 1: x=-0.30 y=-0.45 dist=0.54 m[0m
[01:50:45] [0m[INFO] [1779731445.508211335]: [Perception] Post 1: x=-0.30 y=-0.45 dist=0.54 m[0m
[01:51:00] [0m[INFO] [1779731445.809027047]: [Perception] Post 1: x=-0.31 y=-0.45 dist=0.54 m[0m
[01:51:00] [0m[INFO] [1779731446.158158262]: [Perception] Post 1: x=-0.31 y=-0.45 dist=0.54 m[0m
[01:51:00] [0m[INFO] [1779731446.507102058]: [Perception] Post 1: x=-0.31 y=-0.45 dist=0.55 m[0m
[01:51:00] [0m[INFO] [1779731446.807732541]: [Perception] Post 1: x=-0.31 y=-0.45 dist=0.54 m[0m
[01:51:00] [0m[INFO] [1779731447.109206417]: [Perception] Post 1: x=-0.30 y=-0.45 dist=0.54 m[0m
[01:51:00] [0m[INFO] [1779731447.458035128]: [Perception] Post 1: x=-0.31 y=-0.45 dist=0.54 m[0m
[01:51:00] [0m[INFO] [1779731447.758778233]: [Perception] Post 1: x=-0.30 y=-0.45 dist=0.54 m[0m
[01:51:00] [0m[INFO] [1779731448.107839307]: [Perception] Post 1: x=-0.31 y=-0.45 dist=0.54 m[0m
[01:51:00] [0m[INFO] [1779731448.457251303]: [Perception] Post 1: x=-0.31 y=-0.45 dist=0.55 m[0m
[01:51:00] [0m[INFO] [1779731448.757722673]: [Perception] Post 1: x=-0.30 y=-0.45 dist=0.54 m[0m
[01:51:00] [0m[INFO] [1779731449.058410184]: [Perception] Post 1: x=-0.30 y=-0.45 dist=0.54 m[0m
[01:51:00] [0m[INFO] [1779731449.358751875]: [Perception] Post 1: x=-0.30 y=-0.45 dist=0.54 m[0m
[01:51:00] [0m[INFO] [1779731449.707887676]: [Perception] Post 1: x=-0.30 y=-0.45 dist=0.54 m[0m
[01:51:00] [0m[INFO] [1779731450.007957344]: [Perception] Post 1: x=-0.31 y=-0.45 dist=0.54 m[0m
[01:51:00] [0m[INFO] [1779731450.308048648]: [Perception] Post 1: x=-0.31 y=-0.45 dist=0.54 m[0m
[01:51:00] [0m[INFO] [1779731450.657828276]: [Perception] Post 1: x=-0.30 y=-0.45 dist=0.54 m[0m
[01:51:00] [0m[INFO] [1779731450.958433020]: [Perception] Post 1: x=-0.30 y=-0.45 dist=0.54 m[0m
[01:51:00] [0m[INFO] [1779731451.307304578]: [Perception] Post 1: x=-0.30 y=-0.45 dist=0.54 m[0m
[01:51:00] [0m[INFO] [1779731451.608398036]: [Perception] Post 1: x=-0.31 y=-0.45 dist=0.54 m[0m
[01:51:00] [0m[INFO] [1779731451.958651107]: [Perception] Post 1: x=-0.31 y=-0.45 dist=0.55 m[0m
[01:51:00] [0m[INFO] [1779731452.259294454]: [Perception] Post 1: x=-0.31 y=-0.45 dist=0.54 m[0m
[01:51:00] [0m[INFO] [1779731452.607957456]: [Perception] Post 1: x=-0.31 y=-0.45 dist=0.54 m[0m
[01:51:00] [0m[INFO] [1779731452.908037567]: [Perception] Post 1: x=-0.30 y=-0.45 dist=0.54 m[0m
[01:51:00] [0m[INFO] [1779731453.208292915]: [Perception] Post 1: x=-0.30 y=-0.45 dist=0.54 m[0m
[01:51:00] [0m[INFO] [1779731453.508578873]: [Perception] Post 1: x=-0.30 y=-0.45 dist=0.54 m[0m
[01:51:00] [0m[INFO] [1779731453.808856868]: [Perception] Post 1: x=-0.30 y=-0.45 dist=0.54 m[0m
[01:51:00] [0m[INFO] [1779731454.157542034]: [Perception] Post 1: x=-0.30 y=-0.45 dist=0.54 m[0m
[01:51:00] [0m[INFO] [1779731454.458340359]: [Perception] Post 1: x=-0.31 y=-0.45 dist=0.54 m[0m
[01:51:00] [0m[INFO] [1779731454.759235294]: [Perception] Post 1: x=-0.30 y=-0.45 dist=0.54 m[0m
[01:51:00] [0m[INFO] [1779731455.107342390]: [Perception] Post 1: x=-0.31 y=-0.45 dist=0.54 m[0m
[01:51:00] [0m[INFO] [1779731455.408155086]: [Perception] Post 1: x=-0.31 y=-0.45 dist=0.54 m[0m
[01:51:00] [0m[INFO] [1779731455.758017731]: [Perception] Post 1: x=-0.30 y=-0.45 dist=0.54 m[0m
[01:51:00] [0m[INFO] [1779731456.058955380]: [Perception] Post 1: x=-0.31 y=-0.45 dist=0.54 m[0m
[01:51:00] [0m[INFO] [1779731456.408205532]: [Perception] Post 1: x=-0.31 y=-0.45 dist=0.54 m[0m
[01:51:00] [0m[INFO] [1779731456.758016478]: [Perception] Post 1: x=-0.30 y=-0.45 dist=0.54 m[0m
[01:51:00] [0m[INFO] [1779731457.108916910]: [Perception] Post 1: x=-0.31 y=-0.45 dist=0.54 m[0m
[01:51:00] [0m[INFO] [1779731457.458250756]: [Perception] Post 1: x=-0.30 y=-0.45 dist=0.54 m[0m
[01:51:00] [0m[INFO] [1779731457.758286208]: [Perception] Post 1: x=-0.30 y=-0.45 dist=0.54 m[0m
[01:51:00] [0m[INFO] [1779731458.059302342]: [Perception] Post 1: x=-0.30 y=-0.45 dist=0.54 m[0m
[01:51:00] [0m[INFO] [1779731458.408638561]: [Perception] Post 1: x=-0.30 y=-0.45 dist=0.54 m[0m
[01:51:00] [0m[INFO] [1779731458.708700197]: [Perception] Post 1: x=-0.31 y=-0.45 dist=0.54 m[0m
[01:51:00] [0m[INFO] [1779731459.008938843]: [Perception] Post 1: x=-0.31 y=-0.45 dist=0.54 m[0m
[01:51:00] [0m[INFO] [1779731459.359258156]: [Perception] Post 1: x=-0.30 y=-0.45 dist=0.54 m[0m
[01:51:00] [0m[INFO] [1779731459.709198820]: [Perception] Post 1: x=-0.31 y=-0.45 dist=0.55 m[0m
[01:51:00] [0m[INFO] [1779731460.058420114]: [Perception] Post 1: x=-0.31 y=-0.45 dist=0.54 m[0m
[01:51:00] [0m[INFO] [1779731460.407851062]: [Perception] Post 1: x=-0.30 y=-0.45 dist=0.54 m[0m
[01:51:16] [0m[INFO] [1779731460.707878038]: [Perception] Post 1: x=-0.30 y=-0.45 dist=0.54 m[0m
[01:51:16] [0m[INFO] [1779731461.057541518]: [Perception] Post 1: x=-0.31 y=-0.45 dist=0.54 m[0m
[01:51:16] [0m[INFO] [1779731461.358021435]: [Perception] Post 1: x=-0.31 y=-0.45 dist=0.54 m[0m
[01:51:16] [0m[INFO] [1779731461.658095049]: [Perception] Post 1: x=-0.31 y=-0.45 dist=0.55 m[0m
[01:51:16] [0m[INFO] [1779731461.958526337]: [Perception] Post 1: x=-0.30 y=-0.45 dist=0.54 m[0m
[01:51:16] [0m[INFO] [1779731462.258552515]: [Perception] Post 1: x=-0.31 y=-0.45 dist=0.54 m[0m
[01:51:16] [0m[INFO] [1779731462.559299690]: [Perception] Post 1: x=-0.30 y=-0.45 dist=0.54 m[0m
[01:51:16] [0m[INFO] [1779731462.908073530]: [Perception] Post 1: x=-0.31 y=-0.45 dist=0.54 m[0m
[01:51:16] [0m[INFO] [1779731463.258069230]: [Perception] Post 1: x=-0.31 y=-0.45 dist=0.55 m[0m
[01:51:16] [0m[INFO] [1779731463.558557511]: [Perception] Post 1: x=-0.30 y=-0.45 dist=0.54 m[0m
[01:51:16] [0m[INFO] [1779731463.858653855]: [Perception] Post 1: x=-0.31 y=-0.45 dist=0.54 m[0m
[01:51:16] [0m[INFO] [1779731464.208426271]: [Perception] Post 1: x=-0.31 y=-0.45 dist=0.54 m[0m
[01:51:16] [0m[INFO] [1779731464.558535188]: [Perception] Post 1: x=-0.30 y=-0.45 dist=0.54 m[0m
[01:51:16] [0m[INFO] [1779731464.859040688]: [Perception] Post 1: x=-0.30 y=-0.45 dist=0.54 m[0m
[01:51:16] [0m[INFO] [1779731465.208464166]: [Perception] Post 1: x=-0.30 y=-0.45 dist=0.54 m[0m
[01:51:16] [0m[INFO] [1779731465.508547020]: [Perception] Post 1: x=-0.31 y=-0.45 dist=0.54 m[0m
[01:51:16] [0m[INFO] [1779731465.857677972]: [Perception] Post 1: x=-0.31 y=-0.45 dist=0.54 m[0m
[01:51:16] [0m[INFO] [1779731466.158597600]: [Perception] Post 1: x=-0.31 y=-0.45 dist=0.54 m[0m
[01:51:16] [0m[INFO] [1779731466.459086899]: [Perception] Post 1: x=-0.30 y=-0.45 dist=0.54 m[0m
[01:51:16] [0m[INFO] [1779731466.808570482]: [Perception] Post 1: x=-0.31 y=-0.45 dist=0.54 m[0m
[01:51:16] [0m[INFO] [1779731467.109119063]: [Perception] Post 1: x=-0.30 y=-0.45 dist=0.54 m[0m
[01:51:16] [0m[INFO] [1779731467.459121778]: [Perception] Post 1: x=-0.31 y=-0.45 dist=0.54 m[0m
[01:51:16] [0m[INFO] [1779731467.808583224]: [Perception] Post 1: x=-0.30 y=-0.45 dist=0.54 m[0m
[01:51:16] [0m[INFO] [1779731468.109302090]: [Perception] Post 1: x=-0.30 y=-0.45 dist=0.54 m[0m
[01:51:16] [0m[INFO] [1779731468.458537825]: [Perception] Post 1: x=-0.31 y=-0.45 dist=0.55 m[0m
[01:51:16] [0m[INFO] [1779731468.808645365]: [Perception] Post 1: x=-0.31 y=-0.45 dist=0.54 m[0m
[01:51:16] [0m[INFO] [1779731469.108698990]: [Perception] Post 1: x=-0.31 y=-0.45 dist=0.54 m[0m
[01:51:16] [0m[INFO] [1779731469.458479763]: [Perception] Post 1: x=-0.30 y=-0.45 dist=0.54 m[0m
[01:51:16] [0m[INFO] [1779731469.759096425]: [Perception] Post 1: x=-0.30 y=-0.45 dist=0.54 m[0m
[01:51:16] [0m[INFO] [1779731470.108692337]: [Perception] Post 1: x=-0.31 y=-0.45 dist=0.54 m[0m
[01:51:16] [0m[INFO] [1779731470.409106892]: [Perception] Post 1: x=-0.31 y=-0.45 dist=0.55 m[0m
[01:51:16] [0m[INFO] [1779731470.758572629]: [Perception] Post 1: x=-0.31 y=-0.45 dist=0.54 m[0m
[01:51:16] [0m[INFO] [1779731471.109083323]: [Perception] Post 1: x=-0.31 y=-0.45 dist=0.54 m[0m
[01:51:16] [0m[INFO] [1779731471.458232307]: [Perception] Post 1: x=-0.31 y=-0.45 dist=0.55 m[0m
[01:51:16] [0m[INFO] [1779731471.759067989]: [Perception] Post 1: x=-0.30 y=-0.45 dist=0.54 m[0m
[01:51:16] [0m[INFO] [1779731472.059205525]: [Perception] Post 1: x=-0.31 y=-0.45 dist=0.55 m[0m
[01:51:16] [0m[INFO] [1779731472.407671425]: [Perception] Post 1: x=-0.30 y=-0.45 dist=0.54 m[0m
[01:51:16] [0m[INFO] [1779731472.708288791]: [Perception] Post 1: x=-0.30 y=-0.45 dist=0.54 m[0m
[01:51:16] [0m[INFO] [1779731473.058455616]: [Perception] Post 1: x=-0.31 y=-0.45 dist=0.54 m[0m
[01:51:16] [0m[INFO] [1779731473.408638886]: [Perception] Post 1: x=-0.31 y=-0.45 dist=0.54 m[0m
[01:51:16] [0m[INFO] [1779731473.758326390]: [Perception] Post 1: x=-0.30 y=-0.45 dist=0.54 m[0m
[01:51:16] [0m[INFO] [1779731474.059110939]: [Perception] Post 1: x=-0.31 y=-0.45 dist=0.54 m[0m
[01:51:16] [0m[INFO] [1779731474.409056625]: [Perception] Post 1: x=-0.30 y=-0.45 dist=0.54 m[0m
[01:51:16] [0m[INFO] [1779731474.709111350]: [Perception] Post 1: x=-0.31 y=-0.45 dist=0.54 m[0m
[01:51:16] [0m[INFO] [1779731475.059066166]: [Perception] Post 1: x=-0.30 y=-0.45 dist=0.54 m[0m
[01:51:16] [0m[INFO] [1779731475.408529633]: [Perception] Post 1: x=-0.30 y=-0.45 dist=0.54 m[0m
[01:51:16] [0m[INFO] [1779731475.758464821]: [Perception] Post 1: x=-0.30 y=-0.45 dist=0.54 m[0m
[01:51:31] [0m[INFO] [1779731476.059151290]: [Perception] Post 1: x=-0.31 y=-0.45 dist=0.54 m[0m
[01:51:31] [0m[INFO] [1779731476.408441134]: [Perception] Post 1: x=-0.30 y=-0.45 dist=0.54 m[0m
[01:51:31] [0m[INFO] [1779731476.709094415]: [Perception] Post 1: x=-0.30 y=-0.45 dist=0.54 m[0m
[01:51:31] [0m[INFO] [1779731477.058490103]: [Perception] Post 1: x=-0.31 y=-0.45 dist=0.54 m[0m
[01:51:31] [0m[INFO] [1779731477.359066561]: [Perception] Post 1: x=-0.31 y=-0.45 dist=0.54 m[0m
[01:51:31] [0m[INFO] [1779731477.659198529]: [Perception] Post 1: x=-0.30 y=-0.45 dist=0.55 m[0m
[01:51:31] [0m[INFO] [1779731478.008199798]: [Perception] Post 1: x=-0.30 y=-0.45 dist=0.54 m[0m
[01:51:31] [0m[INFO] [1779731478.308319380]: [Perception] Post 1: x=-0.30 y=-0.45 dist=0.54 m[0m
[01:51:31] [0m[INFO] [1779731478.658237938]: [Perception] Post 1: x=-0.30 y=-0.45 dist=0.54 m[0m
[01:51:31] [0m[INFO] [1779731479.009098704]: [Perception] Post 1: x=-0.31 y=-0.45 dist=0.55 m[0m
[01:51:31] [0m[INFO] [1779731479.359204009]: [Perception] Post 1: x=-0.30 y=-0.45 dist=0.54 m[0m
[01:51:31] [0m[INFO] [1779731479.659224709]: [Perception] Post 1: x=-0.30 y=-0.45 dist=0.54 m[0m
[01:51:31] [0m[INFO] [1779731480.008395870]: [Perception] Post 1: x=-0.31 y=-0.45 dist=0.54 m[0m
[01:51:31] [0m[INFO] [1779731480.309216225]: [Perception] Post 1: x=-0.30 y=-0.45 dist=0.54 m[0m
[01:51:31] [0m[INFO] [1779731480.658455965]: [Perception] Post 1: x=-0.31 y=-0.45 dist=0.54 m[0m
[01:51:31] [0m[INFO] [1779731480.958828118]: [Perception] Post 1: x=-0.31 y=-0.45 dist=0.54 m[0m
[01:51:31] [0m[INFO] [1779731481.259260499]: [Perception] Post 1: x=-0.30 y=-0.45 dist=0.54 m[0m
[01:51:31] [0m[INFO] [1779731481.608154630]: [Perception] Post 1: x=-0.31 y=-0.45 dist=0.54 m[0m
[01:51:31] [0m[INFO] [1779731481.958144689]: [Perception] Post 1: x=-0.30 y=-0.45 dist=0.54 m[0m
[01:51:31] [0m[INFO] [1779731482.309471531]: [Perception] Post 1: x=-0.30 y=-0.45 dist=0.54 m[0m
[01:51:31] [0m[INFO] [1779731482.657914861]: [Perception] Post 1: x=-0.30 y=-0.45 dist=0.54 m[0m
[01:51:31] [0m[INFO] [1779731482.958104170]: [Perception] Post 1: x=-0.30 y=-0.45 dist=0.54 m[0m
[01:51:31] [0m[INFO] [1779731483.309241503]: [Perception] Post 1: x=-0.31 y=-0.45 dist=0.54 m[0m
[01:51:31] [0m[INFO] [1779731483.659292935]: [Perception] Post 1: x=-0.30 y=-0.45 dist=0.54 m[0m
[01:51:31] [0m[INFO] [1779731484.008194606]: [Perception] Post 1: x=-0.31 y=-0.45 dist=0.54 m[0m
[01:51:31] [0m[INFO] [1779731484.309351864]: [Perception] Post 1: x=-0.31 y=-0.45 dist=0.54 m[0m
[01:51:31] [0m[INFO] [1779731484.658773352]: [Perception] Post 1: x=-0.31 y=-0.45 dist=0.55 m[0m
[01:51:31] [0m[INFO] [1779731485.007989483]: [Perception] Post 1: x=-0.30 y=-0.45 dist=0.54 m[0m
[01:51:31] [0m[INFO] [1779731485.309026375]: [Perception] Post 1: x=-0.31 y=-0.45 dist=0.54 m[0m
[01:51:31] [0m[INFO] [1779731485.658408848]: [Perception] Post 1: x=-0.31 y=-0.45 dist=0.54 m[0m
[01:51:31] [0m[INFO] [1779731485.959191415]: [Perception] Post 1: x=-0.30 y=-0.45 dist=0.54 m[0m
[01:51:31] [0m[INFO] [1779731486.308345722]: [Perception] Post 1: x=-0.31 y=-0.45 dist=0.54 m[0m
[01:51:31] [0m[INFO] [1779731486.608862171]: [Perception] Post 1: x=-0.30 y=-0.45 dist=0.54 m[0m
[01:51:31] [0m[INFO] [1779731486.909302017]: [Perception] Post 1: x=-0.30 y=-0.45 dist=0.54 m[0m
[01:51:31] [0m[INFO] [1779731487.258513236]: [Perception] Post 1: x=-0.30 y=-0.45 dist=0.54 m[0m
[01:51:31] [0m[INFO] [1779731487.559063717]: [Perception] Post 1: x=-0.30 y=-0.45 dist=0.54 m[0m
[01:51:31] [0m[INFO] [1779731487.907952983]: [Perception] Post 1: x=-0.30 y=-0.45 dist=0.54 m[0m
[01:51:31] [0m[INFO] [1779731488.208514782]: [Perception] Post 1: x=-0.31 y=-0.45 dist=0.54 m[0m
[01:51:31] [0m[INFO] [1779731488.558255033]: [Perception] Post 1: x=-0.31 y=-0.45 dist=0.54 m[0m
[01:51:31] [0m[INFO] [1779731488.908741578]: [Perception] Post 1: x=-0.31 y=-0.45 dist=0.54 m[0m
[01:51:31] [0m[INFO] [1779731489.258496992]: [Perception] Post 1: x=-0.30 y=-0.45 dist=0.54 m[0m
[01:51:31] [0m[INFO] [1779731489.558705322]: [Perception] Post 1: x=-0.30 y=-0.45 dist=0.54 m[0m
[01:51:31] [0m[INFO] [1779731489.908355577]: [Perception] Post 1: x=-0.31 y=-0.45 dist=0.55 m[0m
[01:51:31] [0m[INFO] [1779731490.258907524]: [Perception] Post 1: x=-0.30 y=-0.45 dist=0.54 m[0m
[01:51:31] [0m[INFO] [1779731490.608591019]: [Perception] Post 1: x=-0.31 y=-0.45 dist=0.54 m[0m
[01:51:31] [0m[INFO] [1779731490.909012489]: [Perception] Post 1: x=-0.31 y=-0.45 dist=0.54 m[0m
[01:51:46] [0m[INFO] [1779731491.257783055]: [Perception] Post 1: x=-0.30 y=-0.45 dist=0.54 m[0m
[01:51:46] [0m[INFO] [1779731491.557839743]: [Perception] Post 1: x=-0.31 y=-0.45 dist=0.54 m[0m
[01:51:46] [0m[INFO] [1779731491.859019103]: [Perception] Post 1: x=-0.31 y=-0.45 dist=0.54 m[0m
[01:51:46] [0m[INFO] [1779731492.209118193]: [Perception] Post 1: x=-0.30 y=-0.45 dist=0.54 m[0m
[01:51:46] [0m[INFO] [1779731492.558248011]: [Perception] Post 1: x=-0.31 y=-0.45 dist=0.55 m[0m
[01:51:46] [0m[INFO] [1779731492.858605419]: [Perception] Post 1: x=-0.31 y=-0.45 dist=0.54 m[0m
[01:51:46] [0m[INFO] [1779731493.159070957]: [Perception] Post 1: x=-0.31 y=-0.45 dist=0.55 m[0m
[01:51:46] [0m[INFO] [1779731493.508058413]: [Perception] Post 1: x=-0.30 y=-0.45 dist=0.54 m[0m
[01:51:46] [0m[INFO] [1779731493.809038089]: [Perception] Post 1: x=-0.31 y=-0.45 dist=0.55 m[0m
[01:51:46] [0m[INFO] [1779731494.109058352]: [Perception] Post 1: x=-0.31 y=-0.45 dist=0.54 m[0m
[01:51:46] [0m[INFO] [1779731494.457482056]: [Perception] Post 1: x=-0.31 y=-0.45 dist=0.54 m[0m
[01:51:46] [0m[INFO] [1779731494.759092494]: [Perception] Post 1: x=-0.31 y=-0.45 dist=0.54 m[0m
[01:51:46] [0m[INFO] [1779731495.108596256]: [Perception] Post 1: x=-0.31 y=-0.45 dist=0.54 m[0m
[01:51:46] [0m[INFO] [1779731495.408940521]: [Perception] Post 1: x=-0.31 y=-0.45 dist=0.54 m[0m
[01:51:46] [0m[INFO] [1779731495.758623285]: [Perception] Post 1: x=-0.31 y=-0.45 dist=0.55 m[0m
[01:51:46] [0m[INFO] [1779731496.107720402]: [Perception] Post 1: x=-0.30 y=-0.45 dist=0.54 m[0m
[01:51:46] [0m[INFO] [1779731496.458379664]: [Perception] Post 1: x=-0.31 y=-0.45 dist=0.54 m[0m
[01:51:46] [0m[INFO] [1779731496.759363723]: [Perception] Post 1: x=-0.31 y=-0.45 dist=0.55 m[0m
[01:51:46] [0m[INFO] [1779731497.108495693]: [Perception] Post 1: x=-0.30 y=-0.45 dist=0.54 m[0m
[01:51:46] [0m[INFO] [1779731497.408602737]: [Perception] Post 1: x=-0.30 y=-0.45 dist=0.54 m[0m
[01:51:46] [0m[INFO] [1779731497.709311690]: [Perception] Post 1: x=-0.30 y=-0.45 dist=0.54 m[0m
[01:51:46] [0m[INFO] [1779731498.057485405]: [Perception] Post 1: x=-0.31 y=-0.45 dist=0.54 m[0m
[01:51:46] [0m[INFO] [1779731498.357669157]: [Perception] Post 1: x=-0.31 y=-0.45 dist=0.54 m[0m
[01:51:46] [0m[INFO] [1779731498.658017870]: [Perception] Post 1: x=-0.31 y=-0.45 dist=0.54 m[0m
[01:51:46] [0m[INFO] [1779731498.958336696]: [Perception] Post 1: x=-0.31 y=-0.45 dist=0.54 m[0m
[01:51:46] [0m[INFO] [1779731499.307766104]: [Perception] Post 1: x=-0.30 y=-0.45 dist=0.54 m[0m
[01:51:46] [0m[INFO] [1779731499.608349878]: [Perception] Post 1: x=-0.30 y=-0.45 dist=0.54 m[0m
[01:51:46] [0m[INFO] [1779731499.909028515]: [Perception] Post 1: x=-0.31 y=-0.45 dist=0.54 m[0m
[01:51:46] [0m[INFO] [1779731500.258393900]: [Perception] Post 1: x=-0.30 y=-0.45 dist=0.54 m[0m
[01:51:46] [0m[INFO] [1779731500.609087284]: [Perception] Post 1: x=-0.31 y=-0.45 dist=0.54 m[0m
[01:51:46] [0m[INFO] [1779731500.958627425]: [Perception] Post 1: x=-0.31 y=-0.45 dist=0.54 m[0m
[01:51:46] [0m[INFO] [1779731501.259189700]: [Perception] Post 1: x=-0.31 y=-0.45 dist=0.54 m[0m
[01:51:46] [0m[INFO] [1779731501.607971297]: [Perception] Post 1: x=-0.30 y=-0.45 dist=0.54 m[0m
[01:51:46] [0m[INFO] [1779731501.958137724]: [Perception] Post 1: x=-0.31 y=-0.45 dist=0.55 m[0m
[01:51:46] [0m[INFO] [1779731502.307702708]: [Perception] Post 1: x=-0.30 y=-0.45 dist=0.54 m[0m
[01:51:46] [0m[INFO] [1779731502.658399394]: [Perception] Post 1: x=-0.30 y=-0.45 dist=0.54 m[0m
[01:51:46] [0m[INFO] [1779731503.007764963]: [Perception] Post 1: x=-0.31 y=-0.45 dist=0.54 m[0m
[01:51:46] [0m[INFO] [1779731503.308997414]: [Perception] Post 1: x=-0.30 y=-0.45 dist=0.54 m[0m
[01:51:46] [0m[INFO] [1779731503.659146443]: [Perception] Post 1: x=-0.30 y=-0.45 dist=0.54 m[0m
[01:51:46] [0m[INFO] [1779731504.009271536]: [Perception] Post 1: x=-0.31 y=-0.45 dist=0.55 m[0m
[01:51:46] [0m[INFO] [1779731504.358600757]: [Perception] Post 1: x=-0.31 y=-0.45 dist=0.55 m[0m
[01:51:46] [0m[INFO] [1779731504.707624721]: [Perception] Post 1: x=-0.31 y=-0.45 dist=0.54 m[0m
[01:51:46] [0m[INFO] [1779731505.008416535]: [Perception] Post 1: x=-0.31 y=-0.45 dist=0.54 m[0m
[01:51:46] [0m[INFO] [1779731505.309174573]: [Perception] Post 1: x=-0.31 y=-0.45 dist=0.54 m[0m
[01:51:46] [0m[INFO] [1779731505.658389497]: [Perception] Post 1: x=-0.30 y=-0.45 dist=0.54 m[0m
[01:51:46] [0m[INFO] [1779731506.007796768]: [Perception] Post 1: x=-0.31 y=-0.45 dist=0.54 m[0m
[01:51:46] [0m[INFO] [1779731506.308480433]: [Perception] Post 1: x=-0.31 y=-0.45 dist=0.55 m[0m
[01:52:01] [0m[INFO] [1779731506.609047190]: [Perception] Post 1: x=-0.30 y=-0.45 dist=0.54 m[0m
[01:52:01] [0m[INFO] [1779731506.957827526]: [Perception] Post 1: x=-0.31 y=-0.45 dist=0.55 m[0m
[01:52:01] [0m[INFO] [1779731507.258628627]: [Perception] Post 1: x=-0.31 y=-0.45 dist=0.55 m[0m
[01:52:01] [0m[INFO] [1779731507.608467995]: [Perception] Post 1: x=-0.30 y=-0.45 dist=0.54 m[0m
[01:52:01] [0m[INFO] [1779731507.958942329]: [Perception] Post 1: x=-0.30 y=-0.45 dist=0.54 m[0m
[01:52:01] [0m[INFO] [1779731508.307938279]: [Perception] Post 1: x=-0.31 y=-0.45 dist=0.54 m[0m
[01:52:01] [0m[INFO] [1779731508.608288324]: [Perception] Post 1: x=-0.31 y=-0.45 dist=0.54 m[0m
[01:52:01] [0m[INFO] [1779731508.957249160]: [Perception] Post 1: x=-0.30 y=-0.45 dist=0.54 m[0m
[01:52:01] [0m[INFO] [1779731509.308427961]: [Perception] Post 1: x=-0.30 y=-0.45 dist=0.54 m[0m
[01:52:01] [0m[INFO] [1779731509.608786271]: [Perception] Post 1: x=-0.30 y=-0.45 dist=0.54 m[0m
[01:52:01] [0m[INFO] [1779731509.958360705]: [Perception] Post 1: x=-0.31 y=-0.45 dist=0.54 m[0m
[01:52:01] [0m[INFO] [1779731510.259230019]: [Perception] Post 1: x=-0.30 y=-0.45 dist=0.54 m[0m
[01:52:01] [0m[INFO] [1779731510.608736693]: [Perception] Post 1: x=-0.30 y=-0.45 dist=0.54 m[0m
[01:52:01] [0m[INFO] [1779731510.908886893]: [Perception] Post 1: x=-0.31 y=-0.45 dist=0.54 m[0m
[01:52:01] [0m[INFO] [1779731511.209313346]: [Perception] Post 1: x=-0.30 y=-0.45 dist=0.54 m[0m
[01:52:01] [0m[INFO] [1779731511.557350433]: [Perception] Post 1: x=-0.30 y=-0.45 dist=0.54 m[0m
[01:52:01] [0m[INFO] [1779731511.859269331]: [Perception] Post 1: x=-0.31 y=-0.45 dist=0.54 m[0m
[01:52:01] [0m[INFO] [1779731512.208089548]: [Perception] Post 1: x=-0.30 y=-0.45 dist=0.54 m[0m
[01:52:01] [0m[INFO] [1779731512.509099825]: [Perception] Post 1: x=-0.30 y=-0.45 dist=0.54 m[0m
[01:52:01] [0m[INFO] [1779731512.858157837]: [Perception] Post 1: x=-0.30 y=-0.45 dist=0.54 m[0m
[01:52:01] [0m[INFO] [1779731513.208186762]: [Perception] Post 1: x=-0.31 y=-0.45 dist=0.54 m[0m
[01:52:01] [0m[INFO] [1779731513.508389951]: [Perception] Post 1: x=-0.30 y=-0.45 dist=0.54 m[0m
[01:52:01] [0m[INFO] [1779731513.808431402]: [Perception] Post 1: x=-0.31 y=-0.45 dist=0.55 m[0m
[01:52:01] [0m[INFO] [1779731514.108890568]: [Perception] Post 1: x=-0.31 y=-0.45 dist=0.54 m[0m
[01:52:01] [0m[INFO] [1779731514.458591519]: [Perception] Post 1: x=-0.30 y=-0.45 dist=0.54 m[0m
[01:52:01] [0m[INFO] [1779731514.758919868]: [Perception] Post 1: x=-0.31 y=-0.45 dist=0.54 m[0m
[01:52:01] [0m[INFO] [1779731515.108448278]: [Perception] Post 1: x=-0.30 y=-0.45 dist=0.54 m[0m
[01:52:01] [0m[INFO] [1779731515.458229811]: [Perception] Post 1: x=-0.30 y=-0.45 dist=0.54 m[0m
[01:52:01] [0m[INFO] [1779731515.808526670]: [Perception] Post 1: x=-0.31 y=-0.45 dist=0.54 m[0m
[01:52:01] [0m[INFO] [1779731516.108602043]: [Perception] Post 1: x=-0.30 y=-0.45 dist=0.54 m[0m
[01:52:01] [0m[INFO] [1779731516.458461116]: [Perception] Post 1: x=-0.31 y=-0.45 dist=0.55 m[0m
[01:52:01] [0m[INFO] [1779731516.758487885]: [Perception] Post 1: x=-0.30 y=-0.45 dist=0.54 m[0m
[01:52:01] [0m[INFO] [1779731517.108437956]: [Perception] Post 1: x=-0.31 y=-0.45 dist=0.55 m[0m
[01:52:01] [0m[INFO] [1779731517.459187917]: [Perception] Post 1: x=-0.31 y=-0.45 dist=0.54 m[0m
[01:52:01] [0m[INFO] [1779731517.808240805]: [Perception] Post 1: x=-0.31 y=-0.45 dist=0.55 m[0m
[01:52:01] [0m[INFO] [1779731518.159155927]: [Perception] Post 1: x=-0.30 y=-0.45 dist=0.54 m[0m
[01:52:01] [0m[INFO] [1779731518.507472905]: [Perception] Post 1: x=-0.31 y=-0.45 dist=0.54 m[0m
[01:52:01] [0m[INFO] [1779731518.807715117]: [Perception] Post 1: x=-0.31 y=-0.45 dist=0.55 m[0m
[01:52:01] [0m[INFO] [1779731519.108307830]: [Perception] Post 1: x=-0.31 y=-0.45 dist=0.54 m[0m
[01:52:01] [0m[INFO] [1779731519.409076259]: [Perception] Post 1: x=-0.30 y=-0.45 dist=0.54 m[0m
[01:52:01] [0m[INFO] [1779731519.757686490]: [Perception] Post 1: x=-0.31 y=-0.45 dist=0.54 m[0m
[01:52:01] [0m[INFO] [1779731520.108032126]: [Perception] Post 1: x=-0.31 y=-0.45 dist=0.55 m[0m
[01:52:01] [0m[INFO] [1779731520.408225547]: [Perception] Post 1: x=-0.31 y=-0.45 dist=0.54 m[0m
[01:52:01] [0m[INFO] [1779731520.708425885]: [Perception] Post 1: x=-0.30 y=-0.45 dist=0.54 m[0m
[01:52:01] [0m[INFO] [1779731521.008995924]: [Perception] Post 1: x=-0.31 y=-0.45 dist=0.54 m[0m
[01:52:01] [0m[INFO] [1779731521.358027398]: [Perception] Post 1: x=-0.31 y=-0.45 dist=0.54 m[0m
[01:52:16] [0m[INFO] [1779731521.659010578]: [Perception] Post 1: x=-0.31 y=-0.45 dist=0.55 m[0m
[01:52:16] [0m[INFO] [1779731522.007656873]: [Perception] Post 1: x=-0.31 y=-0.45 dist=0.54 m[0m
[01:52:16] [0m[INFO] [1779731522.307840879]: [Perception] Post 1: x=-0.31 y=-0.45 dist=0.54 m[0m
[01:52:16] [0m[INFO] [1779731522.608995730]: [Perception] Post 1: x=-0.30 y=-0.45 dist=0.54 m[0m
[01:52:16] [0m[INFO] [1779731522.957795063]: [Perception] Post 1: x=-0.30 y=-0.45 dist=0.54 m[0m
[01:52:16] [0m[INFO] [1779731523.258459678]: [Perception] Post 1: x=-0.30 y=-0.45 dist=0.54 m[0m
[01:52:16] [0m[INFO] [1779731523.607473860]: [Perception] Post 1: x=-0.31 y=-0.45 dist=0.54 m[0m
[01:52:16] [0m[INFO] [1779731523.908913845]: [Perception] Post 1: x=-0.30 y=-0.45 dist=0.54 m[0m
[01:52:16] [0m[INFO] [1779731524.258062490]: [Perception] Post 1: x=-0.30 y=-0.45 dist=0.54 m[0m
[01:52:16] [0m[INFO] [1779731524.558806818]: [Perception] Post 1: x=-0.31 y=-0.45 dist=0.54 m[0m
[01:52:16] [0m[INFO] [1779731524.908319218]: [Perception] Post 1: x=-0.31 y=-0.45 dist=0.54 m[0m
[01:52:16] [0m[INFO] [1779731525.208457676]: [Perception] Post 1: x=-0.31 y=-0.45 dist=0.55 m[0m
[01:52:16] [0m[INFO] [1779731525.508736007]: [Perception] Post 1: x=-0.30 y=-0.45 dist=0.54 m[0m
[01:52:16] [0m[INFO] [1779731525.858572349]: [Perception] Post 1: x=-0.30 y=-0.45 dist=0.54 m[0m
[01:52:16] [0m[INFO] [1779731526.159106063]: [Perception] Post 1: x=-0.30 y=-0.45 dist=0.54 m[0m
[01:52:16] [0m[INFO] [1779731526.507668562]: [Perception] Post 1: x=-0.31 y=-0.45 dist=0.54 m[0m
[01:52:16] [0m[INFO] [1779731526.808400237]: [Perception] Post 1: x=-0.31 y=-0.45 dist=0.54 m[0m
[01:52:16] [0m[INFO] [1779731527.108443784]: [Perception] Post 1: x=-0.31 y=-0.45 dist=0.54 m[0m
[01:52:16] [0m[INFO] [1779731527.408530482]: [Perception] Post 1: x=-0.30 y=-0.45 dist=0.54 m[0m
[01:52:16] [0m[INFO] [1779731527.758437730]: [Perception] Post 1: x=-0.30 y=-0.45 dist=0.54 m[0m
[01:52:16] [0m[INFO] [1779731528.107346451]: [Perception] Post 1: x=-0.30 y=-0.45 dist=0.54 m[0m
[01:52:16] [0m[INFO] [1779731528.408314995]: [Perception] Post 1: x=-0.30 y=-0.45 dist=0.54 m[0m
[01:52:16] [0m[INFO] [1779731528.708400435]: [Perception] Post 1: x=-0.31 y=-0.45 dist=0.54 m[0m
[01:52:16] [0m[INFO] [1779731529.058042067]: [Perception] Post 1: x=-0.30 y=-0.45 dist=0.54 m[0m
[01:52:16] [0m[INFO] [1779731529.358144999]: [Perception] Post 1: x=-0.31 y=-0.45 dist=0.54 m[0m
[01:52:16] [0m[INFO] [1779731529.658128936]: [Perception] Post 1: x=-0.30 y=-0.45 dist=0.54 m[0m
[01:52:16] [0m[INFO] [1779731529.959093090]: [Perception] Post 1: x=-0.30 y=-0.45 dist=0.54 m[0m
[01:52:16] [0m[INFO] [1779731530.308428450]: [Perception] Post 1: x=-0.30 y=-0.45 dist=0.54 m[0m
[01:52:16] [0m[INFO] [1779731530.658461164]: [Perception] Post 1: x=-0.30 y=-0.45 dist=0.54 m[0m
[01:52:16] [0m[INFO] [1779731531.007353646]: [Perception] Post 1: x=-0.30 y=-0.45 dist=0.54 m[0m
[01:52:16] [0m[INFO] [1779731531.308558823]: [Perception] Post 1: x=-0.30 y=-0.45 dist=0.54 m[0m
[01:52:16] [0m[INFO] [1779731531.657808015]: [Perception] Post 1: x=-0.30 y=-0.45 dist=0.54 m[0m
[01:52:16] [0m[INFO] [1779731531.958736145]: [Perception] Post 1: x=-0.31 y=-0.45 dist=0.54 m[0m
[01:52:16] [0m[INFO] [1779731532.307735619]: [Perception] Post 1: x=-0.31 y=-0.45 dist=0.54 m[0m
[01:52:16] [0m[INFO] [1779731532.657591276]: [Perception] Post 1: x=-0.31 y=-0.45 dist=0.54 m[0m
[01:52:16] [0m[INFO] [1779731532.957638934]: [Perception] Post 1: x=-0.30 y=-0.45 dist=0.54 m[0m
[01:52:16] [0m[INFO] [1779731533.257713940]: [Perception] Post 1: x=-0.30 y=-0.45 dist=0.54 m[0m
[01:52:16] [0m[INFO] [1779731533.607389605]: [Perception] Post 1: x=-0.31 y=-0.45 dist=0.54 m[0m
[01:52:16] [0m[INFO] [1779731533.907393014]: [Perception] Post 1: x=-0.31 y=-0.45 dist=0.54 m[0m
[01:52:16] [0m[INFO] [1779731534.207472077]: [Perception] Post 1: x=-0.31 y=-0.45 dist=0.54 m[0m
[01:52:16] [0m[INFO] [1779731534.507895843]: [Perception] Post 1: x=-0.31 y=-0.45 dist=0.54 m[0m
[01:52:16] [0m[INFO] [1779731534.808632856]: [Perception] Post 1: x=-0.31 y=-0.45 dist=0.54 m[0m
[01:52:16] [0m[INFO] [1779731535.158813472]: [Perception] Post 1: x=-0.31 y=-0.45 dist=0.54 m[0m
[01:52:16] [0m[INFO] [1779731535.507668024]: [Perception] Post 1: x=-0.30 y=-0.45 dist=0.54 m[0m
[01:52:16] [0m[INFO] [1779731535.808526838]: [Perception] Post 1: x=-0.30 y=-0.45 dist=0.54 m[0m
[01:52:16] [0m[INFO] [1779731536.158537678]: [Perception] Post 1: x=-0.31 y=-0.45 dist=0.54 m[0m
[01:52:16] [0m[INFO] [1779731536.507352213]: [Perception] Post 1: x=-0.30 y=-0.45 dist=0.54 m[0m
[01:52:32] [0m[INFO] [1779731536.807979084]: [Perception] Post 1: x=-0.31 y=-0.45 dist=0.54 m[0m
[01:52:32] [0m[INFO] [1779731537.108827359]: [Perception] Post 1: x=-0.30 y=-0.45 dist=0.54 m[0m
[01:52:32] [0m[INFO] [1779731537.457965039]: [Perception] Post 1: x=-0.31 y=-0.45 dist=0.54 m[0m
[01:52:32] [0m[INFO] [1779731537.758380691]: [Perception] Post 1: x=-0.30 y=-0.45 dist=0.54 m[0m
[01:52:32] [0m[INFO] [1779731538.108171331]: [Perception] Post 1: x=-0.30 y=-0.45 dist=0.54 m[0m
[01:52:32] [0m[INFO] [1779731538.408556260]: [Perception] Post 1: x=-0.30 y=-0.45 dist=0.54 m[0m
[01:52:32] [0m[INFO] [1779731538.709112393]: [Perception] Post 1: x=-0.31 y=-0.45 dist=0.55 m[0m
[01:52:32] [0m[INFO] [1779731539.057944012]: [Perception] Post 1: x=-0.31 y=-0.45 dist=0.54 m[0m
[01:52:32] [0m[INFO] [1779731539.358296622]: [Perception] Post 1: x=-0.31 y=-0.45 dist=0.54 m[0m
[01:52:32] [0m[INFO] [1779731539.659341307]: [Perception] Post 1: x=-0.31 y=-0.45 dist=0.55 m[0m
[01:52:32] [0m[INFO] [1779731540.007844202]: [Perception] Post 1: x=-0.30 y=-0.45 dist=0.54 m[0m
[01:52:32] [0m[INFO] [1779731540.309055599]: [Perception] Post 1: x=-0.30 y=-0.45 dist=0.54 m[0m
[01:52:32] [0m[INFO] [1779731540.657125209]: [Perception] Post 1: x=-0.30 y=-0.45 dist=0.54 m[0m
[01:52:32] [0m[INFO] [1779731540.957852456]: [Perception] Post 1: x=-0.31 y=-0.45 dist=0.55 m[0m
[01:52:32] [0m[INFO] [1779731541.308148806]: [Perception] Post 1: x=-0.30 y=-0.45 dist=0.54 m[0m
[01:52:32] [0m[INFO] [1779731541.608468591]: [Perception] Post 1: x=-0.30 y=-0.45 dist=0.54 m[0m
[01:52:32] [0m[INFO] [1779731541.957797898]: [Perception] Post 1: x=-0.31 y=-0.45 dist=0.54 m[0m
[01:52:32] [0m[INFO] [1779731542.258307701]: [Perception] Post 1: x=-0.31 y=-0.45 dist=0.55 m[0m
[01:52:32] [0m[INFO] [1779731542.607962785]: [Perception] Post 1: x=-0.30 y=-0.45 dist=0.54 m[0m
[01:52:32] [0m[INFO] [1779731542.909107213]: [Perception] Post 1: x=-0.30 y=-0.45 dist=0.54 m[0m
[01:52:32] [0m[INFO] [1779731543.209197498]: [Perception] Post 1: x=-0.30 y=-0.45 dist=0.54 m[0m
[01:52:32] [0m[INFO] [1779731543.558504913]: [Perception] Post 1: x=-0.31 y=-0.45 dist=0.54 m[0m
[01:52:32] [0m[INFO] [1779731543.859306340]: [Perception] Post 1: x=-0.30 y=-0.45 dist=0.54 m[0m
[01:52:32] [0m[INFO] [1779731544.207411394]: [Perception] Post 1: x=-0.31 y=-0.45 dist=0.55 m[0m
[01:52:32] [0m[INFO] [1779731544.509216055]: [Perception] Post 1: x=-0.31 y=-0.45 dist=0.54 m[0m
[01:52:32] [0m[INFO] [1779731544.858242675]: [Perception] Post 1: x=-0.31 y=-0.45 dist=0.54 m[0m
[01:52:32] [0m[INFO] [1779731545.159200679]: [Perception] Post 1: x=-0.30 y=-0.45 dist=0.54 m[0m
[01:52:32] [0m[INFO] [1779731545.507552926]: [Perception] Post 1: x=-0.31 y=-0.45 dist=0.54 m[0m
[01:52:32] [0m[INFO] [1779731545.808542320]: [Perception] Post 1: x=-0.30 y=-0.45 dist=0.54 m[0m
[01:52:32] [0m[INFO] [1779731546.158143042]: [Perception] Post 1: x=-0.31 y=-0.45 dist=0.55 m[0m
[01:52:32] [0m[INFO] [1779731546.507705883]: [Perception] Post 1: x=-0.31 y=-0.45 dist=0.54 m[0m
[01:52:32] [0m[INFO] [1779731546.858224553]: [Perception] Post 1: x=-0.31 y=-0.45 dist=0.55 m[0m
[01:52:32] [0m[INFO] [1779731547.207953534]: [Perception] Post 1: x=-0.30 y=-0.45 dist=0.54 m[0m
[01:52:32] [0m[INFO] [1779731547.508237087]: [Perception] Post 1: x=-0.30 y=-0.45 dist=0.54 m[0m
[01:52:32] [0m[INFO] [1779731547.809370278]: [Perception] Post 1: x=-0.31 y=-0.45 dist=0.54 m[0m
[01:52:32] [0m[INFO] [1779731548.158516379]: [Perception] Post 1: x=-0.31 y=-0.45 dist=0.54 m[0m
[01:52:32] [0m[INFO] [1779731548.507827326]: [Perception] Post 1: x=-0.31 y=-0.45 dist=0.54 m[0m
[01:52:32] [0m[INFO] [1779731548.808275178]: [Perception] Post 1: x=-0.30 y=-0.45 dist=0.54 m[0m
[01:52:32] [0m[INFO] [1779731549.157911924]: [Perception] Post 1: x=-0.30 y=-0.45 dist=0.54 m[0m
[01:52:32] [0m[INFO] [1779731549.507814231]: [Perception] Post 1: x=-0.31 y=-0.45 dist=0.55 m[0m
[01:52:32] [0m[INFO] [1779731549.857668863]: [Perception] Post 1: x=-0.30 y=-0.45 dist=0.54 m[0m
[01:52:32] [0m[INFO] [1779731550.207591729]: [Perception] Post 1: x=-0.31 y=-0.45 dist=0.54 m[0m
[01:52:32] [0m[INFO] [1779731550.557336983]: [Perception] Post 1: x=-0.30 y=-0.45 dist=0.54 m[0m
[01:52:32] [0m[INFO] [1779731550.858930833]: [Perception] Post 1: x=-0.30 y=-0.45 dist=0.54 m[0m
[01:52:32] [0m[INFO] [1779731551.208511390]: [Perception] Post 1: x=-0.30 y=-0.45 dist=0.54 m[0m
[01:52:32] [0m[INFO] [1779731551.559716273]: [Perception] Post 1: x=-0.31 y=-0.45 dist=0.54 m[0m
[01:52:32] [0m[INFO] [1779731551.907726694]: [Perception] Post 1: x=-0.30 y=-0.45 dist=0.54 m[0m
[01:52:47] [0m[INFO] [1779731552.257840566]: [Perception] Post 1: x=-0.31 y=-0.45 dist=0.54 m[0m
[01:52:47] [0m[INFO] [1779731552.608261124]: [Perception] Post 1: x=-0.30 y=-0.45 dist=0.54 m[0m
[01:52:47] [0m[INFO] [1779731552.958284307]: [Perception] Post 1: x=-0.30 y=-0.45 dist=0.54 m[0m
[01:52:47] [0m[INFO] [1779731553.307461343]: [Perception] Post 1: x=-0.30 y=-0.45 dist=0.54 m[0m
[01:52:47] [0m[INFO] [1779731553.607968319]: [Perception] Post 1: x=-0.31 y=-0.45 dist=0.54 m[0m
[01:52:47] [0m[INFO] [1779731553.957906572]: [Perception] Post 1: x=-0.30 y=-0.45 dist=0.54 m[0m
[01:52:47] [0m[INFO] [1779731554.308100890]: [Perception] Post 1: x=-0.31 y=-0.45 dist=0.54 m[0m
[01:52:47] [0m[INFO] [1779731554.658165834]: [Perception] Post 1: x=-0.30 y=-0.45 dist=0.54 m[0m
[01:52:47] [0m[INFO] [1779731555.007558443]: [Perception] Post 1: x=-0.31 y=-0.45 dist=0.54 m[0m
[01:52:47] [0m[INFO] [1779731555.308124583]: [Perception] Post 1: x=-0.30 y=-0.45 dist=0.54 m[0m
[01:52:47] [0m[INFO] [1779731555.657415467]: [Perception] Post 1: x=-0.31 y=-0.45 dist=0.54 m[0m
[01:52:47] [0m[INFO] [1779731555.957962118]: [Perception] Post 1: x=-0.30 y=-0.45 dist=0.54 m[0m
[01:52:47] [0m[INFO] [1779731556.307792349]: [Perception] Post 1: x=-0.30 y=-0.45 dist=0.54 m[0m
[01:52:47] [0m[INFO] [1779731556.609179383]: [Perception] Post 1: x=-0.31 y=-0.45 dist=0.54 m[0m
[01:52:47] [0m[INFO] [1779731556.957774058]: [Perception] Post 1: x=-0.30 y=-0.45 dist=0.54 m[0m
[01:52:47] [0m[INFO] [1779731557.258265521]: [Perception] Post 1: x=-0.31 y=-0.45 dist=0.55 m[0m
[01:52:47] [0m[INFO] [1779731557.558314503]: [Perception] Post 1: x=-0.30 y=-0.45 dist=0.54 m[0m
[01:52:47] [0m[INFO] [1779731557.908142232]: [Perception] Post 1: x=-0.30 y=-0.45 dist=0.54 m[0m
[01:52:47] [0m[INFO] [1779731558.209073628]: [Perception] Post 1: x=-0.31 y=-0.45 dist=0.54 m[0m
[01:52:47] [0m[INFO] [1779731558.558831728]: [Perception] Post 1: x=-0.31 y=-0.45 dist=0.55 m[0m
[01:52:47] [0m[INFO] [1779731558.908334753]: [Perception] Post 1: x=-0.31 y=-0.45 dist=0.55 m[0m
[01:52:47] [0m[INFO] [1779731559.257522575]: [Perception] Post 1: x=-0.31 y=-0.45 dist=0.54 m[0m
[01:52:47] [0m[INFO] [1779731559.557893454]: [Perception] Post 1: x=-0.31 y=-0.45 dist=0.54 m[0m
[01:52:47] [0m[INFO] [1779731559.858470261]: [Perception] Post 1: x=-0.31 y=-0.45 dist=0.54 m[0m
[01:52:47] [0m[INFO] [1779731560.207320802]: [Perception] Post 1: x=-0.31 y=-0.45 dist=0.54 m[0m
[01:52:47] [0m[INFO] [1779731560.508543715]: [Perception] Post 1: x=-0.31 y=-0.45 dist=0.54 m[0m
[01:52:47] [0m[INFO] [1779731560.857629677]: [Perception] Post 1: x=-0.31 y=-0.45 dist=0.54 m[0m
[01:52:47] [0m[INFO] [1779731561.158109872]: [Perception] Post 1: x=-0.30 y=-0.45 dist=0.54 m[0m
[01:52:47] [0m[INFO] [1779731561.508169419]: [Perception] Post 1: x=-0.31 y=-0.45 dist=0.55 m[0m
[01:52:47] [0m[INFO] [1779731561.858567311]: [Perception] Post 1: x=-0.30 y=-0.45 dist=0.54 m[0m
[01:52:47] [0m[INFO] [1779731562.207870060]: [Perception] Post 1: x=-0.31 y=-0.45 dist=0.55 m[0m
[01:52:47] [0m[INFO] [1779731562.557621634]: [Perception] Post 1: x=-0.30 y=-0.45 dist=0.54 m[0m
[01:52:47] [0m[INFO] [1779731562.858657648]: [Perception] Post 1: x=-0.31 y=-0.45 dist=0.55 m[0m
[01:52:47] [0m[INFO] [1779731563.207379723]: [Perception] Post 1: x=-0.30 y=-0.45 dist=0.54 m[0m
[01:52:47] [0m[INFO] [1779731563.508463157]: [Perception] Post 1: x=-0.30 y=-0.45 dist=0.54 m[0m
[01:52:47] [0m[INFO] [1779731563.808613871]: [Perception] Post 1: x=-0.31 y=-0.45 dist=0.54 m[0m
[01:52:47] [0m[INFO] [1779731564.157837879]: [Perception] Post 1: x=-0.30 y=-0.45 dist=0.54 m[0m
[01:52:47] [0m[INFO] [1779731564.508513017]: [Perception] Post 1: x=-0.30 y=-0.45 dist=0.54 m[0m
[01:52:47] [0m[INFO] [1779731564.858309797]: [Perception] Post 1: x=-0.30 y=-0.45 dist=0.54 m[0m
[01:52:47] [0m[INFO] [1779731565.159070165]: [Perception] Post 1: x=-0.30 y=-0.45 dist=0.54 m[0m
[01:52:47] [0m[INFO] [1779731565.508060913]: [Perception] Post 1: x=-0.31 y=-0.45 dist=0.54 m[0m
[01:52:47] [0m[INFO] [1779731565.809000107]: [Perception] Post 1: x=-0.30 y=-0.45 dist=0.54 m[0m
[01:52:47] [0m[INFO] [1779731566.157934770]: [Perception] Post 1: x=-0.30 y=-0.45 dist=0.54 m[0m
[01:52:47] [0m[INFO] [1779731566.458212442]: [Perception] Post 1: x=-0.30 y=-0.45 dist=0.54 m[0m
[01:52:47] [0m[INFO] [1779731566.758573174]: [Perception] Post 1: x=-0.31 y=-0.45 dist=0.54 m[0m
[01:52:47] [0m[INFO] [1779731567.108136998]: [Perception] Post 1: x=-0.31 y=-0.45 dist=0.55 m[0m
[01:53:02] [0m[INFO] [1779731567.458476819]: [Perception] Post 1: x=-0.31 y=-0.45 dist=0.54 m[0m
[01:53:02] [0m[INFO] [1779731567.808429774]: [Perception] Post 1: x=-0.31 y=-0.45 dist=0.54 m[0m
[01:53:02] [0m[INFO] [1779731568.108882196]: [Perception] Post 1: x=-0.30 y=-0.45 dist=0.54 m[0m
[01:53:02] [0m[INFO] [1779731568.457241740]: [Perception] Post 1: x=-0.31 y=-0.45 dist=0.54 m[0m
[01:53:02] [0m[INFO] [1779731568.758449592]: [Perception] Post 1: x=-0.30 y=-0.45 dist=0.54 m[0m
[01:53:02] [0m[INFO] [1779731569.058485019]: [Perception] Post 1: x=-0.30 y=-0.45 dist=0.54 m[0m
[01:53:02] [0m[INFO] [1779731569.407470833]: [Perception] Post 1: x=-0.31 y=-0.45 dist=0.54 m[0m
[01:53:02] [0m[INFO] [1779731569.707899852]: [Perception] Post 1: x=-0.30 y=-0.45 dist=0.54 m[0m
[01:53:02] [0m[INFO] [1779731570.058311447]: [Perception] Post 1: x=-0.30 y=-0.45 dist=0.54 m[0m
[01:53:02] [0m[INFO] [1779731570.358652087]: [Perception] Post 1: x=-0.30 y=-0.45 dist=0.54 m[0m
[01:53:02] [0m[INFO] [1779731570.708407020]: [Perception] Post 1: x=-0.31 y=-0.45 dist=0.54 m[0m
[01:53:02] [0m[INFO] [1779731571.057487847]: [Perception] Post 1: x=-0.30 y=-0.45 dist=0.54 m[0m
[01:53:02] [0m[INFO] [1779731571.357848110]: [Perception] Post 1: x=-0.31 y=-0.45 dist=0.54 m[0m
[01:53:02] [0m[INFO] [1779731571.708391937]: [Perception] Post 1: x=-0.31 y=-0.45 dist=0.54 m[0m
[01:53:02] [0m[INFO] [1779731572.057788627]: [Perception] Post 1: x=-0.31 y=-0.45 dist=0.54 m[0m
[01:53:02] [0m[INFO] [1779731572.359271889]: [Perception] Post 1: x=-0.31 y=-0.45 dist=0.55 m[0m
[01:53:02] [0m[INFO] [1779731572.707442523]: [Perception] Post 1: x=-0.31 y=-0.45 dist=0.54 m[0m
[01:53:02] [0m[INFO] [1779731573.057649501]: [Perception] Post 1: x=-0.30 y=-0.45 dist=0.54 m[0m
[01:53:02] [0m[INFO] [1779731573.357767914]: [Perception] Post 1: x=-0.30 y=-0.45 dist=0.54 m[0m
[01:53:02] [0m[INFO] [1779731573.708563079]: [Perception] Post 1: x=-0.30 y=-0.45 dist=0.54 m[0m
[01:53:02] [0m[INFO] [1779731574.057742720]: [Perception] Post 1: x=-0.30 y=-0.45 dist=0.54 m[0m
[01:53:02] [0m[INFO] [1779731574.358423363]: [Perception] Post 1: x=-0.31 y=-0.45 dist=0.54 m[0m
[01:53:02] [0m[INFO] [1779731574.659092226]: [Perception] Post 1: x=-0.31 y=-0.45 dist=0.54 m[0m
[01:53:02] [0m[INFO] [1779731575.007537132]: [Perception] Post 1: x=-0.30 y=-0.45 dist=0.54 m[0m
[01:53:02] [0m[INFO] [1779731575.308172184]: [Perception] Post 1: x=-0.30 y=-0.45 dist=0.54 m[0m
[01:53:02] [0m[INFO] [1779731575.608420575]: [Perception] Post 1: x=-0.31 y=-0.45 dist=0.54 m[0m
[01:53:02] [0m[INFO] [1779731575.957633858]: [Perception] Post 1: x=-0.30 y=-0.45 dist=0.54 m[0m
[01:53:02] [0m[INFO] [1779731576.257859921]: [Perception] Post 1: x=-0.30 y=-0.45 dist=0.54 m[0m
[01:53:02] [0m[INFO] [1779731576.608557861]: [Perception] Post 1: x=-0.30 y=-0.45 dist=0.54 m[0m
[01:53:02] [0m[INFO] [1779731576.957562363]: [Perception] Post 1: x=-0.31 y=-0.45 dist=0.55 m[0m
[01:53:02] [0m[INFO] [1779731577.257621424]: [Perception] Post 1: x=-0.31 y=-0.45 dist=0.54 m[0m
[01:53:02] [0m[INFO] [1779731577.557640015]: [Perception] Post 1: x=-0.31 y=-0.45 dist=0.55 m[0m
[01:53:02] [0m[INFO] [1779731577.859069151]: [Perception] Post 1: x=-0.30 y=-0.45 dist=0.54 m[0m
[01:53:02] [0m[INFO] [1779731578.208942758]: [Perception] Post 1: x=-0.31 y=-0.45 dist=0.55 m[0m
[01:53:02] [0m[INFO] [1779731578.558035559]: [Perception] Post 1: x=-0.30 y=-0.45 dist=0.54 m[0m
[01:53:02] [0m[INFO] [1779731578.909146626]: [Perception] Post 1: x=-0.30 y=-0.45 dist=0.54 m[0m
[01:53:02] [0m[INFO] [1779731579.257387360]: [Perception] Post 1: x=-0.31 y=-0.45 dist=0.55 m[0m
[01:53:02] [0m[INFO] [1779731579.558351045]: [Perception] Post 1: x=-0.30 y=-0.45 dist=0.54 m[0m
[01:53:02] [0m[INFO] [1779731579.907529803]: [Perception] Post 1: x=-0.31 y=-0.45 dist=0.54 m[0m
[01:53:02] [0m[INFO] [1779731580.208391285]: [Perception] Post 1: x=-0.30 y=-0.45 dist=0.54 m[0m
[01:53:02] [0m[INFO] [1779731580.557824011]: [Perception] Post 1: x=-0.31 y=-0.45 dist=0.54 m[0m
[01:53:02] [0m[INFO] [1779731580.858828908]: [Perception] Post 1: x=-0.30 y=-0.45 dist=0.54 m[0m
[01:53:02] [0m[INFO] [1779731581.208210301]: [Perception] Post 1: x=-0.31 y=-0.45 dist=0.55 m[0m
[01:53:02] [0m[INFO] [1779731581.508289502]: [Perception] Post 1: x=-0.31 y=-0.45 dist=0.55 m[0m
[01:53:02] [0m[INFO] [1779731581.858663678]: [Perception] Post 1: x=-0.30 y=-0.45 dist=0.54 m[0m
[01:53:02] [0m[INFO] [1779731582.207808531]: [Perception] Post 1: x=-0.31 y=-0.45 dist=0.54 m[0m
[01:53:02] [0m[INFO] [1779731582.557570528]: [Perception] Post 1: x=-0.31 y=-0.45 dist=0.54 m[0m
[01:53:17] [0m[INFO] [1779731582.857990330]: [Perception] Post 1: x=-0.30 y=-0.45 dist=0.54 m[0m
[01:53:17] [0m[INFO] [1779731583.158325552]: [Perception] Post 1: x=-0.30 y=-0.45 dist=0.54 m[0m
[01:53:17] [0m[INFO] [1779731583.507739853]: [Perception] Post 1: x=-0.31 y=-0.45 dist=0.54 m[0m
[01:53:17] [0m[INFO] [1779731583.858474051]: [Perception] Post 1: x=-0.31 y=-0.45 dist=0.54 m[0m
[01:53:17] [0m[INFO] [1779731584.207344749]: [Perception] Post 1: x=-0.30 y=-0.45 dist=0.54 m[0m
[01:53:17] [0m[INFO] [1779731584.509052148]: [Perception] Post 1: x=-0.31 y=-0.45 dist=0.54 m[0m
[01:53:17] [0m[INFO] [1779731584.858042589]: [Perception] Post 1: x=-0.31 y=-0.45 dist=0.54 m[0m
[01:53:17] [0m[INFO] [1779731585.158190202]: [Perception] Post 1: x=-0.30 y=-0.45 dist=0.54 m[0m
[01:53:17] [0m[INFO] [1779731585.458476503]: [Perception] Post 1: x=-0.30 y=-0.45 dist=0.54 m[0m
[01:53:17] [0m[INFO] [1779731585.807424257]: [Perception] Post 1: x=-0.30 y=-0.45 dist=0.54 m[0m
[01:53:17] [0m[INFO] [1779731586.108833960]: [Perception] Post 1: x=-0.30 y=-0.45 dist=0.54 m[0m
[01:53:17] [0m[INFO] [1779731586.457562038]: [Perception] Post 1: x=-0.30 y=-0.45 dist=0.54 m[0m
[01:53:17] [0m[INFO] [1779731586.758085967]: [Perception] Post 1: x=-0.31 y=-0.45 dist=0.54 m[0m
[01:53:17] [0m[INFO] [1779731587.059268329]: [Perception] Post 1: x=-0.31 y=-0.45 dist=0.55 m[0m
[01:53:17] [0m[INFO] [1779731587.408511753]: [Perception] Post 1: x=-0.31 y=-0.45 dist=0.54 m[0m
[01:53:17] [0m[INFO] [1779731587.757437061]: [Perception] Post 1: x=-0.30 y=-0.45 dist=0.54 m[0m
[01:53:17] [0m[INFO] [1779731588.108506752]: [Perception] Post 1: x=-0.31 y=-0.45 dist=0.54 m[0m
[01:53:17] [0m[INFO] [1779731588.457957450]: [Perception] Post 1: x=-0.31 y=-0.45 dist=0.54 m[0m
[01:53:17] [0m[INFO] [1779731588.758185906]: [Perception] Post 1: x=-0.31 y=-0.45 dist=0.55 m[0m
[01:53:17] [0m[INFO] [1779731589.058889284]: [Perception] Post 1: x=-0.30 y=-0.45 dist=0.54 m[0m
[01:53:17] [0m[INFO] [1779731589.407943922]: [Perception] Post 1: x=-0.30 y=-0.45 dist=0.54 m[0m
[01:53:17] [0m[INFO] [1779731589.708450600]: [Perception] Post 1: x=-0.30 y=-0.45 dist=0.54 m[0m
[01:53:17] [0m[INFO] [1779731590.008630346]: [Perception] Post 1: x=-0.31 y=-0.45 dist=0.54 m[0m
[01:53:17] [0m[INFO] [1779731590.358115866]: [Perception] Post 1: x=-0.30 y=-0.45 dist=0.54 m[0m
[01:53:17] [0m[INFO] [1779731590.658571232]: [Perception] Post 1: x=-0.30 y=-0.45 dist=0.54 m[0m
[01:53:17] [0m[INFO] [1779731591.007557965]: [Perception] Post 1: x=-0.31 y=-0.45 dist=0.54 m[0m
[01:53:17] [0m[INFO] [1779731591.308083948]: [Perception] Post 1: x=-0.31 y=-0.45 dist=0.54 m[0m
[01:53:17] [0m[INFO] [1779731591.608373097]: [Perception] Post 1: x=-0.30 y=-0.45 dist=0.54 m[0m
[01:53:17] [0m[INFO] [1779731591.908538201]: [Perception] Post 1: x=-0.31 y=-0.45 dist=0.54 m[0m
[01:53:17] [0m[INFO] [1779731592.257483555]: [Perception] Post 1: x=-0.30 y=-0.45 dist=0.54 m[0m
[01:53:17] [0m[INFO] [1779731592.558981890]: [Perception] Post 1: x=-0.30 y=-0.45 dist=0.54 m[0m
[01:53:17] [0m[INFO] [1779731592.907751841]: [Perception] Post 1: x=-0.30 y=-0.45 dist=0.54 m[0m
[01:53:17] [0m[INFO] [1779731593.257764290]: [Perception] Post 1: x=-0.31 y=-0.45 dist=0.54 m[0m
[01:53:17] [0m[INFO] [1779731593.607500323]: [Perception] Post 1: x=-0.31 y=-0.45 dist=0.54 m[0m
[01:53:17] [0m[INFO] [1779731593.908974334]: [Perception] Post 1: x=-0.30 y=-0.45 dist=0.54 m[0m
[01:53:17] [0m[INFO] [1779731594.258059260]: [Perception] Post 1: x=-0.31 y=-0.45 dist=0.54 m[0m
[01:53:17] [0m[INFO] [1779731594.558428784]: [Perception] Post 1: x=-0.30 y=-0.45 dist=0.54 m[0m
[01:53:17] [0m[INFO] [1779731594.907935649]: [Perception] Post 1: x=-0.30 y=-0.45 dist=0.54 m[0m
[01:53:17] [0m[INFO] [1779731595.257348252]: [Perception] Post 1: x=-0.30 y=-0.45 dist=0.54 m[0m
[01:53:17] [0m[INFO] [1779731595.558623721]: [Perception] Post 1: x=-0.31 y=-0.45 dist=0.54 m[0m
[01:53:17] [0m[INFO] [1779731595.907796856]: [Perception] Post 1: x=-0.30 y=-0.45 dist=0.54 m[0m
[01:53:17] [0m[INFO] [1779731596.209019561]: [Perception] Post 1: x=-0.30 y=-0.45 dist=0.54 m[0m
[01:53:17] [0m[INFO] [1779731596.557661296]: [Perception] Post 1: x=-0.30 y=-0.45 dist=0.54 m[0m
[01:53:17] [0m[INFO] [1779731596.858252117]: [Perception] Post 1: x=-0.30 y=-0.45 dist=0.54 m[0m
[01:53:17] [0m[INFO] [1779731597.207401498]: [Perception] Post 1: x=-0.30 y=-0.45 dist=0.54 m[0m
[01:53:17] [0m[INFO] [1779731597.508443149]: [Perception] Post 1: x=-0.30 y=-0.45 dist=0.54 m[0m
[01:53:33] [0m[INFO] [1779731597.857606162]: [Perception] Post 1: x=-0.31 y=-0.45 dist=0.54 m[0m
[01:53:33] [0m[INFO] [1779731598.208154703]: [Perception] Post 1: x=-0.30 y=-0.45 dist=0.54 m[0m
[01:53:33] [0m[INFO] [1779731598.557633239]: [Perception] Post 1: x=-0.30 y=-0.45 dist=0.54 m[0m
[01:53:33] [0m[INFO] [1779731598.857750881]: [Perception] Post 1: x=-0.31 y=-0.45 dist=0.54 m[0m
[01:53:33] [0m[INFO] [1779731599.158228509]: [Perception] Post 1: x=-0.30 y=-0.45 dist=0.54 m[0m
[01:53:33] [0m[INFO] [1779731599.508197613]: [Perception] Post 1: x=-0.31 y=-0.45 dist=0.54 m[0m
[01:53:33] [0m[INFO] [1779731599.857640340]: [Perception] Post 1: x=-0.31 y=-0.45 dist=0.54 m[0m
[01:53:33] [0m[INFO] [1779731600.158660682]: [Perception] Post 1: x=-0.30 y=-0.45 dist=0.54 m[0m
[01:53:33] [0m[INFO] [1779731600.507497721]: [Perception] Post 1: x=-0.30 y=-0.45 dist=0.54 m[0m
[01:53:33] [0m[INFO] [1779731600.807505928]: [Perception] Post 1: x=-0.31 y=-0.45 dist=0.54 m[0m
[01:53:33] [0m[INFO] [1779731601.108735241]: [Perception] Post 1: x=-0.31 y=-0.45 dist=0.54 m[0m
[01:53:33] [0m[INFO] [1779731601.457720342]: [Perception] Post 1: x=-0.30 y=-0.45 dist=0.54 m[0m
[01:53:33] [0m[INFO] [1779731601.807454782]: [Perception] Post 1: x=-0.30 y=-0.45 dist=0.54 m[0m
[01:53:33] [0m[INFO] [1779731602.107730023]: [Perception] Post 1: x=-0.30 y=-0.45 dist=0.54 m[0m
[01:53:33] [0m[INFO] [1779731602.408784346]: [Perception] Post 1: x=-0.30 y=-0.45 dist=0.54 m[0m
[01:53:33] [0m[INFO] [1779731602.757534722]: [Perception] Post 1: x=-0.31 y=-0.45 dist=0.54 m[0m
[01:53:33] [0m[INFO] [1779731603.057831737]: [Perception] Post 1: x=-0.31 y=-0.45 dist=0.54 m[0m
[01:53:33] [0m[INFO] [1779731603.358829072]: [Perception] Post 1: x=-0.30 y=-0.45 dist=0.54 m[0m
[01:53:33] [0m[INFO] [1779731603.708273095]: [Perception] Post 1: x=-0.31 y=-0.45 dist=0.54 m[0m
[01:53:33] [0m[INFO] [1779731604.008337939]: [Perception] Post 1: x=-0.30 y=-0.45 dist=0.54 m[0m
[01:53:33] [0m[INFO] [1779731604.358429985]: [Perception] Post 1: x=-0.30 y=-0.45 dist=0.54 m[0m
[01:53:33] [0m[INFO] [1779731604.659145682]: [Perception] Post 1: x=-0.30 y=-0.45 dist=0.54 m[0m
[01:53:33] [0m[INFO] [1779731605.007368360]: [Perception] Post 1: x=-0.30 y=-0.45 dist=0.54 m[0m
[01:53:33] [0m[INFO] [1779731605.308581310]: [Perception] Post 1: x=-0.31 y=-0.45 dist=0.55 m[0m
[01:53:33] [0m[INFO] [1779731605.657622284]: [Perception] Post 1: x=-0.30 y=-0.45 dist=0.54 m[0m
[01:53:33] [0m[INFO] [1779731605.958396152]: [Perception] Post 1: x=-0.31 y=-0.45 dist=0.54 m[0m
[01:53:33] [0m[INFO] [1779731606.258909780]: [Perception] Post 1: x=-0.30 y=-0.45 dist=0.54 m[0m
[01:53:33] [0m[INFO] [1779731606.608139041]: [Perception] Post 1: x=-0.30 y=-0.45 dist=0.54 m[0m
[01:53:33] [0m[INFO] [1779731606.908301844]: [Perception] Post 1: x=-0.31 y=-0.45 dist=0.54 m[0m
[01:53:33] [0m[INFO] [1779731607.209183164]: [Perception] Post 1: x=-0.30 y=-0.45 dist=0.54 m[0m
[01:53:33] [0m[INFO] [1779731607.557830754]: [Perception] Post 1: x=-0.31 y=-0.45 dist=0.55 m[0m
[01:53:33] [0m[INFO] [1779731607.858563727]: [Perception] Post 1: x=-0.31 y=-0.45 dist=0.55 m[0m
[01:53:33] [0m[INFO] [1779731608.207439695]: [Perception] Post 1: x=-0.30 y=-0.45 dist=0.54 m[0m
[01:53:33] [0m[INFO] [1779731608.507567864]: [Perception] Post 1: x=-0.30 y=-0.45 dist=0.54 m[0m
[01:53:33] [0m[INFO] [1779731608.808035271]: [Perception] Post 1: x=-0.30 y=-0.45 dist=0.54 m[0m
[01:53:33] [0m[INFO] [1779731609.158542911]: [Perception] Post 1: x=-0.31 y=-0.45 dist=0.54 m[0m
[01:53:33] [0m[INFO] [1779731609.508206420]: [Perception] Post 1: x=-0.31 y=-0.45 dist=0.54 m[0m
[01:53:33] [0m[INFO] [1779731609.858432372]: [Perception] Post 1: x=-0.30 y=-0.45 dist=0.54 m[0m
[01:53:33] [0m[INFO] [1779731610.207274879]: [Perception] Post 1: x=-0.30 y=-0.45 dist=0.54 m[0m
[01:53:33] [0m[INFO] [1779731610.507587050]: [Perception] Post 1: x=-0.31 y=-0.45 dist=0.54 m[0m
[01:53:33] [0m[INFO] [1779731610.809182758]: [Perception] Post 1: x=-0.31 y=-0.45 dist=0.55 m[0m
[01:53:33] [0m[INFO] [1779731611.157383465]: [Perception] Post 1: x=-0.30 y=-0.45 dist=0.54 m[0m
[01:53:33] [0m[INFO] [1779731611.457812140]: [Perception] Post 1: x=-0.31 y=-0.45 dist=0.55 m[0m
[01:53:33] [0m[INFO] [1779731611.758413184]: [Perception] Post 1: x=-0.30 y=-0.45 dist=0.54 m[0m
[01:53:33] [0m[INFO] [1779731612.108645454]: [Perception] Post 1: x=-0.30 y=-0.45 dist=0.54 m[0m
[01:53:33] [0m[INFO] [1779731612.458598570]: [Perception] Post 1: x=-0.31 y=-0.45 dist=0.54 m[0m
[01:53:33] [0m[INFO] [1779731612.808671002]: [Perception] Post 1: x=-0.30 y=-0.45 dist=0.54 m[0m
[01:53:48] [0m[INFO] [1779731613.158466003]: [Perception] Post 1: x=-0.31 y=-0.45 dist=0.54 m[0m
[01:53:48] [0m[INFO] [1779731613.509215036]: [Perception] Post 1: x=-0.31 y=-0.45 dist=0.54 m[0m
[01:53:48] [0m[INFO] [1779731613.858664168]: [Perception] Post 1: x=-0.30 y=-0.45 dist=0.54 m[0m
[01:53:48] [0m[INFO] [1779731614.159425349]: [Perception] Post 1: x=-0.30 y=-0.45 dist=0.54 m[0m
[01:53:48] [0m[INFO] [1779731614.508561341]: [Perception] Post 1: x=-0.30 y=-0.45 dist=0.54 m[0m
[01:53:48] [0m[INFO] [1779731614.809191224]: [Perception] Post 1: x=-0.31 y=-0.45 dist=0.55 m[0m
[01:53:48] [0m[INFO] [1779731615.158529481]: [Perception] Post 1: x=-0.30 y=-0.45 dist=0.54 m[0m
[01:53:48] [0m[INFO] [1779731615.508498058]: [Perception] Post 1: x=-0.31 y=-0.45 dist=0.54 m[0m
[01:53:48] [0m[INFO] [1779731615.858485007]: [Perception] Post 1: x=-0.31 y=-0.45 dist=0.54 m[0m
[01:53:48] [0m[INFO] [1779731616.208528515]: [Perception] Post 1: x=-0.30 y=-0.45 dist=0.54 m[0m
[01:53:48] [0m[INFO] [1779731616.558607318]: [Perception] Post 1: x=-0.30 y=-0.45 dist=0.54 m[0m
[01:53:48] [0m[INFO] [1779731616.908270852]: [Perception] Post 1: x=-0.30 y=-0.45 dist=0.54 m[0m
[01:53:48] [0m[INFO] [1779731617.259256793]: [Perception] Post 1: x=-0.30 y=-0.45 dist=0.54 m[0m
[01:53:48] [0m[INFO] [1779731617.608113379]: [Perception] Post 1: x=-0.30 y=-0.45 dist=0.54 m[0m
[01:53:48] [0m[INFO] [1779731617.957361939]: [Perception] Post 1: x=-0.30 y=-0.45 dist=0.54 m[0m
[01:53:48] [0m[INFO] [1779731618.258091119]: [Perception] Post 1: x=-0.30 y=-0.45 dist=0.54 m[0m
[01:53:48] [0m[INFO] [1779731618.558346550]: [Perception] Post 1: x=-0.30 y=-0.45 dist=0.54 m[0m
[01:53:48] [0m[INFO] [1779731618.908278768]: [Perception] Post 1: x=-0.30 y=-0.45 dist=0.54 m[0m
[01:53:48] [0m[INFO] [1779731619.208562636]: [Perception] Post 1: x=-0.30 y=-0.45 dist=0.54 m[0m
[01:53:48] [0m[INFO] [1779731619.509294441]: [Perception] Post 1: x=-0.31 y=-0.45 dist=0.54 m[0m
[01:53:48] [0m[INFO] [1779731619.857799129]: [Perception] Post 1: x=-0.30 y=-0.45 dist=0.54 m[0m
[01:53:48] [0m[INFO] [1779731620.158526457]: [Perception] Post 1: x=-0.31 y=-0.45 dist=0.54 m[0m
[01:53:48] [0m[INFO] [1779731620.508212997]: [Perception] Post 1: x=-0.30 y=-0.45 dist=0.54 m[0m
[01:53:48] [0m[INFO] [1779731620.858542355]: [Perception] Post 1: x=-0.31 y=-0.45 dist=0.54 m[0m
[01:53:48] [0m[INFO] [1779731621.207682439]: [Perception] Post 1: x=-0.30 y=-0.45 dist=0.54 m[0m
[01:53:48] [0m[INFO] [1779731621.508637181]: [Perception] Post 1: x=-0.31 y=-0.45 dist=0.54 m[0m
[01:53:48] [0m[INFO] [1779731621.808865981]: [Perception] Post 1: x=-0.30 y=-0.45 dist=0.54 m[0m
[01:53:48] [0m[INFO] [1779731622.157802512]: [Perception] Post 1: x=-0.31 y=-0.45 dist=0.54 m[0m
[01:53:48] [0m[INFO] [1779731622.458797530]: [Perception] Post 1: x=-0.31 y=-0.45 dist=0.55 m[0m
[01:53:48] [0m[INFO] [1779731622.808443190]: [Perception] Post 1: x=-0.30 y=-0.45 dist=0.54 m[0m
[01:53:48] [0m[INFO] [1779731623.158109563]: [Perception] Post 1: x=-0.31 y=-0.45 dist=0.54 m[0m
[01:53:48] [0m[INFO] [1779731623.507776714]: [Perception] Post 1: x=-0.30 y=-0.45 dist=0.54 m[0m
[01:53:48] [0m[INFO] [1779731623.807944839]: [Perception] Post 1: x=-0.31 y=-0.45 dist=0.54 m[0m
[01:53:48] [0m[INFO] [1779731624.158594176]: [Perception] Post 1: x=-0.31 y=-0.45 dist=0.55 m[0m
[01:53:48] [0m[INFO] [1779731624.509133433]: [Perception] Post 1: x=-0.31 y=-0.45 dist=0.55 m[0m
[01:53:48] [0m[INFO] [1779731624.859004326]: [Perception] Post 1: x=-0.30 y=-0.45 dist=0.54 m[0m
[01:53:48] [0m[INFO] [1779731625.207929655]: [Perception] Post 1: x=-0.31 y=-0.45 dist=0.55 m[0m
[01:53:48] [0m[INFO] [1779731625.507943706]: [Perception] Post 1: x=-0.31 y=-0.45 dist=0.54 m[0m
[01:53:48] [0m[INFO] [1779731625.808379595]: [Perception] Post 1: x=-0.31 y=-0.45 dist=0.54 m[0m
[01:53:48] [0m[INFO] [1779731626.157628873]: [Perception] Post 1: x=-0.30 y=-0.45 dist=0.54 m[0m
[01:53:48] [0m[INFO] [1779731626.458798914]: [Perception] Post 1: x=-0.31 y=-0.45 dist=0.55 m[0m
[01:53:48] [0m[INFO] [1779731626.759367982]: [Perception] Post 1: x=-0.31 y=-0.45 dist=0.54 m[0m
[01:53:48] [0m[INFO] [1779731627.108540634]: [Perception] Post 1: x=-0.31 y=-0.45 dist=0.55 m[0m
[01:53:48] [0m[INFO] [1779731627.408911273]: [Perception] Post 1: x=-0.31 y=-0.45 dist=0.54 m[0m
[01:53:48] [0m[INFO] [1779731627.758327688]: [Perception] Post 1: x=-0.31 y=-0.45 dist=0.54 m[0m
[01:53:48] [0m[INFO] [1779731628.058512075]: [Perception] Post 1: x=-0.31 y=-0.45 dist=0.54 m[0m
[01:54:03] [0m[INFO] [1779731628.408400513]: [Perception] Post 1: x=-0.31 y=-0.45 dist=0.54 m[0m
[01:54:03] [0m[INFO] [1779731628.759025560]: [Perception] Post 1: x=-0.31 y=-0.45 dist=0.54 m[0m
[01:54:03] [0m[INFO] [1779731629.108112295]: [Perception] Post 1: x=-0.31 y=-0.45 dist=0.54 m[0m
[01:54:03] [0m[INFO] [1779731629.457057321]: [Perception] Post 1: x=-0.30 y=-0.45 dist=0.54 m[0m
[01:54:03] [0m[INFO] [1779731629.758499098]: [Perception] Post 1: x=-0.30 y=-0.45 dist=0.54 m[0m
[01:54:03] [0m[INFO] [1779731630.108205071]: [Perception] Post 1: x=-0.31 y=-0.45 dist=0.54 m[0m
[01:54:03] [0m[INFO] [1779731630.408390535]: [Perception] Post 1: x=-0.30 y=-0.45 dist=0.54 m[0m
[01:54:03] [0m[INFO] [1779731630.708806354]: [Perception] Post 1: x=-0.30 y=-0.45 dist=0.54 m[0m
[01:54:03] [0m[INFO] [1779731631.057890554]: [Perception] Post 1: x=-0.31 y=-0.45 dist=0.54 m[0m
[01:54:03] [0m[INFO] [1779731631.358148815]: [Perception] Post 1: x=-0.30 y=-0.45 dist=0.54 m[0m
[01:54:03] [0m[INFO] [1779731631.659149442]: [Perception] Post 1: x=-0.30 y=-0.45 dist=0.54 m[0m
[01:54:03] [0m[INFO] [1779731632.008255315]: [Perception] Post 1: x=-0.31 y=-0.45 dist=0.54 m[0m
[01:54:03] [0m[INFO] [1779731632.309153008]: [Perception] Post 1: x=-0.31 y=-0.45 dist=0.54 m[0m
[01:54:03] [0m[INFO] [1779731632.657669297]: [Perception] Post 1: x=-0.31 y=-0.45 dist=0.54 m[0m
[01:54:03] [0m[INFO] [1779731632.959063808]: [Perception] Post 1: x=-0.30 y=-0.45 dist=0.54 m[0m
[01:54:03] [0m[INFO] [1779731633.308027152]: [Perception] Post 1: x=-0.30 y=-0.45 dist=0.54 m[0m
[01:54:03] [0m[INFO] [1779731633.608981767]: [Perception] Post 1: x=-0.31 y=-0.45 dist=0.54 m[0m
[01:54:03] [0m[INFO] [1779731633.957778790]: [Perception] Post 1: x=-0.31 y=-0.45 dist=0.54 m[0m
[01:54:03] [0m[INFO] [1779731634.258637395]: [Perception] Post 1: x=-0.31 y=-0.45 dist=0.54 m[0m
[01:54:03] [0m[INFO] [1779731634.559054729]: [Perception] Post 1: x=-0.31 y=-0.45 dist=0.54 m[0m
[01:54:03] [0m[INFO] [1779731634.907518253]: [Perception] Post 1: x=-0.31 y=-0.45 dist=0.54 m[0m
[01:54:03] [0m[INFO] [1779731635.207761770]: [Perception] Post 1: x=-0.31 y=-0.45 dist=0.55 m[0m
[01:54:03] [0m[INFO] [1779731635.508452725]: [Perception] Post 1: x=-0.30 y=-0.45 dist=0.54 m[0m
[01:54:03] [0m[INFO] [1779731635.859062837]: [Perception] Post 1: x=-0.30 y=-0.45 dist=0.54 m[0m
[01:54:03] [0m[INFO] [1779731636.159374418]: [Perception] Post 1: x=-0.30 y=-0.45 dist=0.54 m[0m
[01:54:03] [0m[INFO] [1779731636.507854367]: [Perception] Post 1: x=-0.30 y=-0.45 dist=0.54 m[0m
[01:54:03] [0m[INFO] [1779731636.808409620]: [Perception] Post 1: x=-0.30 y=-0.45 dist=0.54 m[0m
[01:54:03] [0m[INFO] [1779731637.158081903]: [Perception] Post 1: x=-0.31 y=-0.45 dist=0.55 m[0m
[01:54:03] [0m[INFO] [1779731637.459206134]: [Perception] Post 1: x=-0.30 y=-0.45 dist=0.54 m[0m
[01:54:03] [0m[INFO] [1779731637.808149923]: [Perception] Post 1: x=-0.30 y=-0.45 dist=0.54 m[0m
[01:54:03] [0m[INFO] [1779731638.108597952]: [Perception] Post 1: x=-0.30 y=-0.45 dist=0.54 m[0m
[01:54:03] [0m[INFO] [1779731638.458421116]: [Perception] Post 1: x=-0.31 y=-0.45 dist=0.54 m[0m
[01:54:03] [0m[INFO] [1779731638.758598177]: [Perception] Post 1: x=-0.31 y=-0.45 dist=0.55 m[0m
[01:54:03] [0m[INFO] [1779731639.059168245]: [Perception] Post 1: x=-0.30 y=-0.45 dist=0.54 m[0m
[01:54:03] [0m[INFO] [1779731639.408457784]: [Perception] Post 1: x=-0.30 y=-0.45 dist=0.54 m[0m
[01:54:03] [0m[INFO] [1779731639.708737708]: [Perception] Post 1: x=-0.31 y=-0.45 dist=0.55 m[0m
[01:54:03] [0m[INFO] [1779731640.058100482]: [Perception] Post 1: x=-0.30 y=-0.45 dist=0.54 m[0m
[01:54:03] [0m[INFO] [1779731640.358226601]: [Perception] Post 1: x=-0.30 y=-0.45 dist=0.54 m[0m
[01:54:03] [0m[INFO] [1779731640.658832901]: [Perception] Post 1: x=-0.31 y=-0.45 dist=0.54 m[0m
[01:54:03] [0m[INFO] [1779731641.007995405]: [Perception] Post 1: x=-0.31 y=-0.45 dist=0.54 m[0m
[01:54:03] [0m[INFO] [1779731641.308226981]: [Perception] Post 1: x=-0.30 y=-0.45 dist=0.54 m[0m
[01:54:03] [0m[INFO] [1779731641.658162191]: [Perception] Post 1: x=-0.30 y=-0.45 dist=0.54 m[0m
[01:54:03] [0m[INFO] [1779731642.008922777]: [Perception] Post 1: x=-0.31 y=-0.45 dist=0.54 m[0m
[01:54:03] [0m[INFO] [1779731642.357972129]: [Perception] Post 1: x=-0.31 y=-0.45 dist=0.54 m[0m
[01:54:03] [0m[INFO] [1779731642.658475614]: [Perception] Post 1: x=-0.30 y=-0.45 dist=0.54 m[0m
[01:54:03] [0m[INFO] [1779731643.008599194]: [Perception] Post 1: x=-0.31 y=-0.45 dist=0.54 m[0m
[01:54:03] [0m[INFO] [1779731643.358412126]: [Perception] Post 1: x=-0.31 y=-0.45 dist=0.54 m[0m
[01:54:18] [0m[INFO] [1779731643.708509773]: [Perception] Post 1: x=-0.31 y=-0.45 dist=0.54 m[0m
[01:54:18] [0m[INFO] [1779731644.008724869]: [Perception] Post 1: x=-0.30 y=-0.45 dist=0.54 m[0m
[01:54:18] [0m[INFO] [1779731644.308975787]: [Perception] Post 1: x=-0.30 y=-0.45 dist=0.54 m[0m
[01:54:18] [0m[INFO] [1779731644.658819980]: [Perception] Post 1: x=-0.30 y=-0.45 dist=0.54 m[0m
[01:54:18] [0m[INFO] [1779731645.008108770]: [Perception] Post 1: x=-0.30 y=-0.45 dist=0.54 m[0m
[01:54:18] [0m[INFO] [1779731645.308555006]: [Perception] Post 1: x=-0.30 y=-0.45 dist=0.54 m[0m
[01:54:18] [0m[INFO] [1779731645.608793494]: [Perception] Post 1: x=-0.30 y=-0.45 dist=0.54 m[0m
[01:54:18] [0m[INFO] [1779731645.958103198]: [Perception] Post 1: x=-0.30 y=-0.45 dist=0.54 m[0m
[01:54:18] [0m[INFO] [1779731646.258220763]: [Perception] Post 1: x=-0.31 y=-0.45 dist=0.54 m[0m
[01:54:18] [0m[INFO] [1779731646.608335141]: [Perception] Post 1: x=-0.31 y=-0.45 dist=0.54 m[0m
[01:54:18] [0m[INFO] [1779731646.958080102]: [Perception] Post 1: x=-0.30 y=-0.45 dist=0.54 m[0m
[01:54:18] [0m[INFO] [1779731647.309429362]: [Perception] Post 1: x=-0.30 y=-0.45 dist=0.54 m[0m
[01:54:18] [0m[INFO] [1779731647.609453191]: [Perception] Post 2: x=0.62 y=-0.46 dist=0.77 m[0m
[01:54:18] [0m[INFO] [1779731647.957862863]: [Perception] Post 1: x=-0.30 y=-0.45 dist=0.54 m[0m
[01:54:18] [0m[INFO] [1779731648.258060267]: [Perception] Post 1: x=-0.30 y=-0.45 dist=0.54 m[0m
[01:54:18] [0m[INFO] [1779731648.558150118]: [Perception] Post 1: x=-0.30 y=-0.45 dist=0.54 m[0m
[01:54:18] [0m[INFO] [1779731648.909349916]: [Perception] Post 1: x=-0.30 y=-0.45 dist=0.54 m[0m
[01:54:18] [0m[INFO] [1779731649.258611007]: [Perception] Post 1: x=-0.31 y=-0.45 dist=0.55 m[0m
[01:54:18] [0m[INFO] [1779731649.609331827]: [Perception] Post 1: x=-0.31 y=-0.45 dist=0.54 m[0m
[01:54:18] [0m[INFO] [1779731649.957682163]: [Perception] Post 1: x=-0.31 y=-0.45 dist=0.55 m[0m
[01:54:18] [0m[INFO] [1779731650.258499729]: [Perception] Post 1: x=-0.31 y=-0.45 dist=0.54 m[0m
[01:54:18] [0m[INFO] [1779731650.558900199]: [Perception] Post 1: x=-0.31 y=-0.45 dist=0.55 m[0m
[01:54:18] [0m[INFO] [1779731650.908045013]: [Perception] Post 1: x=-0.30 y=-0.45 dist=0.54 m[0m
[01:54:18] [0m[INFO] [1779731651.208793349]: [Perception] Post 1: x=-0.31 y=-0.45 dist=0.54 m[0m
[01:54:18] [0m[INFO] [1779731651.558610309]: [Perception] Post 1: x=-0.31 y=-0.45 dist=0.55 m[0m
[01:54:18] [0m[INFO] [1779731651.859253330]: [Perception] Post 1: x=-0.30 y=-0.45 dist=0.54 m[0m
[01:54:18] [0m[INFO] [1779731652.208211014]: [Perception] Post 1: x=-0.30 y=-0.45 dist=0.54 m[0m
[01:54:18] [0m[INFO] [1779731652.558804633]: [Perception] Post 1: x=-0.30 y=-0.45 dist=0.54 m[0m
[01:54:18] [0m[INFO] [1779731652.908612956]: [Perception] Post 1: x=-0.30 y=-0.45 dist=0.54 m[0m
[01:54:18] [0m[INFO] [1779731653.258210099]: [Perception] Post 1: x=-0.30 y=-0.45 dist=0.54 m[0m
[01:54:18] [0m[INFO] [1779731653.558424792]: [Perception] Post 1: x=-0.30 y=-0.45 dist=0.54 m[0m
[01:54:18] [0m[INFO] [1779731653.908521685]: [Perception] Post 1: x=-0.30 y=-0.45 dist=0.54 m[0m
[01:54:18] [0m[INFO] [1779731654.258446300]: [Perception] Post 1: x=-0.31 y=-0.45 dist=0.54 m[0m
[01:54:18] [0m[INFO] [1779731654.558519838]: [Perception] Post 1: x=-0.31 y=-0.45 dist=0.54 m[0m
[01:54:18] [0m[INFO] [1779731654.908289421]: [Perception] Post 1: x=-0.30 y=-0.45 dist=0.54 m[0m
[01:54:18] [0m[INFO] [1779731655.208549244]: [Perception] Post 1: x=-0.30 y=-0.45 dist=0.54 m[0m
[01:54:18] [0m[INFO] [1779731655.509279884]: [Perception] Post 1: x=-0.30 y=-0.45 dist=0.54 m[0m
[01:54:18] [0m[INFO] [1779731655.858595604]: [Perception] Post 1: x=-0.31 y=-0.45 dist=0.54 m[0m
[01:54:18] [0m[INFO] [1779731656.158856806]: [Perception] Post 1: x=-0.30 y=-0.45 dist=0.54 m[0m
[01:54:18] [0m[INFO] [1779731656.508383610]: [Perception] Post 1: x=-0.30 y=-0.45 dist=0.54 m[0m
[01:54:18] [0m[INFO] [1779731656.808819112]: [Perception] Post 1: x=-0.30 y=-0.45 dist=0.54 m[0m
[01:54:18] [0m[INFO] [1779731657.158231097]: [Perception] Post 1: x=-0.31 y=-0.45 dist=0.54 m[0m
[01:54:18] [0m[INFO] [1779731657.458550984]: [Perception] Post 1: x=-0.30 y=-0.45 dist=0.54 m[0m
[01:54:18] [0m[INFO] [1779731657.759137404]: [Perception] Post 1: x=-0.30 y=-0.45 dist=0.54 m[0m
[01:54:18] [0m[INFO] [1779731658.108597565]: [Perception] Post 1: x=-0.31 y=-0.45 dist=0.54 m[0m
[01:54:18] [0m[INFO] [1779731658.408870762]: [Perception] Post 1: x=-0.31 y=-0.45 dist=0.54 m[0m
[01:54:34] [0m[INFO] [1779731658.758437842]: [Perception] Post 1: x=-0.31 y=-0.45 dist=0.54 m[0m
[01:54:34] [0m[INFO] [1779731659.059041156]: [Perception] Post 1: x=-0.31 y=-0.45 dist=0.54 m[0m
[01:54:34] [0m[INFO] [1779731659.408265603]: [Perception] Post 1: x=-0.30 y=-0.45 dist=0.54 m[0m
[01:54:34] [0m[INFO] [1779731659.757713164]: [Perception] Post 1: x=-0.30 y=-0.45 dist=0.54 m[0m
[01:54:34] [0m[INFO] [1779731660.057859260]: [Perception] Post 1: x=-0.31 y=-0.45 dist=0.54 m[0m
[01:54:34] [0m[INFO] [1779731660.357869803]: [Perception] Post 1: x=-0.31 y=-0.45 dist=0.54 m[0m
[01:54:34] [0m[INFO] [1779731660.658072249]: [Perception] Post 1: x=-0.31 y=-0.45 dist=0.55 m[0m
[01:54:34] [0m[INFO] [1779731660.958212201]: [Perception] Post 1: x=-0.31 y=-0.45 dist=0.55 m[0m
[01:54:34] [0m[INFO] [1779731661.258568491]: [Perception] Post 1: x=-0.30 y=-0.45 dist=0.54 m[0m
[01:54:34] [0m[INFO] [1779731661.558971201]: [Perception] Post 1: x=-0.30 y=-0.45 dist=0.54 m[0m
[01:54:34] [0m[INFO] [1779731661.908153553]: [Perception] Post 1: x=-0.30 y=-0.45 dist=0.54 m[0m
[01:54:34] [0m[INFO] [1779731662.208950722]: [Perception] Post 1: x=-0.30 y=-0.45 dist=0.54 m[0m
[01:54:34] [0m[INFO] [1779731662.557260455]: [Perception] Post 1: x=-0.30 y=-0.45 dist=0.54 m[0m
[01:54:34] [0m[INFO] [1779731662.907381338]: [Perception] Post 1: x=-0.31 y=-0.45 dist=0.54 m[0m
[01:54:34] [0m[INFO] [1779731663.208301157]: [Perception] Post 1: x=-0.31 y=-0.45 dist=0.54 m[0m
[01:54:34] [0m[INFO] [1779731663.557541377]: [Perception] Post 1: x=-0.30 y=-0.45 dist=0.54 m[0m
[01:54:34] [0m[INFO] [1779731663.857808766]: [Perception] Post 1: x=-0.30 y=-0.45 dist=0.54 m[0m
[01:54:34] [0m[INFO] [1779731664.208075779]: [Perception] Post 1: x=-0.31 y=-0.45 dist=0.54 m[0m
[01:54:34] [0m[INFO] [1779731664.558159731]: [Perception] Post 1: x=-0.30 y=-0.45 dist=0.54 m[0m
[01:54:34] [0m[INFO] [1779731664.858267431]: [Perception] Post 1: x=-0.30 y=-0.45 dist=0.54 m[0m
[01:54:34] [0m[INFO] [1779731665.159185035]: [Perception] Post 1: x=-0.31 y=-0.45 dist=0.54 m[0m
[01:54:34] [0m[INFO] [1779731665.508966144]: [Perception] Post 1: x=-0.30 y=-0.45 dist=0.54 m[0m
[01:54:34] [0m[INFO] [1779731665.857472746]: [Perception] Post 1: x=-0.31 y=-0.45 dist=0.54 m[0m
[01:54:34] [0m[INFO] [1779731666.158585969]: [Perception] Post 1: x=-0.30 y=-0.45 dist=0.54 m[0m
[01:54:34] [0m[INFO] [1779731666.507533815]: [Perception] Post 1: x=-0.31 y=-0.45 dist=0.55 m[0m
[01:54:34] [0m[INFO] [1779731666.807547142]: [Perception] Post 1: x=-0.30 y=-0.45 dist=0.54 m[0m
[01:54:34] [0m[INFO] [1779731667.108483408]: [Perception] Post 1: x=-0.31 y=-0.45 dist=0.54 m[0m
[01:54:34] [0m[INFO] [1779731667.457486665]: [Perception] Post 1: x=-0.30 y=-0.45 dist=0.54 m[0m
[01:54:34] [0m[INFO] [1779731667.757579154]: [Perception] Post 1: x=-0.31 y=-0.45 dist=0.54 m[0m
[01:54:34] [0m[INFO] [1779731668.058180153]: [Perception] Post 1: x=-0.31 y=-0.45 dist=0.55 m[0m
[01:54:34] [0m[INFO] [1779731668.358401000]: [Perception] Post 1: x=-0.30 y=-0.45 dist=0.54 m[0m
[01:54:34] [0m[INFO] [1779731668.708246846]: [Perception] Post 1: x=-0.30 y=-0.45 dist=0.54 m[0m
[01:54:34] [0m[INFO] [1779731669.058466849]: [Perception] Post 1: x=-0.30 y=-0.45 dist=0.54 m[0m
[01:54:34] [0m[INFO] [1779731669.409215801]: [Perception] Post 1: x=-0.31 y=-0.45 dist=0.54 m[0m
[01:54:34] [0m[INFO] [1779731669.758642909]: [Perception] Post 1: x=-0.31 y=-0.45 dist=0.54 m[0m
[01:54:34] [0m[INFO] [1779731670.107818060]: [Perception] Post 1: x=-0.31 y=-0.45 dist=0.54 m[0m
[01:54:34] [0m[INFO] [1779731670.458427235]: [Perception] Post 1: x=-0.30 y=-0.45 dist=0.54 m[0m
[01:54:34] [0m[INFO] [1779731670.758427163]: [Perception] Post 2: x=0.61 y=-0.46 dist=0.77 m[0m
[01:54:34] [0m[INFO] [1779731671.058573294]: [Perception] Post 1: x=-0.31 y=-0.45 dist=0.54 m[0m
[01:54:34] [0m[INFO] [1779731671.409161382]: [Perception] Post 1: x=-0.31 y=-0.45 dist=0.54 m[0m
[01:54:34] [0m[INFO] [1779731671.758858632]: [Perception] Post 1: x=-0.31 y=-0.45 dist=0.54 m[0m
[01:54:34] [0m[INFO] [1779731672.107313910]: [Perception] Post 1: x=-0.30 y=-0.45 dist=0.54 m[0m
[01:54:34] [0m[INFO] [1779731672.408094036]: [Perception] Post 1: x=-0.31 y=-0.45 dist=0.54 m[0m
[01:54:34] [0m[INFO] [1779731672.759008248]: [Perception] Post 1: x=-0.31 y=-0.45 dist=0.55 m[0m
[01:54:34] [0m[INFO] [1779731673.108988926]: [Perception] Post 1: x=-0.30 y=-0.45 dist=0.54 m[0m
[01:54:34] [0m[INFO] [1779731673.457560191]: [Perception] Post 1: x=-0.31 y=-0.45 dist=0.54 m[0m
[01:54:34] [0m[INFO] [1779731673.758448143]: [Perception] Post 1: x=-0.30 y=-0.45 dist=0.54 m[0m
[01:54:49] [0m[INFO] [1779731674.108492931]: [Perception] Post 1: x=-0.30 y=-0.45 dist=0.54 m[0m
[01:54:49] [0m[INFO] [1779731674.459052201]: [Perception] Post 1: x=-0.30 y=-0.45 dist=0.54 m[0m
[01:54:49] [0m[INFO] [1779731674.808427894]: [Perception] Post 1: x=-0.31 y=-0.45 dist=0.55 m[0m
[01:54:49] [0m[INFO] [1779731675.108691233]: [Perception] Post 1: x=-0.31 y=-0.45 dist=0.54 m[0m
[01:54:49] [0m[INFO] [1779731675.458130555]: [Perception] Post 1: x=-0.30 y=-0.45 dist=0.54 m[0m
[01:54:49] [0m[INFO] [1779731675.758478814]: [Perception] Post 1: x=-0.30 y=-0.45 dist=0.54 m[0m
[01:54:49] [0m[INFO] [1779731676.109193933]: [Perception] Post 1: x=-0.30 y=-0.45 dist=0.54 m[0m
[01:54:49] [0m[INFO] [1779731676.457716782]: [Perception] Post 1: x=-0.31 y=-0.45 dist=0.54 m[0m
[01:54:49] [0m[INFO] [1779731676.757888899]: [Perception] Post 1: x=-0.31 y=-0.45 dist=0.54 m[0m
[01:54:49] [0m[INFO] [1779731677.108399095]: [Perception] Post 1: x=-0.30 y=-0.45 dist=0.54 m[0m
[01:54:49] [0m[INFO] [1779731677.409228551]: [Perception] Post 1: x=-0.31 y=-0.45 dist=0.54 m[0m
[01:54:49] [0m[INFO] [1779731677.758272313]: [Perception] Post 1: x=-0.31 y=-0.45 dist=0.54 m[0m
[01:54:49] [0m[INFO] [1779731678.108546015]: [Perception] Post 1: x=-0.30 y=-0.45 dist=0.54 m[0m
[01:54:49] [0m[INFO] [1779731678.409301471]: [Perception] Post 1: x=-0.30 y=-0.45 dist=0.54 m[0m
[01:54:49] [0m[INFO] [1779731678.758644566]: [Perception] Post 1: x=-0.31 y=-0.45 dist=0.54 m[0m
[01:54:49] [0m[INFO] [1779731679.107468972]: [Perception] Post 1: x=-0.31 y=-0.45 dist=0.54 m[0m
[01:54:49] [0m[INFO] [1779731679.408324469]: [Perception] Post 1: x=-0.30 y=-0.45 dist=0.54 m[0m
[01:54:49] [0m[INFO] [1779731679.709145743]: [Perception] Post 1: x=-0.31 y=-0.45 dist=0.54 m[0m
[01:54:49] [0m[INFO] [1779731680.058373312]: [Perception] Post 1: x=-0.30 y=-0.45 dist=0.54 m[0m
[01:54:49] [0m[INFO] [1779731680.359104612]: [Perception] Post 1: x=-0.31 y=-0.45 dist=0.55 m[0m
[01:54:49] [0m[INFO] [1779731680.707955942]: [Perception] Post 1: x=-0.30 y=-0.45 dist=0.54 m[0m
[01:54:49] [0m[INFO] [1779731681.009152648]: [Perception] Post 1: x=-0.31 y=-0.45 dist=0.54 m[0m
[01:54:49] [0m[INFO] [1779731681.358102942]: [Perception] Post 1: x=-0.31 y=-0.45 dist=0.54 m[0m
[01:54:49] [0m[INFO] [1779731681.709233060]: [Perception] Post 1: x=-0.31 y=-0.45 dist=0.54 m[0m
[01:54:49] [0m[INFO] [1779731682.057454681]: [Perception] Post 1: x=-0.31 y=-0.45 dist=0.54 m[0m
[01:54:49] [0m[INFO] [1779731682.358148223]: [Perception] Post 1: x=-0.31 y=-0.45 dist=0.55 m[0m
[01:54:49] [0m[INFO] [1779731682.707836746]: [Perception] Post 1: x=-0.30 y=-0.45 dist=0.54 m[0m
[01:54:49] [0m[INFO] [1779731683.008195025]: [Perception] Post 1: x=-0.30 y=-0.45 dist=0.54 m[0m
[01:54:49] [0m[INFO] [1779731683.308573489]: [Perception] Post 1: x=-0.31 y=-0.45 dist=0.54 m[0m
[01:54:49] [0m[INFO] [1779731683.657260176]: [Perception] Post 1: x=-0.30 y=-0.45 dist=0.54 m[0m
[01:54:49] [0m[INFO] [1779731683.958637582]: [Perception] Post 1: x=-0.31 y=-0.45 dist=0.55 m[0m
[01:54:49] [0m[INFO] [1779731684.308576310]: [Perception] Post 1: x=-0.31 y=-0.45 dist=0.54 m[0m
[01:54:49] [0m[INFO] [1779731684.659099235]: [Perception] Post 1: x=-0.30 y=-0.45 dist=0.54 m[0m
[01:54:49] [0m[INFO] [1779731685.008304588]: [Perception] Post 1: x=-0.31 y=-0.45 dist=0.55 m[0m
[01:54:49] [0m[INFO] [1779731685.309175219]: [Perception] Post 1: x=-0.30 y=-0.45 dist=0.54 m[0m
[01:54:49] [0m[INFO] [1779731685.657695994]: [Perception] Post 1: x=-0.31 y=-0.45 dist=0.54 m[0m
[01:54:49] [0m[INFO] [1779731685.958009860]: [Perception] Post 1: x=-0.30 y=-0.45 dist=0.54 m[0m
[01:54:49] [0m[INFO] [1779731686.259522498]: [Perception] Post 1: x=-0.31 y=-0.45 dist=0.55 m[0m
[01:54:49] [0m[INFO] [1779731686.607802847]: [Perception] Post 1: x=-0.30 y=-0.45 dist=0.54 m[0m
[01:54:49] [0m[INFO] [1779731686.908565354]: [Perception] Post 1: x=-0.30 y=-0.45 dist=0.54 m[0m
[01:54:49] [0m[INFO] [1779731687.258463796]: [Perception] Post 1: x=-0.31 y=-0.45 dist=0.55 m[0m
[01:54:49] [0m[INFO] [1779731687.558913624]: [Perception] Post 1: x=-0.31 y=-0.45 dist=0.54 m[0m
[01:54:49] [0m[INFO] [1779731687.908370668]: [Perception] Post 1: x=-0.31 y=-0.45 dist=0.54 m[0m
[01:54:49] [0m[INFO] [1779731688.257732184]: [Perception] Post 1: x=-0.30 y=-0.45 dist=0.54 m[0m
[01:54:49] [0m[INFO] [1779731688.608545808]: [Perception] Post 1: x=-0.30 y=-0.45 dist=0.54 m[0m
[01:54:49] [0m[INFO] [1779731688.957354624]: [Perception] Post 1: x=-0.31 y=-0.45 dist=0.55 m[0m
[01:55:04] [0m[INFO] [1779731689.258042545]: [Perception] Post 1: x=-0.30 y=-0.45 dist=0.54 m[0m
[01:55:04] [0m[INFO] [1779731689.558209873]: [Perception] Post 1: x=-0.30 y=-0.45 dist=0.54 m[0m
[01:55:04] [0m[INFO] [1779731689.858239794]: [Perception] Post 1: x=-0.31 y=-0.45 dist=0.54 m[0m
[01:55:04] [0m[INFO] [1779731690.207071395]: [Perception] Post 1: x=-0.31 y=-0.45 dist=0.54 m[0m
[01:55:04] [0m[INFO] [1779731690.507752200]: [Perception] Post 1: x=-0.31 y=-0.45 dist=0.55 m[0m
[01:55:04] [0m[INFO] [1779731690.808548667]: [Perception] Post 1: x=-0.31 y=-0.45 dist=0.55 m[0m
[01:55:04] [0m[INFO] [1779731691.109160151]: [Perception] Post 1: x=-0.31 y=-0.45 dist=0.55 m[0m
[01:55:04] [0m[INFO] [1779731691.457940767]: [Perception] Post 1: x=-0.30 y=-0.45 dist=0.54 m[0m
[01:55:04] [0m[INFO] [1779731691.759405338]: [Perception] Post 1: x=-0.31 y=-0.45 dist=0.54 m[0m
[01:55:04] [0m[INFO] [1779731692.107253718]: [Perception] Post 1: x=-0.30 y=-0.45 dist=0.54 m[0m
[01:55:04] [0m[INFO] [1779731692.407919445]: [Perception] Post 1: x=-0.30 y=-0.45 dist=0.54 m[0m
[01:55:04] [0m[INFO] [1779731692.708754696]: [Perception] Post 1: x=-0.31 y=-0.45 dist=0.54 m[0m
[01:55:04] [0m[INFO] [1779731693.058590108]: [Perception] Post 1: x=-0.30 y=-0.45 dist=0.54 m[0m
[01:55:04] [0m[INFO] [1779731693.359207145]: [Perception] Post 1: x=-0.31 y=-0.45 dist=0.54 m[0m
[01:55:04] [0m[INFO] [1779731693.707804047]: [Perception] Post 1: x=-0.31 y=-0.45 dist=0.55 m[0m
[01:55:04] [0m[INFO] [1779731694.008090928]: [Perception] Post 1: x=-0.30 y=-0.45 dist=0.54 m[0m
[01:55:04] [0m[INFO] [1779731694.309241286]: [Perception] Post 1: x=-0.30 y=-0.45 dist=0.54 m[0m
[01:55:04] [0m[INFO] [1779731694.658639403]: [Perception] Post 1: x=-0.30 y=-0.45 dist=0.54 m[0m
[01:55:04] [0m[INFO] [1779731694.958931553]: [Perception] Post 1: x=-0.31 y=-0.45 dist=0.55 m[0m
[01:55:04] [0m[INFO] [1779731695.308009929]: [Perception] Post 1: x=-0.30 y=-0.45 dist=0.54 m[0m
[01:55:04] [0m[INFO] [1779731695.608439270]: [Perception] Post 1: x=-0.31 y=-0.45 dist=0.55 m[0m
[01:55:04] [0m[INFO] [1779731695.909161523]: [Perception] Post 1: x=-0.31 y=-0.45 dist=0.54 m[0m
[01:55:04] [0m[INFO] [1779731696.258629939]: [Perception] Post 1: x=-0.31 y=-0.45 dist=0.54 m[0m
[01:55:04] [0m[INFO] [1779731696.607485759]: [Perception] Post 1: x=-0.30 y=-0.45 dist=0.54 m[0m
[01:55:04] [0m[INFO] [1779731696.908150028]: [Perception] Post 1: x=-0.30 y=-0.45 dist=0.54 m[0m
[01:55:04] [0m[INFO] [1779731697.208428804]: [Perception] Post 1: x=-0.30 y=-0.45 dist=0.54 m[0m
[01:55:04] [0m[INFO] [1779731697.558474153]: [Perception] Post 1: x=-0.30 y=-0.45 dist=0.54 m[0m
[01:55:04] [0m[INFO] [1779731697.858630543]: [Perception] Post 1: x=-0.30 y=-0.45 dist=0.54 m[0m
[01:55:04] [0m[INFO] [1779731698.208311846]: [Perception] Post 1: x=-0.30 y=-0.45 dist=0.54 m[0m
[01:55:04] [0m[INFO] [1779731698.508561687]: [Perception] Post 1: x=-0.30 y=-0.45 dist=0.54 m[0m
[01:55:04] [0m[INFO] [1779731698.808950746]: [Perception] Post 1: x=-0.30 y=-0.45 dist=0.54 m[0m
[01:55:04] [0m[INFO] [1779731699.158174163]: [Perception] Post 1: x=-0.31 y=-0.45 dist=0.54 m[0m
[01:55:04] [0m[INFO] [1779731699.458358423]: [Perception] Post 1: x=-0.30 y=-0.45 dist=0.54 m[0m
[01:55:04] [0m[INFO] [1779731699.809063309]: [Perception] Post 1: x=-0.31 y=-0.45 dist=0.54 m[0m
[01:55:04] [0m[INFO] [1779731700.158709268]: [Perception] Post 1: x=-0.31 y=-0.45 dist=0.54 m[0m
[01:55:04] [0m[INFO] [1779731700.508998520]: [Perception] Post 1: x=-0.31 y=-0.45 dist=0.54 m[0m
[01:55:04] [0m[INFO] [1779731700.809386512]: [Perception] Post 1: x=-0.30 y=-0.45 dist=0.54 m[0m
[01:55:04] [0m[INFO] [1779731701.157937786]: [Perception] Post 1: x=-0.30 y=-0.45 dist=0.54 m[0m
[01:55:04] [0m[INFO] [1779731701.458535286]: [Perception] Post 1: x=-0.31 y=-0.45 dist=0.55 m[0m
[01:55:04] [0m[INFO] [1779731701.808393928]: [Perception] Post 1: x=-0.31 y=-0.45 dist=0.54 m[0m
[01:55:04] [0m[INFO] [1779731702.108806618]: [Perception] Post 1: x=-0.30 y=-0.45 dist=0.54 m[0m
[01:55:04] [0m[INFO] [1779731702.408922260]: [Perception] Post 1: x=-0.31 y=-0.45 dist=0.54 m[0m
[01:55:04] [0m[INFO] [1779731702.758538276]: [Perception] Post 1: x=-0.30 y=-0.45 dist=0.54 m[0m
[01:55:04] [0m[INFO] [1779731703.058665371]: [Perception] Post 1: x=-0.31 y=-0.45 dist=0.54 m[0m
[01:55:04] [0m[INFO] [1779731703.408498373]: [Perception] Post 1: x=-0.31 y=-0.45 dist=0.54 m[0m
[01:55:04] [0m[INFO] [1779731703.708896182]: [Perception] Post 1: x=-0.30 y=-0.45 dist=0.54 m[0m
[01:55:04] [0m[INFO] [1779731704.058131937]: [Perception] Post 1: x=-0.30 y=-0.45 dist=0.54 m[0m
[01:55:19] [0m[INFO] [1779731704.358305315]: [Perception] Post 1: x=-0.30 y=-0.45 dist=0.54 m[0m
[01:55:19] [0m[INFO] [1779731704.658778559]: [Perception] Post 1: x=-0.30 y=-0.45 dist=0.54 m[0m
[01:55:19] [0m[INFO] [1779731705.008349525]: [Perception] Post 1: x=-0.31 y=-0.45 dist=0.54 m[0m
[01:55:19] [0m[INFO] [1779731705.309047880]: [Perception] Post 1: x=-0.30 y=-0.45 dist=0.54 m[0m
[01:55:19] [0m[INFO] [1779731705.658520426]: [Perception] Post 1: x=-0.30 y=-0.45 dist=0.54 m[0m
[01:55:19] [0m[INFO] [1779731705.959196309]: [Perception] Post 1: x=-0.31 y=-0.45 dist=0.54 m[0m
[01:55:19] [0m[INFO] [1779731706.309162079]: [Perception] Post 1: x=-0.31 y=-0.45 dist=0.54 m[0m
[01:55:19] [0m[INFO] [1779731706.659611255]: [Perception] Post 1: x=-0.30 y=-0.45 dist=0.54 m[0m
[01:55:19] [0m[INFO] [1779731707.008503410]: [Perception] Post 1: x=-0.30 y=-0.45 dist=0.54 m[0m
[01:55:19] [0m[INFO] [1779731707.308956299]: [Perception] Post 1: x=-0.31 y=-0.45 dist=0.55 m[0m
[01:55:19] [0m[INFO] [1779731707.658508825]: [Perception] Post 1: x=-0.30 y=-0.45 dist=0.54 m[0m
[01:55:19] [0m[INFO] [1779731707.959022044]: [Perception] Post 1: x=-0.31 y=-0.45 dist=0.55 m[0m
[01:55:19] [0m[INFO] [1779731708.308620870]: [Perception] Post 1: x=-0.31 y=-0.45 dist=0.54 m[0m
[01:55:19] [0m[INFO] [1779731708.608642171]: [Perception] Post 1: x=-0.30 y=-0.45 dist=0.54 m[0m
[01:55:19] [0m[INFO] [1779731708.957789998]: [Perception] Post 1: x=-0.31 y=-0.45 dist=0.54 m[0m
[01:55:19] [0m[INFO] [1779731709.258232992]: [Perception] Post 1: x=-0.30 y=-0.45 dist=0.54 m[0m
[01:55:19] [0m[INFO] [1779731709.558502887]: [Perception] Post 1: x=-0.30 y=-0.45 dist=0.54 m[0m
[01:55:19] [0m[INFO] [1779731709.908330287]: [Perception] Post 1: x=-0.30 y=-0.45 dist=0.54 m[0m
[01:55:19] [0m[INFO] [1779731710.209207423]: [Perception] Post 1: x=-0.30 y=-0.45 dist=0.54 m[0m
[01:55:19] [0m[INFO] [1779731710.557831083]: [Perception] Post 1: x=-0.30 y=-0.45 dist=0.54 m[0m
[01:55:19] [0m[INFO] [1779731710.858375194]: [Perception] Post 1: x=-0.31 y=-0.45 dist=0.54 m[0m
[01:55:19] [0m[INFO] [1779731711.158669599]: [Perception] Post 1: x=-0.31 y=-0.45 dist=0.55 m[0m
[01:55:19] [0m[INFO] [1779731711.507150948]: [Perception] Post 1: x=-0.30 y=-0.45 dist=0.54 m[0m
[01:55:19] [0m[INFO] [1779731711.808524502]: [Perception] Post 1: x=-0.30 y=-0.45 dist=0.54 m[0m
[01:55:19] [0m[INFO] [1779731712.158958513]: [Perception] Post 1: x=-0.30 y=-0.45 dist=0.54 m[0m
[01:55:19] [0m[INFO] [1779731712.508718518]: [Perception] Post 1: x=-0.31 y=-0.45 dist=0.55 m[0m
[01:55:19] [0m[INFO] [1779731712.859138134]: [Perception] Post 1: x=-0.30 y=-0.45 dist=0.54 m[0m
[01:55:19] [0m[INFO] [1779731713.207761029]: [Perception] Post 1: x=-0.30 y=-0.45 dist=0.54 m[0m
[01:55:19] [0m[INFO] [1779731713.508599042]: [Perception] Post 1: x=-0.30 y=-0.45 dist=0.54 m[0m
[01:55:19] [0m[INFO] [1779731713.857406571]: [Perception] Post 1: x=-0.31 y=-0.45 dist=0.54 m[0m
[01:55:19] [0m[INFO] [1779731714.158148032]: [Perception] Post 1: x=-0.30 y=-0.45 dist=0.54 m[0m
[01:55:19] [0m[INFO] [1779731714.458238464]: [Perception] Post 1: x=-0.31 y=-0.45 dist=0.54 m[0m
[01:55:19] [0m[INFO] [1779731714.807235717]: [Perception] Post 1: x=-0.31 y=-0.45 dist=0.54 m[0m
[01:55:19] [0m[INFO] [1779731715.109231177]: [Perception] Post 1: x=-0.31 y=-0.45 dist=0.54 m[0m
[01:55:19] [0m[INFO] [1779731715.457655584]: [Perception] Post 1: x=-0.31 y=-0.45 dist=0.54 m[0m
[01:55:19] [0m[INFO] [1779731715.758396991]: [Perception] Post 1: x=-0.30 y=-0.45 dist=0.54 m[0m
[01:55:19] [0m[INFO] [1779731716.059138128]: [Perception] Post 1: x=-0.30 y=-0.45 dist=0.54 m[0m
[01:55:19] [0m[INFO] [1779731716.408438435]: [Perception] Post 1: x=-0.31 y=-0.45 dist=0.54 m[0m
[01:55:19] [0m[INFO] [1779731716.759012019]: [Perception] Post 1: x=-0.30 y=-0.45 dist=0.54 m[0m
[01:55:19] [0m[INFO] [1779731717.059054423]: [Perception] Post 1: x=-0.31 y=-0.45 dist=0.54 m[0m
[01:55:19] [0m[INFO] [1779731717.408602216]: [Perception] Post 1: x=-0.30 y=-0.45 dist=0.54 m[0m
[01:55:19] [0m[INFO] [1779731717.759076582]: [Perception] Post 1: x=-0.31 y=-0.45 dist=0.54 m[0m
[01:55:19] [0m[INFO] [1779731718.109208829]: [Perception] Post 1: x=-0.30 y=-0.45 dist=0.54 m[0m
[01:55:19] [0m[INFO] [1779731718.458574581]: [Perception] Post 1: x=-0.31 y=-0.45 dist=0.54 m[0m
[01:55:19] [0m[INFO] [1779731718.807770133]: [Perception] Post 1: x=-0.30 y=-0.45 dist=0.54 m[0m
[01:55:19] [0m[INFO] [1779731719.157364372]: [Perception] Post 1: x=-0.30 y=-0.45 dist=0.54 m[0m
[01:55:19] [0m[INFO] [1779731719.458688450]: [Perception] Post 1: x=-0.31 y=-0.45 dist=0.54 m[0m
[01:55:34] [0m[INFO] [1779731719.808077406]: [Perception] Post 1: x=-0.31 y=-0.45 dist=0.54 m[0m
[01:55:34] [0m[INFO] [1779731720.108648929]: [Perception] Post 1: x=-0.30 y=-0.45 dist=0.54 m[0m
[01:55:34] [0m[INFO] [1779731720.457964251]: [Perception] Post 1: x=-0.30 y=-0.45 dist=0.54 m[0m
[01:55:34] [0m[INFO] [1779731720.758868631]: [Perception] Post 1: x=-0.31 y=-0.45 dist=0.55 m[0m
[01:55:34] [0m[INFO] [1779731721.108210389]: [Perception] Post 1: x=-0.31 y=-0.45 dist=0.54 m[0m
[01:55:34] [0m[INFO] [1779731721.409042220]: [Perception] Post 1: x=-0.31 y=-0.45 dist=0.54 m[0m
[01:55:34] [0m[INFO] [1779731721.709270233]: [Perception] Post 1: x=-0.31 y=-0.45 dist=0.54 m[0m
[01:55:34] [0m[INFO] [1779731722.059032831]: [Perception] Post 1: x=-0.30 y=-0.45 dist=0.54 m[0m
[01:55:34] [0m[INFO] [1779731722.359269458]: [Perception] Post 1: x=-0.31 y=-0.45 dist=0.55 m[0m
[01:55:34] [0m[INFO] [1779731722.708485967]: [Perception] Post 1: x=-0.30 y=-0.45 dist=0.54 m[0m
[01:55:34] [0m[INFO] [1779731723.008482464]: [Perception] Post 1: x=-0.31 y=-0.45 dist=0.54 m[0m
[01:55:34] [0m[INFO] [1779731723.358017859]: [Perception] Post 1: x=-0.31 y=-0.45 dist=0.54 m[0m
[01:55:34] [0m[INFO] [1779731723.658270777]: [Perception] Post 1: x=-0.31 y=-0.45 dist=0.54 m[0m
[01:55:34] [0m[INFO] [1779731723.959406439]: [Perception] Post 1: x=-0.30 y=-0.45 dist=0.54 m[0m
[01:55:34] [0m[INFO] [1779731724.308390073]: [Perception] Post 1: x=-0.30 y=-0.45 dist=0.54 m[0m
[01:55:34] [0m[INFO] [1779731724.609173886]: [Perception] Post 1: x=-0.30 y=-0.45 dist=0.54 m[0m
[01:55:34] [0m[INFO] [1779731724.958579393]: [Perception] Post 1: x=-0.31 y=-0.45 dist=0.54 m[0m
[01:55:34] [0m[INFO] [1779731725.308567173]: [Perception] Post 1: x=-0.31 y=-0.45 dist=0.54 m[0m
[01:55:34] [0m[INFO] [1779731725.658637486]: [Perception] Post 1: x=-0.31 y=-0.45 dist=0.54 m[0m
[01:55:34] [0m[INFO] [1779731725.959159731]: [Perception] Post 1: x=-0.31 y=-0.45 dist=0.54 m[0m
[01:55:34] [0m[INFO] [1779731726.309168395]: [Perception] Post 1: x=-0.31 y=-0.45 dist=0.54 m[0m
[01:55:34] [0m[INFO] [1779731726.659291108]: [Perception] Post 1: x=-0.31 y=-0.45 dist=0.55 m[0m
[01:55:34] [0m[INFO] [1779731727.009091077]: [Perception] Post 1: x=-0.30 y=-0.45 dist=0.54 m[0m
[01:55:34] [0m[INFO] [1779731727.358233040]: [Perception] Post 1: x=-0.31 y=-0.45 dist=0.54 m[0m
[01:55:34] [0m[INFO] [1779731727.658897149]: [Perception] Post 1: x=-0.30 y=-0.45 dist=0.54 m[0m
[01:55:34] [0m[INFO] [1779731727.959247797]: [Perception] Post 1: x=-0.30 y=-0.45 dist=0.54 m[0m
[01:55:34] [0m[INFO] [1779731728.308430216]: [Perception] Post 1: x=-0.30 y=-0.45 dist=0.54 m[0m
[01:55:34] [0m[INFO] [1779731728.658868424]: [Perception] Post 1: x=-0.31 y=-0.45 dist=0.54 m[0m
[01:55:34] [0m[INFO] [1779731729.008455548]: [Perception] Post 1: x=-0.31 y=-0.45 dist=0.54 m[0m
[01:55:34] [0m[INFO] [1779731729.308866052]: [Perception] Post 1: x=-0.31 y=-0.45 dist=0.54 m[0m
[01:55:34] [0m[INFO] [1779731729.608859273]: [Perception] Post 1: x=-0.31 y=-0.45 dist=0.54 m[0m
[01:55:34] [0m[INFO] [1779731729.958725939]: [Perception] Post 1: x=-0.30 y=-0.45 dist=0.54 m[0m
[01:55:34] [0m[INFO] [1779731730.259169706]: [Perception] Post 1: x=-0.30 y=-0.45 dist=0.54 m[0m
[01:55:34] [0m[INFO] [1779731730.608501191]: [Perception] Post 1: x=-0.31 y=-0.45 dist=0.54 m[0m
[01:55:34] [0m[INFO] [1779731730.909239603]: [Perception] Post 1: x=-0.31 y=-0.45 dist=0.54 m[0m
[01:55:34] [0m[INFO] [1779731731.259013333]: [Perception] Post 1: x=-0.31 y=-0.45 dist=0.54 m[0m
[01:55:34] [0m[INFO] [1779731731.607859307]: [Perception] Post 1: x=-0.30 y=-0.45 dist=0.54 m[0m
[01:55:34] [0m[INFO] [1779731731.908132842]: [Perception] Post 1: x=-0.30 y=-0.45 dist=0.54 m[0m
[01:55:34] [0m[INFO] [1779731732.209240168]: [Perception] Post 1: x=-0.30 y=-0.45 dist=0.54 m[0m
[01:55:34] [0m[INFO] [1779731732.558044117]: [Perception] Post 1: x=-0.30 y=-0.45 dist=0.54 m[0m
[01:55:34] [0m[INFO] [1779731732.858277495]: [Perception] Post 1: x=-0.30 y=-0.45 dist=0.54 m[0m
[01:55:34] [0m[INFO] [1779731733.159315202]: [Perception] Post 1: x=-0.30 y=-0.45 dist=0.54 m[0m
[01:55:34] [0m[INFO] [1779731733.508553234]: [Perception] Post 1: x=-0.31 y=-0.45 dist=0.54 m[0m
[01:55:34] [0m[INFO] [1779731733.858416997]: [Perception] Post 1: x=-0.31 y=-0.45 dist=0.54 m[0m
[01:55:34] [0m[INFO] [1779731734.158833240]: [Perception] Post 1: x=-0.30 y=-0.45 dist=0.54 m[0m
[01:55:34] [0m[INFO] [1779731734.458962669]: [Perception] Post 1: x=-0.30 y=-0.45 dist=0.54 m[0m
[01:55:50] [0m[INFO] [1779731734.759208063]: [Perception] Post 1: x=-0.31 y=-0.45 dist=0.55 m[0m
[01:55:50] [0m[INFO] [1779731735.108737542]: [Perception] Post 1: x=-0.30 y=-0.45 dist=0.54 m[0m
[01:55:50] [0m[INFO] [1779731735.409407151]: [Perception] Post 1: x=-0.31 y=-0.45 dist=0.54 m[0m
[01:55:50] [0m[INFO] [1779731735.758973590]: [Perception] Post 1: x=-0.30 y=-0.45 dist=0.54 m[0m
[01:55:50] [0m[INFO] [1779731736.059025234]: [Perception] Post 1: x=-0.31 y=-0.45 dist=0.54 m[0m
[01:55:50] [0m[INFO] [1779731736.408715654]: [Perception] Post 1: x=-0.30 y=-0.45 dist=0.54 m[0m
[01:55:50] [0m[INFO] [1779731736.708961502]: [Perception] Post 1: x=-0.31 y=-0.45 dist=0.54 m[0m
[01:55:50] [0m[INFO] [1779731737.057820060]: [Perception] Post 1: x=-0.31 y=-0.45 dist=0.54 m[0m
[01:55:50] [0m[INFO] [1779731737.358495542]: [Perception] Post 1: x=-0.30 y=-0.45 dist=0.54 m[0m
[01:55:50] [0m[INFO] [1779731737.708379337]: [Perception] Post 1: x=-0.31 y=-0.45 dist=0.55 m[0m
[01:55:50] [0m[INFO] [1779731738.008935455]: [Perception] Post 1: x=-0.31 y=-0.45 dist=0.54 m[0m
[01:55:50] [0m[INFO] [1779731738.357385294]: [Perception] Post 1: x=-0.30 y=-0.45 dist=0.54 m[0m
[01:55:50] [0m[INFO] [1779731738.658501824]: [Perception] Post 1: x=-0.30 y=-0.45 dist=0.54 m[0m
[01:55:50] [0m[INFO] [1779731739.009053941]: [Perception] Post 1: x=-0.30 y=-0.45 dist=0.54 m[0m
[01:55:50] [0m[INFO] [1779731739.358294286]: [Perception] Post 1: x=-0.31 y=-0.45 dist=0.55 m[0m
[01:55:50] [0m[INFO] [1779731739.707955526]: [Perception] Post 1: x=-0.30 y=-0.45 dist=0.54 m[0m
[01:55:50] [0m[INFO] [1779731740.008374848]: [Perception] Post 1: x=-0.30 y=-0.45 dist=0.54 m[0m
[01:55:50] [0m[INFO] [1779731740.308967950]: [Perception] Post 1: x=-0.30 y=-0.45 dist=0.54 m[0m
[01:55:50] [0m[INFO] [1779731740.657500351]: [Perception] Post 1: x=-0.30 y=-0.45 dist=0.54 m[0m
[01:55:50] [0m[INFO] [1779731740.959243893]: [Perception] Post 1: x=-0.30 y=-0.45 dist=0.54 m[0m
[01:55:50] [0m[INFO] [1779731741.308489449]: [Perception] Post 1: x=-0.31 y=-0.45 dist=0.55 m[0m
[01:55:50] [0m[INFO] [1779731741.608983578]: [Perception] Post 1: x=-0.30 y=-0.45 dist=0.54 m[0m
[01:55:50] [0m[INFO] [1779731741.958126244]: [Perception] Post 1: x=-0.30 y=-0.45 dist=0.54 m[0m
[01:55:50] [0m[INFO] [1779731742.258323935]: [Perception] Post 1: x=-0.30 y=-0.45 dist=0.54 m[0m
[01:55:50] [0m[INFO] [1779731742.559011680]: [Perception] Post 1: x=-0.31 y=-0.45 dist=0.54 m[0m
[01:55:50] [0m[INFO] [1779731742.907918966]: [Perception] Post 1: x=-0.31 y=-0.45 dist=0.54 m[0m
[01:55:50] [0m[INFO] [1779731743.208490179]: [Perception] Post 1: x=-0.30 y=-0.45 dist=0.54 m[0m
[01:55:50] [0m[INFO] [1779731743.557891552]: [Perception] Post 1: x=-0.31 y=-0.45 dist=0.55 m[0m
[01:55:50] [0m[INFO] [1779731743.858952277]: [Perception] Post 1: x=-0.30 y=-0.45 dist=0.54 m[0m
[01:55:50] [0m[INFO] [1779731744.208487333]: [Perception] Post 1: x=-0.30 y=-0.45 dist=0.54 m[0m
[01:55:50] [0m[INFO] [1779731744.509092287]: [Perception] Post 1: x=-0.31 y=-0.45 dist=0.54 m[0m
[01:55:50] [0m[INFO] [1779731744.857858001]: [Perception] Post 1: x=-0.31 y=-0.45 dist=0.54 m[0m
[01:55:50] [0m[INFO] [1779731745.158571482]: [Perception] Post 1: x=-0.31 y=-0.45 dist=0.54 m[0m
[01:55:50] [0m[INFO] [1779731745.507368019]: [Perception] Post 1: x=-0.31 y=-0.45 dist=0.54 m[0m
[01:55:50] [0m[INFO] [1779731745.808412106]: [Perception] Post 1: x=-0.30 y=-0.45 dist=0.54 m[0m
[01:55:50] [0m[INFO] [1779731746.109012561]: [Perception] Post 1: x=-0.31 y=-0.45 dist=0.54 m[0m
[01:55:50] [0m[INFO] [1779731746.458139186]: [Perception] Post 1: x=-0.30 y=-0.45 dist=0.54 m[0m
[01:55:50] [0m[INFO] [1779731746.758858788]: [Perception] Post 1: x=-0.30 y=-0.45 dist=0.54 m[0m
[01:55:50] [0m[INFO] [1779731747.059083392]: [Perception] Post 1: x=-0.31 y=-0.45 dist=0.54 m[0m
[01:55:50] [0m[INFO] [1779731747.408477752]: [Perception] Post 1: x=-0.30 y=-0.45 dist=0.54 m[0m
[01:55:50] [0m[INFO] [1779731747.758100203]: [Perception] Post 1: x=-0.31 y=-0.45 dist=0.55 m[0m
[01:55:50] [0m[INFO] [1779731748.058692754]: [Perception] Post 1: x=-0.30 y=-0.45 dist=0.54 m[0m
[01:55:50] [0m[INFO] [1779731748.358722750]: [Perception] Post 1: x=-0.31 y=-0.45 dist=0.55 m[0m
[01:55:50] [0m[INFO] [1779731748.708302081]: [Perception] Post 1: x=-0.30 y=-0.45 dist=0.54 m[0m
[01:55:50] [0m[INFO] [1779731749.058999594]: [Perception] Post 1: x=-0.31 y=-0.45 dist=0.54 m[0m
[01:55:50] [0m[INFO] [1779731749.408639705]: [Perception] Post 1: x=-0.30 y=-0.45 dist=0.54 m[0m
[01:55:50] [0m[INFO] [1779731749.758726258]: [Perception] Post 1: x=-0.31 y=-0.45 dist=0.55 m[0m
[01:56:05] [0m[INFO] [1779731750.108656856]: [Perception] Post 1: x=-0.31 y=-0.45 dist=0.55 m[0m
[01:56:05] [0m[INFO] [1779731750.457859692]: [Perception] Post 1: x=-0.31 y=-0.45 dist=0.55 m[0m
[01:56:05] [0m[INFO] [1779731750.806979086]: [Perception] Post 1: x=-0.30 y=-0.45 dist=0.54 m[0m
[01:56:05] [0m[INFO] [1779731751.108288452]: [Perception] Post 1: x=-0.30 y=-0.45 dist=0.54 m[0m
[01:56:05] [0m[INFO] [1779731751.458605164]: [Perception] Post 1: x=-0.31 y=-0.45 dist=0.54 m[0m
[01:56:05] [0m[INFO] [1779731751.808245255]: [Perception] Post 1: x=-0.30 y=-0.45 dist=0.54 m[0m
[01:56:05] [0m[INFO] [1779731752.108500752]: [Perception] Post 1: x=-0.31 y=-0.45 dist=0.54 m[0m
[01:56:05] [0m[INFO] [1779731752.458039345]: [Perception] Post 1: x=-0.31 y=-0.45 dist=0.54 m[0m
[01:56:05] [0m[INFO] [1779731752.758447265]: [Perception] Post 1: x=-0.31 y=-0.45 dist=0.54 m[0m
[01:56:05] [0m[INFO] [1779731753.058573189]: [Perception] Post 1: x=-0.31 y=-0.45 dist=0.54 m[0m
[01:56:05] [0m[INFO] [1779731753.408597795]: [Perception] Post 1: x=-0.30 y=-0.45 dist=0.54 m[0m
[01:56:05] [0m[INFO] [1779731753.758682421]: [Perception] Post 1: x=-0.31 y=-0.45 dist=0.54 m[0m
[01:56:05] [0m[INFO] [1779731754.108402497]: [Perception] Post 1: x=-0.30 y=-0.45 dist=0.54 m[0m
[01:56:05] [0m[INFO] [1779731754.408715865]: [Perception] Post 1: x=-0.31 y=-0.45 dist=0.55 m[0m
[01:56:05] [0m[INFO] [1779731754.757694060]: [Perception] Post 1: x=-0.30 y=-0.45 dist=0.54 m[0m
[01:56:05] [0m[INFO] [1779731755.058322303]: [Perception] Post 1: x=-0.31 y=-0.45 dist=0.54 m[0m
[01:56:05] [0m[INFO] [1779731755.359011808]: [Perception] Post 1: x=-0.31 y=-0.45 dist=0.54 m[0m
[01:56:05] [0m[INFO] [1779731755.707189779]: [Perception] Post 1: x=-0.31 y=-0.45 dist=0.54 m[0m
[01:56:05] [0m[INFO] [1779731756.008584947]: [Perception] Post 1: x=-0.31 y=-0.45 dist=0.54 m[0m
[01:56:05] [0m[INFO] [1779731756.358900402]: [Perception] Post 1: x=-0.31 y=-0.45 dist=0.54 m[0m
[01:56:05] [0m[INFO] [1779731756.658965969]: [Perception] Post 1: x=-0.30 y=-0.45 dist=0.54 m[0m
[01:56:05] [0m[INFO] [1779731757.008528585]: [Perception] Post 1: x=-0.31 y=-0.45 dist=0.54 m[0m
[01:56:05] [0m[INFO] [1779731757.309089324]: [Perception] Post 1: x=-0.31 y=-0.45 dist=0.54 m[0m
[01:56:05] [0m[INFO] [1779731757.657955657]: [Perception] Post 1: x=-0.30 y=-0.45 dist=0.54 m[0m
[01:56:05] [0m[INFO] [1779731758.007670219]: [Perception] Post 1: x=-0.30 y=-0.45 dist=0.54 m[0m
[01:56:05] [0m[INFO] [1779731758.358139953]: [Perception] Post 1: x=-0.30 y=-0.45 dist=0.54 m[0m
[01:56:05] [0m[INFO] [1779731758.708361425]: [Perception] Post 1: x=-0.31 y=-0.45 dist=0.54 m[0m
[01:56:05] [0m[INFO] [1779731759.058117547]: [Perception] Post 1: x=-0.31 y=-0.45 dist=0.54 m[0m
[01:56:05] [0m[INFO] [1779731759.407539443]: [Perception] Post 1: x=-0.31 y=-0.45 dist=0.54 m[0m
[01:56:05] [0m[INFO] [1779731759.707839376]: [Perception] Post 1: x=-0.31 y=-0.45 dist=0.55 m[0m
[01:56:05] [0m[INFO] [1779731760.058629760]: [Perception] Post 1: x=-0.30 y=-0.45 dist=0.54 m[0m
[01:56:05] [0m[INFO] [1779731760.407533130]: [Perception] Post 1: x=-0.31 y=-0.45 dist=0.54 m[0m
[01:56:05] [0m[INFO] [1779731760.709077004]: [Perception] Post 1: x=-0.30 y=-0.45 dist=0.54 m[0m
[01:56:05] [0m[INFO] [1779731761.058492696]: [Perception] Post 1: x=-0.30 y=-0.45 dist=0.54 m[0m
[01:56:05] [0m[INFO] [1779731761.408163642]: [Perception] Post 1: x=-0.30 y=-0.45 dist=0.54 m[0m
[01:56:05] [0m[INFO] [1779731761.757523499]: [Perception] Post 1: x=-0.31 y=-0.45 dist=0.54 m[0m
[01:56:05] [0m[INFO] [1779731762.107696643]: [Perception] Post 1: x=-0.31 y=-0.45 dist=0.54 m[0m
[01:56:05] [0m[INFO] [1779731762.408108149]: [Perception] Post 1: x=-0.30 y=-0.45 dist=0.54 m[0m
[01:56:05] [0m[INFO] [1779731762.708169825]: [Perception] Post 1: x=-0.31 y=-0.45 dist=0.54 m[0m
[01:56:05] [0m[INFO] [1779731763.057506115]: [Perception] Post 1: x=-0.31 y=-0.45 dist=0.54 m[0m
[01:56:05] [0m[INFO] [1779731763.358562055]: [Perception] Post 1: x=-0.30 y=-0.45 dist=0.54 m[0m
[01:56:05] [0m[INFO] [1779731763.707357374]: [Perception] Post 1: x=-0.31 y=-0.45 dist=0.54 m[0m
[01:56:05] [0m[INFO] [1779731764.008156873]: [Perception] Post 1: x=-0.30 y=-0.45 dist=0.54 m[0m
[01:56:05] [0m[INFO] [1779731764.308416622]: [Perception] Post 1: x=-0.30 y=-0.45 dist=0.54 m[0m
[01:56:05] [0m[INFO] [1779731764.657670499]: [Perception] Post 1: x=-0.30 y=-0.45 dist=0.54 m[0m
[01:56:05] [0m[INFO] [1779731765.007361445]: [Perception] Post 1: x=-0.31 y=-0.45 dist=0.54 m[0m
[01:56:20] [0m[INFO] [1779731765.307798787]: [Perception] Post 1: x=-0.31 y=-0.45 dist=0.54 m[0m
[01:56:20] [0m[INFO] [1779731765.607921562]: [Perception] Post 1: x=-0.31 y=-0.45 dist=0.54 m[0m
[01:56:20] [0m[INFO] [1779731765.957501657]: [Perception] Post 1: x=-0.31 y=-0.45 dist=0.54 m[0m
[01:56:20] [0m[INFO] [1779731766.257592751]: [Perception] Post 1: x=-0.31 y=-0.45 dist=0.54 m[0m
[01:56:20] [0m[INFO] [1779731766.558563816]: [Perception] Post 1: x=-0.30 y=-0.45 dist=0.54 m[0m
[01:56:20] [0m[INFO] [1779731766.908594750]: [Perception] Post 1: x=-0.30 y=-0.45 dist=0.54 m[0m
[01:56:20] [0m[INFO] [1779731767.257359710]: [Perception] Post 1: x=-0.30 y=-0.45 dist=0.54 m[0m
[01:56:20] [0m[INFO] [1779731767.558170037]: [Perception] Post 1: x=-0.30 y=-0.45 dist=0.54 m[0m
[01:56:20] [0m[INFO] [1779731767.907612560]: [Perception] Post 1: x=-0.30 y=-0.45 dist=0.54 m[0m
[01:56:20] [0m[INFO] [1779731768.257541710]: [Perception] Post 1: x=-0.30 y=-0.45 dist=0.54 m[0m
[01:56:20] [0m[INFO] [1779731768.558707145]: [Perception] Post 1: x=-0.30 y=-0.45 dist=0.54 m[0m
[01:56:20] [0m[INFO] [1779731768.907373717]: [Perception] Post 1: x=-0.31 y=-0.45 dist=0.54 m[0m
[01:56:20] [0m[INFO] [1779731769.208830749]: [Perception] Post 1: x=-0.31 y=-0.45 dist=0.55 m[0m
[01:56:20] [0m[INFO] [1779731769.557486639]: [Perception] Post 1: x=-0.31 y=-0.45 dist=0.54 m[0m
[01:56:20] [0m[INFO] [1779731769.857563896]: [Perception] Post 1: x=-0.30 y=-0.45 dist=0.54 m[0m
[01:56:20] [0m[INFO] [1779731770.159307175]: [Perception] Post 1: x=-0.31 y=-0.45 dist=0.54 m[0m
[01:56:20] [0m[INFO] [1779731770.508242433]: [Perception] Post 1: x=-0.31 y=-0.45 dist=0.54 m[0m
[01:56:20] [0m[INFO] [1779731770.808562336]: [Perception] Post 1: x=-0.31 y=-0.45 dist=0.55 m[0m
[01:56:20] [0m[INFO] [1779731771.157608802]: [Perception] Post 1: x=-0.31 y=-0.45 dist=0.54 m[0m
[01:56:20] [0m[INFO] [1779731771.458593213]: [Perception] Post 1: x=-0.30 y=-0.45 dist=0.54 m[0m
[01:56:20] [0m[INFO] [1779731771.808774424]: [Perception] Post 1: x=-0.31 y=-0.45 dist=0.54 m[0m
[01:56:20] [0m[INFO] [1779731772.157556852]: [Perception] Post 1: x=-0.31 y=-0.45 dist=0.55 m[0m
[01:56:20] [0m[INFO] [1779731772.458416741]: [Perception] Post 1: x=-0.30 y=-0.45 dist=0.54 m[0m
[01:56:20] [0m[INFO] [1779731772.808173135]: [Perception] Post 1: x=-0.31 y=-0.45 dist=0.54 m[0m
[01:56:20] [0m[INFO] [1779731773.109832156]: [Perception] Post 1: x=-0.30 y=-0.45 dist=0.54 m[0m
[01:56:20] [0m[INFO] [1779731773.457623925]: [Perception] Post 1: x=-0.31 y=-0.45 dist=0.55 m[0m
[01:56:20] [0m[INFO] [1779731773.758474339]: [Perception] Post 1: x=-0.30 y=-0.45 dist=0.54 m[0m
[01:56:20] [0m[INFO] [1779731774.108437221]: [Perception] Post 1: x=-0.30 y=-0.45 dist=0.54 m[0m
[01:56:20] [0m[INFO] [1779731774.458559877]: [Perception] Post 1: x=-0.31 y=-0.45 dist=0.54 m[0m
[01:56:20] [0m[INFO] [1779731774.808386603]: [Perception] Post 1: x=-0.30 y=-0.45 dist=0.54 m[0m
[01:56:20] [0m[INFO] [1779731775.108779702]: [Perception] Post 1: x=-0.31 y=-0.45 dist=0.54 m[0m
[01:56:20] [0m[INFO] [1779731775.458034824]: [Perception] Post 1: x=-0.31 y=-0.45 dist=0.54 m[0m
[01:56:20] [0m[INFO] [1779731775.807331610]: [Perception] Post 1: x=-0.30 y=-0.45 dist=0.54 m[0m
[01:56:20] [0m[INFO] [1779731776.108485556]: [Perception] Post 1: x=-0.30 y=-0.45 dist=0.54 m[0m
[01:56:20] [0m[INFO] [1779731776.457906217]: [Perception] Post 1: x=-0.31 y=-0.45 dist=0.54 m[0m
[01:56:20] [0m[INFO] [1779731776.758107608]: [Perception] Post 1: x=-0.30 y=-0.45 dist=0.54 m[0m
[01:56:20] [0m[INFO] [1779731777.108495313]: [Perception] Post 1: x=-0.30 y=-0.45 dist=0.54 m[0m
[01:56:20] [0m[INFO] [1779731777.459030569]: [Perception] Post 1: x=-0.30 y=-0.45 dist=0.54 m[0m
[01:56:20] [0m[INFO] [1779731777.807420381]: [Perception] Post 1: x=-0.31 y=-0.45 dist=0.55 m[0m
[01:56:20] [0m[INFO] [1779731778.108530683]: [Perception] Post 1: x=-0.31 y=-0.45 dist=0.54 m[0m
[01:56:20] [0m[INFO] [1779731778.409083507]: [Perception] Post 1: x=-0.30 y=-0.45 dist=0.54 m[0m
[01:56:20] [0m[INFO] [1779731778.757957826]: [Perception] Post 1: x=-0.31 y=-0.45 dist=0.55 m[0m
[01:56:20] [0m[INFO] [1779731779.058668557]: [Perception] Post 1: x=-0.30 y=-0.45 dist=0.54 m[0m
[01:56:20] [0m[INFO] [1779731779.359799305]: [Perception] Post 1: x=-0.31 y=-0.45 dist=0.54 m[0m
[01:56:20] [0m[INFO] [1779731779.708578999]: [Perception] Post 1: x=-0.30 y=-0.45 dist=0.54 m[0m
[01:56:20] [0m[INFO] [1779731780.009077474]: [Perception] Post 1: x=-0.30 y=-0.45 dist=0.54 m[0m
[01:56:20] [0m[INFO] [1779731780.358602478]: [Perception] Post 1: x=-0.31 y=-0.45 dist=0.54 m[0m
[01:56:35] [0m[INFO] [1779731780.708765222]: [Perception] Post 1: x=-0.30 y=-0.45 dist=0.54 m[0m
[01:56:35] [0m[INFO] [1779731781.058533979]: [Perception] Post 1: x=-0.31 y=-0.45 dist=0.54 m[0m
[01:56:35] [0m[INFO] [1779731781.359278050]: [Perception] Post 1: x=-0.31 y=-0.45 dist=0.54 m[0m
[01:56:35] [0m[INFO] [1779731781.707961976]: [Perception] Post 1: x=-0.31 y=-0.45 dist=0.54 m[0m
[01:56:35] [0m[INFO] [1779731782.059303955]: [Perception] Post 1: x=-0.30 y=-0.45 dist=0.54 m[0m
[01:56:35] [0m[INFO] [1779731782.407519862]: [Perception] Post 1: x=-0.31 y=-0.45 dist=0.55 m[0m
[01:56:35] [0m[INFO] [1779731782.707717794]: [Perception] Post 1: x=-0.31 y=-0.45 dist=0.55 m[0m
[01:56:35] [0m[INFO] [1779731783.057564701]: [Perception] Post 1: x=-0.31 y=-0.45 dist=0.54 m[0m
[01:56:35] [0m[INFO] [1779731783.358857632]: [Perception] Post 1: x=-0.31 y=-0.45 dist=0.54 m[0m
[01:56:35] [0m[INFO] [1779731783.708031428]: [Perception] Post 1: x=-0.31 y=-0.45 dist=0.55 m[0m
[01:56:35] [0m[INFO] [1779731784.008063328]: [Perception] Post 1: x=-0.30 y=-0.45 dist=0.54 m[0m
[01:56:35] [0m[INFO] [1779731784.358242970]: [Perception] Post 1: x=-0.30 y=-0.45 dist=0.54 m[0m
[01:56:35] [0m[INFO] [1779731784.658862961]: [Perception] Post 1: x=-0.30 y=-0.45 dist=0.54 m[0m
[01:56:35] [0m[INFO] [1779731785.007565174]: [Perception] Post 1: x=-0.30 y=-0.45 dist=0.54 m[0m
[01:56:35] [0m[INFO] [1779731785.308343984]: [Perception] Post 1: x=-0.30 y=-0.45 dist=0.54 m[0m
[01:56:35] [0m[INFO] [1779731785.657400178]: [Perception] Post 1: x=-0.31 y=-0.45 dist=0.54 m[0m
[01:56:35] [0m[INFO] [1779731785.958499596]: [Perception] Post 1: x=-0.31 y=-0.45 dist=0.54 m[0m
[01:56:35] [0m[INFO] [1779731786.258636548]: [Perception] Post 1: x=-0.31 y=-0.45 dist=0.55 m[0m
[01:56:35] [0m[INFO] [1779731786.608074481]: [Perception] Post 1: x=-0.30 y=-0.45 dist=0.54 m[0m
[01:56:35] [0m[INFO] [1779731786.908974092]: [Perception] Post 1: x=-0.30 y=-0.45 dist=0.54 m[0m
[01:56:35] [0m[INFO] [1779731787.258118178]: [Perception] Post 1: x=-0.31 y=-0.45 dist=0.54 m[0m
[01:56:35] [0m[INFO] [1779731787.608833951]: [Perception] Post 1: x=-0.31 y=-0.45 dist=0.54 m[0m
[01:56:35] [0m[INFO] [1779731787.958453060]: [Perception] Post 1: x=-0.31 y=-0.45 dist=0.54 m[0m
[01:56:35] [0m[INFO] [1779731788.308935906]: [Perception] Post 1: x=-0.31 y=-0.45 dist=0.54 m[0m
[01:56:35] [0m[INFO] [1779731788.658295893]: [Perception] Post 1: x=-0.30 y=-0.45 dist=0.54 m[0m
[01:56:35] [0m[INFO] [1779731789.007620326]: [Perception] Post 1: x=-0.30 y=-0.45 dist=0.54 m[0m
[01:56:35] [0m[INFO] [1779731789.308466282]: [Perception] Post 1: x=-0.30 y=-0.45 dist=0.54 m[0m
[01:56:35] [0m[INFO] [1779731789.608955822]: [Perception] Post 1: x=-0.31 y=-0.45 dist=0.54 m[0m
[01:56:35] [0m[INFO] [1779731789.958051788]: [Perception] Post 1: x=-0.31 y=-0.45 dist=0.54 m[0m
[01:56:35] [0m[INFO] [1779731790.258525838]: [Perception] Post 1: x=-0.31 y=-0.45 dist=0.54 m[0m
[01:56:35] [0m[INFO] [1779731790.558540673]: [Perception] Post 1: x=-0.31 y=-0.45 dist=0.54 m[0m
[01:56:35] [0m[INFO] [1779731790.908434506]: [Perception] Post 1: x=-0.30 y=-0.45 dist=0.54 m[0m
[01:56:35] [0m[INFO] [1779731791.208658192]: [Perception] Post 1: x=-0.30 y=-0.45 dist=0.54 m[0m
[01:56:35] [0m[INFO] [1779731791.558295580]: [Perception] Post 1: x=-0.30 y=-0.45 dist=0.54 m[0m
[01:56:35] [0m[INFO] [1779731791.858624843]: [Perception] Post 1: x=-0.30 y=-0.45 dist=0.54 m[0m
[01:56:35] [0m[INFO] [1779731792.159210526]: [Perception] Post 1: x=-0.30 y=-0.45 dist=0.54 m[0m
[01:56:35] [0m[INFO] [1779731792.508737664]: [Perception] Post 1: x=-0.31 y=-0.45 dist=0.54 m[0m
[01:56:35] [0m[INFO] [1779731792.808965660]: [Perception] Post 1: x=-0.30 y=-0.45 dist=0.54 m[0m
[01:56:35] [0m[INFO] [1779731793.158352352]: [Perception] Post 1: x=-0.31 y=-0.45 dist=0.54 m[0m
[01:56:35] [0m[INFO] [1779731793.508981069]: [Perception] Post 1: x=-0.30 y=-0.45 dist=0.54 m[0m
[01:56:35] [0m[INFO] [1779731793.858697863]: [Perception] Post 1: x=-0.30 y=-0.45 dist=0.54 m[0m
[01:56:35] [0m[INFO] [1779731794.159051409]: [Perception] Post 1: x=-0.31 y=-0.45 dist=0.55 m[0m
[01:56:35] [0m[INFO] [1779731794.508402811]: [Perception] Post 1: x=-0.30 y=-0.45 dist=0.54 m[0m
[01:56:35] [0m[INFO] [1779731794.858389788]: [Perception] Post 1: x=-0.30 y=-0.45 dist=0.54 m[0m
[01:56:35] [0m[INFO] [1779731795.208472484]: [Perception] Post 1: x=-0.31 y=-0.45 dist=0.54 m[0m
[01:56:35] [0m[INFO] [1779731795.509099749]: [Perception] Post 1: x=-0.30 y=-0.45 dist=0.54 m[0m
[01:56:51] [0m[INFO] [1779731795.858218307]: [Perception] Post 1: x=-0.31 y=-0.45 dist=0.54 m[0m
[01:56:51] [0m[INFO] [1779731796.158624835]: [Perception] Post 1: x=-0.30 y=-0.45 dist=0.54 m[0m
[01:56:51] [0m[INFO] [1779731796.458967056]: [Perception] Post 1: x=-0.30 y=-0.45 dist=0.54 m[0m
[01:56:51] [0m[INFO] [1779731796.807807995]: [Perception] Post 1: x=-0.31 y=-0.45 dist=0.55 m[0m
[01:56:51] [0m[INFO] [1779731797.108921334]: [Perception] Post 1: x=-0.31 y=-0.45 dist=0.54 m[0m
[01:56:51] [0m[INFO] [1779731797.459374397]: [Perception] Post 1: x=-0.30 y=-0.45 dist=0.54 m[0m
[01:56:51] [0m[INFO] [1779731797.759407515]: [Perception] Post 1: x=-0.31 y=-0.45 dist=0.55 m[0m
[01:56:51] [0m[INFO] [1779731798.108547198]: [Perception] Post 1: x=-0.31 y=-0.45 dist=0.54 m[0m
[01:56:51] [0m[INFO] [1779731798.408604988]: [Perception] Post 1: x=-0.31 y=-0.45 dist=0.55 m[0m
[01:56:51] [0m[INFO] [1779731798.758442754]: [Perception] Post 1: x=-0.30 y=-0.45 dist=0.54 m[0m
[01:56:51] [0m[INFO] [1779731799.058485960]: [Perception] Post 1: x=-0.31 y=-0.45 dist=0.54 m[0m
[01:56:51] [0m[INFO] [1779731799.359202847]: [Perception] Post 1: x=-0.31 y=-0.45 dist=0.54 m[0m
[01:56:51] [0m[INFO] [1779731799.708579648]: [Perception] Post 1: x=-0.31 y=-0.45 dist=0.54 m[0m
[01:56:51] [0m[INFO] [1779731800.058108635]: [Perception] Post 1: x=-0.31 y=-0.45 dist=0.54 m[0m
[01:56:51] [0m[INFO] [1779731800.407870813]: [Perception] Post 1: x=-0.30 y=-0.45 dist=0.54 m[0m
[01:56:51] [0m[INFO] [1779731800.708381653]: [Perception] Post 1: x=-0.31 y=-0.45 dist=0.54 m[0m
[01:56:51] [0m[INFO] [1779731801.058208992]: [Perception] Post 1: x=-0.31 y=-0.45 dist=0.54 m[0m
[01:56:51] [0m[INFO] [1779731801.358926950]: [Perception] Post 1: x=-0.31 y=-0.45 dist=0.54 m[0m
[01:56:51] [0m[INFO] [1779731801.708513912]: [Perception] Post 1: x=-0.30 y=-0.45 dist=0.54 m[0m
[01:56:51] [0m[INFO] [1779731802.059129096]: [Perception] Post 1: x=-0.31 y=-0.45 dist=0.54 m[0m
[01:56:51] [0m[INFO] [1779731802.407760372]: [Perception] Post 1: x=-0.31 y=-0.45 dist=0.54 m[0m
[01:56:51] [0m[INFO] [1779731802.709033660]: [Perception] Post 1: x=-0.30 y=-0.45 dist=0.54 m[0m
[01:56:51] [0m[INFO] [1779731803.058768938]: [Perception] Post 1: x=-0.31 y=-0.45 dist=0.54 m[0m
[01:56:51] [0m[INFO] [1779731803.407505511]: [Perception] Post 1: x=-0.30 y=-0.45 dist=0.54 m[0m
[01:56:51] [0m[INFO] [1779731803.708398466]: [Perception] Post 1: x=-0.30 y=-0.45 dist=0.54 m[0m
[01:56:51] [0m[INFO] [1779731804.008629007]: [Perception] Post 1: x=-0.31 y=-0.45 dist=0.54 m[0m
[01:56:51] [0m[INFO] [1779731804.309072851]: [Perception] Post 1: x=-0.31 y=-0.45 dist=0.54 m[0m
[01:56:51] [0m[INFO] [1779731804.659070049]: [Perception] Post 1: x=-0.30 y=-0.45 dist=0.54 m[0m
[01:56:51] [0m[INFO] [1779731805.007823632]: [Perception] Post 1: x=-0.31 y=-0.45 dist=0.54 m[0m
[01:56:51] [0m[INFO] [1779731805.308005894]: [Perception] Post 1: x=-0.30 y=-0.45 dist=0.54 m[0m
[01:56:51] [0m[INFO] [1779731805.609048892]: [Perception] Post 1: x=-0.30 y=-0.45 dist=0.54 m[0m
[01:56:51] [0m[INFO] [1779731805.958579112]: [Perception] Post 1: x=-0.30 y=-0.45 dist=0.54 m[0m
[01:56:51] [0m[INFO] [1779731806.308164646]: [Perception] Post 1: x=-0.31 y=-0.45 dist=0.54 m[0m
[01:56:51] [0m[INFO] [1779731806.608232075]: [Perception] Post 1: x=-0.31 y=-0.45 dist=0.54 m[0m
[01:56:51] [0m[INFO] [1779731806.958025775]: [Perception] Post 1: x=-0.30 y=-0.45 dist=0.54 m[0m
[01:56:51] [0m[INFO] [1779731807.258290764]: [Perception] Post 1: x=-0.31 y=-0.45 dist=0.54 m[0m
[01:56:51] [0m[INFO] [1779731807.609141682]: [Perception] Post 1: x=-0.31 y=-0.45 dist=0.54 m[0m
[01:56:51] [0m[INFO] [1779731807.958664826]: [Perception] Post 1: x=-0.31 y=-0.45 dist=0.54 m[0m
[01:56:51] [0m[INFO] [1779731808.258738327]: [Perception] Post 1: x=-0.31 y=-0.45 dist=0.54 m[0m
[01:56:51] [0m[INFO] [1779731808.559243429]: [Perception] Post 1: x=-0.30 y=-0.45 dist=0.54 m[0m
[01:56:51] [0m[INFO] [1779731808.908616961]: [Perception] Post 1: x=-0.30 y=-0.45 dist=0.54 m[0m
[01:56:51] [0m[INFO] [1779731809.208956521]: [Perception] Post 1: x=-0.31 y=-0.45 dist=0.54 m[0m
[01:56:51] [0m[INFO] [1779731809.558164007]: [Perception] Post 1: x=-0.30 y=-0.45 dist=0.54 m[0m
[01:56:51] [0m[INFO] [1779731809.858729255]: [Perception] Post 1: x=-0.30 y=-0.45 dist=0.54 m[0m
[01:56:51] [0m[INFO] [1779731810.208607601]: [Perception] Post 1: x=-0.30 y=-0.45 dist=0.54 m[0m
[01:56:51] [0m[INFO] [1779731810.559110479]: [Perception] Post 1: x=-0.30 y=-0.45 dist=0.54 m[0m
[01:56:51] [0m[INFO] [1779731810.907081551]: [Perception] Post 1: x=-0.31 y=-0.45 dist=0.55 m[0m
[01:57:06] [0m[INFO] [1779731811.208540267]: [Perception] Post 1: x=-0.31 y=-0.45 dist=0.55 m[0m
[01:57:06] [0m[INFO] [1779731811.508979540]: [Perception] Post 1: x=-0.31 y=-0.45 dist=0.54 m[0m
[01:57:06] [0m[INFO] [1779731811.859251175]: [Perception] Post 1: x=-0.31 y=-0.45 dist=0.54 m[0m
[01:57:06] [0m[INFO] [1779731812.208140693]: [Perception] Post 1: x=-0.31 y=-0.45 dist=0.54 m[0m
[01:57:06] [0m[INFO] [1779731812.508575815]: [Perception] Post 1: x=-0.31 y=-0.45 dist=0.54 m[0m
[01:57:06] [0m[INFO] [1779731812.808773929]: [Perception] Post 1: x=-0.30 y=-0.45 dist=0.54 m[0m
[01:57:06] [0m[INFO] [1779731813.158261269]: [Perception] Post 1: x=-0.30 y=-0.45 dist=0.54 m[0m
[01:57:06] [0m[INFO] [1779731813.459136220]: [Perception] Post 1: x=-0.30 y=-0.45 dist=0.54 m[0m
[01:57:06] [0m[INFO] [1779731813.808391572]: [Perception] Post 1: x=-0.30 y=-0.45 dist=0.54 m[0m
[01:57:06] [0m[INFO] [1779731814.159199874]: [Perception] Post 1: x=-0.30 y=-0.45 dist=0.54 m[0m
[01:57:06] [0m[INFO] [1779731814.507965711]: [Perception] Post 1: x=-0.31 y=-0.45 dist=0.54 m[0m
[01:57:06] [0m[INFO] [1779731814.808819580]: [Perception] Post 1: x=-0.31 y=-0.45 dist=0.55 m[0m
[01:57:06] [0m[INFO] [1779731815.158064892]: [Perception] Post 1: x=-0.31 y=-0.45 dist=0.54 m[0m
[01:57:06] [0m[INFO] [1779731815.459200204]: [Perception] Post 1: x=-0.31 y=-0.45 dist=0.54 m[0m
[01:57:06] [0m[INFO] [1779731815.807920711]: [Perception] Post 1: x=-0.30 y=-0.45 dist=0.54 m[0m
[01:57:06] [0m[INFO] [1779731816.108422455]: [Perception] Post 1: x=-0.30 y=-0.45 dist=0.54 m[0m
[01:57:06] [0m[INFO] [1779731816.408546802]: [Perception] Post 1: x=-0.30 y=-0.45 dist=0.54 m[0m
[01:57:06] [0m[INFO] [1779731816.758431340]: [Perception] Post 1: x=-0.30 y=-0.45 dist=0.54 m[0m
[01:57:06] [0m[INFO] [1779731817.109050888]: [Perception] Post 1: x=-0.30 y=-0.45 dist=0.54 m[0m
[01:57:06] [0m[INFO] [1779731817.458314103]: [Perception] Post 1: x=-0.31 y=-0.45 dist=0.55 m[0m
[01:57:06] [0m[INFO] [1779731817.759142074]: [Perception] Post 1: x=-0.31 y=-0.45 dist=0.54 m[0m
[01:57:06] [0m[INFO] [1779731818.108012221]: [Perception] Post 1: x=-0.31 y=-0.45 dist=0.54 m[0m
[01:57:06] [0m[INFO] [1779731818.408810797]: [Perception] Post 1: x=-0.30 y=-0.45 dist=0.54 m[0m
[01:57:06] [0m[INFO] [1779731818.709015597]: [Perception] Post 1: x=-0.30 y=-0.45 dist=0.54 m[0m
[01:57:06] [0m[INFO] [1779731819.058353114]: [Perception] Post 1: x=-0.30 y=-0.45 dist=0.54 m[0m
[01:57:06] [0m[INFO] [1779731819.407637864]: [Perception] Post 1: x=-0.30 y=-0.45 dist=0.54 m[0m
[01:57:06] [0m[INFO] [1779731819.709012467]: [Perception] Post 1: x=-0.30 y=-0.45 dist=0.54 m[0m
[01:57:06] [0m[INFO] [1779731820.058493267]: [Perception] Post 1: x=-0.31 y=-0.45 dist=0.54 m[0m
[01:57:06] [0m[INFO] [1779731820.408417429]: [Perception] Post 1: x=-0.30 y=-0.45 dist=0.54 m[0m
[01:57:06] [0m[INFO] [1779731820.709196347]: [Perception] Post 1: x=-0.30 y=-0.45 dist=0.54 m[0m
[01:57:06] [0m[INFO] [1779731821.058425981]: [Perception] Post 1: x=-0.30 y=-0.45 dist=0.54 m[0m
[01:57:06] [0m[INFO] [1779731821.358431249]: [Perception] Post 1: x=-0.31 y=-0.45 dist=0.54 m[0m
[01:57:06] [0m[INFO] [1779731821.707566771]: [Perception] Post 1: x=-0.31 y=-0.45 dist=0.54 m[0m
[01:57:06] [0m[INFO] [1779731822.008497380]: [Perception] Post 1: x=-0.31 y=-0.45 dist=0.54 m[0m
[01:57:06] [0m[INFO] [1779731822.308751157]: [Perception] Post 1: x=-0.31 y=-0.45 dist=0.54 m[0m
[01:57:06] [0m[INFO] [1779731822.658482643]: [Perception] Post 1: x=-0.30 y=-0.45 dist=0.54 m[0m
[01:57:06] [0m[INFO] [1779731822.958508355]: [Perception] Post 1: x=-0.30 y=-0.45 dist=0.54 m[0m
[01:57:06] [0m[INFO] [1779731823.307467606]: [Perception] Post 1: x=-0.30 y=-0.45 dist=0.54 m[0m
[01:57:06] [0m[INFO] [1779731823.608544179]: [Perception] Post 1: x=-0.30 y=-0.45 dist=0.54 m[0m
[01:57:06] [0m[INFO] [1779731823.957972964]: [Perception] Post 1: x=-0.30 y=-0.45 dist=0.54 m[0m
[01:57:06] [0m[INFO] [1779731824.258499309]: [Perception] Post 1: x=-0.31 y=-0.45 dist=0.54 m[0m
[01:57:06] [0m[INFO] [1779731824.558934728]: [Perception] Post 1: x=-0.31 y=-0.45 dist=0.54 m[0m
[01:57:06] [0m[INFO] [1779731824.908599636]: [Perception] Post 1: x=-0.30 y=-0.45 dist=0.54 m[0m
[01:57:06] [0m[INFO] [1779731825.209186236]: [Perception] Post 1: x=-0.30 y=-0.45 dist=0.54 m[0m
[01:57:06] [0m[INFO] [1779731825.558037196]: [Perception] Post 1: x=-0.31 y=-0.45 dist=0.54 m[0m
[01:57:06] [0m[INFO] [1779731825.908346389]: [Perception] Post 1: x=-0.30 y=-0.45 dist=0.54 m[0m
[01:57:21] [0m[INFO] [1779731826.257716700]: [Perception] Post 1: x=-0.31 y=-0.45 dist=0.54 m[0m
[01:57:21] [0m[INFO] [1779731826.607593982]: [Perception] Post 1: x=-0.30 y=-0.45 dist=0.54 m[0m
[01:57:21] [0m[INFO] [1779731826.908497459]: [Perception] Post 1: x=-0.31 y=-0.45 dist=0.54 m[0m
[01:57:21] [0m[INFO] [1779731827.208908965]: [Perception] Post 1: x=-0.31 y=-0.45 dist=0.54 m[0m
[01:57:21] [0m[INFO] [1779731827.558334698]: [Perception] Post 1: x=-0.31 y=-0.45 dist=0.54 m[0m
[01:57:21] [0m[INFO] [1779731827.858579445]: [Perception] Post 1: x=-0.30 y=-0.45 dist=0.54 m[0m
[01:57:21] [0m[INFO] [1779731828.208024024]: [Perception] Post 1: x=-0.30 y=-0.45 dist=0.54 m[0m
[01:57:21] [0m[INFO] [1779731828.508245747]: [Perception] Post 1: x=-0.30 y=-0.45 dist=0.54 m[0m
[01:57:21] [0m[INFO] [1779731828.857432479]: [Perception] Post 1: x=-0.30 y=-0.45 dist=0.54 m[0m
[01:57:21] [0m[INFO] [1779731829.158311212]: [Perception] Post 1: x=-0.30 y=-0.45 dist=0.54 m[0m
[01:57:21] [0m[INFO] [1779731829.507729909]: [Perception] Post 1: x=-0.31 y=-0.45 dist=0.54 m[0m
[01:57:21] [0m[INFO] [1779731829.808707052]: [Perception] Post 1: x=-0.30 y=-0.45 dist=0.54 m[0m
[01:57:21] [0m[INFO] [1779731830.108764423]: [Perception] Post 1: x=-0.31 y=-0.45 dist=0.54 m[0m
[01:57:21] [0m[INFO] [1779731830.408951166]: [Perception] Post 1: x=-0.31 y=-0.45 dist=0.54 m[0m
[01:57:21] [0m[INFO] [1779731830.759407002]: [Perception] Post 1: x=-0.30 y=-0.45 dist=0.54 m[0m
[01:57:21] [0m[INFO] [1779731831.107236654]: [Perception] Post 1: x=-0.30 y=-0.45 dist=0.54 m[0m
[01:57:21] [0m[INFO] [1779731831.408509845]: [Perception] Post 1: x=-0.31 y=-0.45 dist=0.54 m[0m
[01:57:21] [0m[INFO] [1779731831.708672712]: [Perception] Post 1: x=-0.31 y=-0.45 dist=0.54 m[0m
[01:57:21] [0m[INFO] [1779731832.058065023]: [Perception] Post 1: x=-0.30 y=-0.45 dist=0.54 m[0m
[01:57:21] [0m[INFO] [1779731832.408494496]: [Perception] Post 1: x=-0.31 y=-0.45 dist=0.54 m[0m
[01:57:21] [0m[INFO] [1779731832.758206386]: [Perception] Post 1: x=-0.31 y=-0.45 dist=0.54 m[0m
[01:57:21] [0m[INFO] [1779731833.058921182]: [Perception] Post 1: x=-0.30 y=-0.45 dist=0.54 m[0m
[01:57:21] [0m[INFO] [1779731833.408295124]: [Perception] Post 1: x=-0.31 y=-0.45 dist=0.55 m[0m
[01:57:21] [0m[INFO] [1779731833.709327020]: [Perception] Post 1: x=-0.31 y=-0.45 dist=0.54 m[0m
[01:57:21] [0m[INFO] [1779731834.058206514]: [Perception] Post 1: x=-0.30 y=-0.45 dist=0.54 m[0m
[01:57:21] [0m[INFO] [1779731834.358910318]: [Perception] Post 1: x=-0.30 y=-0.45 dist=0.54 m[0m
[01:57:21] [0m[INFO] [1779731834.707915027]: [Perception] Post 1: x=-0.31 y=-0.45 dist=0.54 m[0m
[01:57:21] [0m[INFO] [1779731835.008477704]: [Perception] Post 1: x=-0.31 y=-0.45 dist=0.54 m[0m
[01:57:21] [0m[INFO] [1779731835.309106998]: [Perception] Post 1: x=-0.30 y=-0.45 dist=0.54 m[0m
[01:57:21] [0m[INFO] [1779731835.658239536]: [Perception] Post 1: x=-0.30 y=-0.45 dist=0.54 m[0m
[01:57:21] [0m[INFO] [1779731836.008973456]: [Perception] Post 1: x=-0.30 y=-0.45 dist=0.54 m[0m
[01:57:21] [0m[INFO] [1779731836.359036961]: [Perception] Post 1: x=-0.30 y=-0.45 dist=0.54 m[0m
[01:57:21] [0m[INFO] [1779731836.709299316]: [Perception] Post 1: x=-0.30 y=-0.45 dist=0.54 m[0m
[01:57:21] [0m[INFO] [1779731837.057802930]: [Perception] Post 1: x=-0.31 y=-0.45 dist=0.55 m[0m
[01:57:21] [0m[INFO] [1779731837.358326472]: [Perception] Post 1: x=-0.31 y=-0.45 dist=0.54 m[0m
[01:57:21] [0m[INFO] [1779731837.708148721]: [Perception] Post 1: x=-0.30 y=-0.45 dist=0.54 m[0m
[01:57:21] [0m[INFO] [1779731838.008965531]: [Perception] Post 1: x=-0.30 y=-0.45 dist=0.54 m[0m
[01:57:21] [0m[INFO] [1779731838.358268546]: [Perception] Post 1: x=-0.30 y=-0.45 dist=0.54 m[0m
[01:57:21] [0m[INFO] [1779731838.658638422]: [Perception] Post 1: x=-0.30 y=-0.45 dist=0.54 m[0m
[01:57:21] [0m[INFO] [1779731839.008490708]: [Perception] Post 1: x=-0.31 y=-0.45 dist=0.54 m[0m
[01:57:21] [0m[INFO] [1779731839.308608412]: [Perception] Post 1: x=-0.30 y=-0.45 dist=0.54 m[0m
[01:57:21] [0m[INFO] [1779731839.608806093]: [Perception] Post 1: x=-0.31 y=-0.45 dist=0.54 m[0m
[01:57:21] [0m[INFO] [1779731839.957390449]: [Perception] Post 1: x=-0.31 y=-0.45 dist=0.55 m[0m
[01:57:21] [0m[INFO] [1779731840.258173662]: [Perception] Post 1: x=-0.30 y=-0.45 dist=0.54 m[0m
[01:57:21] [0m[INFO] [1779731840.608292102]: [Perception] Post 1: x=-0.30 y=-0.45 dist=0.54 m[0m
[01:57:21] [0m[INFO] [1779731840.908571639]: [Perception] Post 1: x=-0.30 y=-0.45 dist=0.54 m[0m
[01:57:21] [0m[INFO] [1779731841.208697765]: [Perception] Post 1: x=-0.30 y=-0.45 dist=0.54 m[0m
[01:57:36] [0m[INFO] [1779731841.558918525]: [Perception] Post 1: x=-0.30 y=-0.45 dist=0.54 m[0m
[01:57:36] [0m[INFO] [1779731841.908018828]: [Perception] Post 1: x=-0.30 y=-0.45 dist=0.55 m[0m
[01:57:36] [0m[INFO] [1779731842.209047564]: [Perception] Post 1: x=-0.31 y=-0.45 dist=0.55 m[0m
[01:57:36] [0m[INFO] [1779731842.557938078]: [Perception] Post 1: x=-0.30 y=-0.45 dist=0.54 m[0m
[01:57:36] [0m[INFO] [1779731842.858541508]: [Perception] Post 1: x=-0.30 y=-0.45 dist=0.54 m[0m
[01:57:36] [0m[INFO] [1779731843.208454851]: [Perception] Post 1: x=-0.30 y=-0.45 dist=0.54 m[0m
[01:57:36] [0m[INFO] [1779731843.558468308]: [Perception] Post 1: x=-0.30 y=-0.45 dist=0.54 m[0m
[01:57:36] [0m[INFO] [1779731843.859079824]: [Perception] Post 1: x=-0.31 y=-0.45 dist=0.54 m[0m
[01:57:36] [0m[INFO] [1779731844.208444524]: [Perception] Post 1: x=-0.30 y=-0.45 dist=0.54 m[0m
[01:57:36] [0m[INFO] [1779731844.508538623]: [Perception] Post 1: x=-0.31 y=-0.45 dist=0.55 m[0m
[01:57:36] [0m[INFO] [1779731844.808674049]: [Perception] Post 1: x=-0.31 y=-0.45 dist=0.54 m[0m
[01:57:36] [0m[INFO] [1779731845.158342952]: [Perception] Post 1: x=-0.31 y=-0.45 dist=0.54 m[0m
[01:57:36] [0m[INFO] [1779731845.459079827]: [Perception] Post 1: x=-0.30 y=-0.45 dist=0.54 m[0m
[01:57:36] [0m[INFO] [1779731845.807964417]: [Perception] Post 1: x=-0.31 y=-0.45 dist=0.54 m[0m
[01:57:36] [0m[INFO] [1779731846.108763985]: [Perception] Post 1: x=-0.30 y=-0.45 dist=0.54 m[0m
[01:57:36] [0m[INFO] [1779731846.458355814]: [Perception] Post 1: x=-0.31 y=-0.45 dist=0.54 m[0m
[01:57:36] [0m[INFO] [1779731846.758965313]: [Perception] Post 1: x=-0.31 y=-0.45 dist=0.55 m[0m
[01:57:36] [0m[INFO] [1779731847.059120479]: [Perception] Post 1: x=-0.31 y=-0.45 dist=0.54 m[0m
[01:57:36] [0m[INFO] [1779731847.408426434]: [Perception] Post 1: x=-0.30 y=-0.45 dist=0.54 m[0m
[01:57:36] [0m[INFO] [1779731847.708858135]: [Perception] Post 1: x=-0.30 y=-0.45 dist=0.54 m[0m
[01:57:36] [0m[INFO] [1779731848.058798863]: [Perception] Post 1: x=-0.30 y=-0.45 dist=0.54 m[0m
[01:57:36] [0m[INFO] [1779731848.409441382]: [Perception] Post 1: x=-0.31 y=-0.45 dist=0.54 m[0m
[01:57:36] [0m[INFO] [1779731848.758606492]: [Perception] Post 1: x=-0.31 y=-0.45 dist=0.54 m[0m
[01:57:36] [0m[INFO] [1779731849.059108638]: [Perception] Post 1: x=-0.31 y=-0.45 dist=0.54 m[0m
[01:57:36] [0m[INFO] [1779731849.408163085]: [Perception] Post 1: x=-0.30 y=-0.45 dist=0.54 m[0m
[01:57:36] [0m[INFO] [1779731849.708246744]: [Perception] Post 1: x=-0.30 y=-0.45 dist=0.54 m[0m
[01:57:36] [0m[INFO] [1779731850.057689847]: [Perception] Post 1: x=-0.30 y=-0.45 dist=0.54 m[0m
[01:57:36] [0m[INFO] [1779731850.359064298]: [Perception] Post 1: x=-0.30 y=-0.45 dist=0.54 m[0m
[01:57:36] [0m[INFO] [1779731850.708223694]: [Perception] Post 1: x=-0.30 y=-0.45 dist=0.54 m[0m
[01:57:36] [0m[INFO] [1779731851.008274144]: [Perception] Post 1: x=-0.30 y=-0.45 dist=0.54 m[0m
[01:57:36] [0m[INFO] [1779731851.357469988]: [Perception] Post 1: x=-0.30 y=-0.45 dist=0.54 m[0m
[01:57:36] [0m[INFO] [1779731851.658326312]: [Perception] Post 1: x=-0.30 y=-0.45 dist=0.54 m[0m
[01:57:36] [0m[INFO] [1779731851.959115570]: [Perception] Post 1: x=-0.30 y=-0.45 dist=0.54 m[0m
[01:57:36] [0m[INFO] [1779731852.308110391]: [Perception] Post 1: x=-0.31 y=-0.45 dist=0.54 m[0m
[01:57:36] [0m[INFO] [1779731852.609178848]: [Perception] Post 1: x=-0.30 y=-0.45 dist=0.54 m[0m
[01:57:36] [0m[INFO] [1779731852.957762887]: [Perception] Post 1: x=-0.30 y=-0.45 dist=0.54 m[0m
[01:57:36] [0m[INFO] [1779731853.259089586]: [Perception] Post 1: x=-0.31 y=-0.45 dist=0.54 m[0m
[01:57:36] [0m[INFO] [1779731853.608332733]: [Perception] Post 1: x=-0.31 y=-0.45 dist=0.55 m[0m
[01:57:36] [0m[INFO] [1779731853.908528849]: [Perception] Post 1: x=-0.31 y=-0.45 dist=0.54 m[0m
[01:57:36] [0m[INFO] [1779731854.208582210]: [Perception] Post 1: x=-0.31 y=-0.45 dist=0.54 m[0m
[01:57:36] [0m[INFO] [1779731854.557841265]: [Perception] Post 1: x=-0.30 y=-0.45 dist=0.54 m[0m
[01:57:36] [0m[INFO] [1779731854.907846622]: [Perception] Post 1: x=-0.30 y=-0.45 dist=0.54 m[0m
[01:57:36] [0m[INFO] [1779731855.208164964]: [Perception] Post 1: x=-0.31 y=-0.45 dist=0.54 m[0m
[01:57:36] [0m[INFO] [1779731855.509244708]: [Perception] Post 1: x=-0.30 y=-0.45 dist=0.54 m[0m
[01:57:36] [0m[INFO] [1779731855.858208363]: [Perception] Post 1: x=-0.31 y=-0.45 dist=0.54 m[0m
[01:57:36] [0m[INFO] [1779731856.158303664]: [Perception] Post 1: x=-0.31 y=-0.45 dist=0.55 m[0m
[01:57:51] [0m[INFO] [1779731856.507574317]: [Perception] Post 1: x=-0.30 y=-0.45 dist=0.54 m[0m
[01:57:51] [0m[INFO] [1779731856.808276390]: [Perception] Post 1: x=-0.30 y=-0.45 dist=0.54 m[0m
[01:57:51] [0m[INFO] [1779731857.108799713]: [Perception] Post 1: x=-0.31 y=-0.45 dist=0.54 m[0m
[01:57:51] [0m[INFO] [1779731857.458648107]: [Perception] Post 1: x=-0.31 y=-0.45 dist=0.55 m[0m
[01:57:51] [0m[INFO] [1779731857.808343311]: [Perception] Post 1: x=-0.31 y=-0.45 dist=0.54 m[0m
[01:57:51] [0m[INFO] [1779731858.159333841]: [Perception] Post 1: x=-0.31 y=-0.45 dist=0.55 m[0m
[01:57:51] [0m[INFO] [1779731858.507701520]: [Perception] Post 1: x=-0.31 y=-0.45 dist=0.55 m[0m
[01:57:51] [0m[INFO] [1779731858.807986459]: [Perception] Post 1: x=-0.30 y=-0.45 dist=0.54 m[0m
[01:57:51] [0m[INFO] [1779731859.109066591]: [Perception] Post 1: x=-0.30 y=-0.45 dist=0.54 m[0m
[01:57:51] [0m[INFO] [1779731859.458169808]: [Perception] Post 1: x=-0.30 y=-0.45 dist=0.54 m[0m
[01:57:51] [0m[INFO] [1779731859.759371314]: [Perception] Post 1: x=-0.31 y=-0.45 dist=0.55 m[0m
[01:57:51] [0m[INFO] [1779731860.108848649]: [Perception] Post 1: x=-0.31 y=-0.45 dist=0.54 m[0m
[01:57:51] [0m[INFO] [1779731860.457720209]: [Perception] Post 1: x=-0.31 y=-0.45 dist=0.55 m[0m
[01:57:51] [0m[INFO] [1779731860.758288912]: [Perception] Post 1: x=-0.31 y=-0.45 dist=0.55 m[0m
[01:57:51] [0m[INFO] [1779731861.107296615]: [Perception] Post 1: x=-0.31 y=-0.45 dist=0.54 m[0m
[01:57:51] [0m[INFO] [1779731861.407640897]: [Perception] Post 1: x=-0.30 y=-0.45 dist=0.54 m[0m
[01:57:51] [0m[INFO] [1779731861.709298962]: [Perception] Post 1: x=-0.30 y=-0.45 dist=0.54 m[0m
[01:57:51] [0m[INFO] [1779731862.057485259]: [Perception] Post 1: x=-0.31 y=-0.45 dist=0.54 m[0m
[01:57:51] [0m[INFO] [1779731862.409131818]: [Perception] Post 1: x=-0.31 y=-0.45 dist=0.55 m[0m
[01:57:51] [0m[INFO] [1779731862.757998302]: [Perception] Post 1: x=-0.31 y=-0.45 dist=0.54 m[0m
[01:57:51] [0m[INFO] [1779731863.058548318]: [Perception] Post 1: x=-0.31 y=-0.45 dist=0.54 m[0m
[01:57:51] [0m[INFO] [1779731863.358570716]: [Perception] Post 1: x=-0.30 y=-0.45 dist=0.54 m[0m
[01:57:51] [0m[INFO] [1779731863.708455805]: [Perception] Post 1: x=-0.30 y=-0.45 dist=0.54 m[0m
[01:57:51] [0m[INFO] [1779731864.008734130]: [Perception] Post 1: x=-0.31 y=-0.45 dist=0.54 m[0m
[01:57:51] [0m[INFO] [1779731864.358707384]: [Perception] Post 1: x=-0.30 y=-0.45 dist=0.54 m[0m
[01:57:51] [0m[INFO] [1779731864.707511513]: [Perception] Post 1: x=-0.30 y=-0.45 dist=0.54 m[0m
[01:57:51] [0m[INFO] [1779731865.007714460]: [Perception] Post 1: x=-0.31 y=-0.45 dist=0.55 m[0m
[01:57:51] [0m[INFO] [1779731865.308402731]: [Perception] Post 1: x=-0.31 y=-0.45 dist=0.54 m[0m
[01:57:51] [0m[INFO] [1779731865.658158824]: [Perception] Post 1: x=-0.31 y=-0.45 dist=0.55 m[0m
[01:57:51] [0m[INFO] [1779731866.008476799]: [Perception] Post 1: x=-0.31 y=-0.45 dist=0.54 m[0m
[01:57:51] [0m[INFO] [1779731866.358220226]: [Perception] Post 1: x=-0.31 y=-0.45 dist=0.54 m[0m
[01:57:51] [0m[INFO] [1779731866.707984797]: [Perception] Post 1: x=-0.31 y=-0.45 dist=0.54 m[0m
[01:57:51] [0m[INFO] [1779731867.058433215]: [Perception] Post 1: x=-0.31 y=-0.45 dist=0.54 m[0m
[01:57:51] [0m[INFO] [1779731867.408628100]: [Perception] Post 1: x=-0.30 y=-0.45 dist=0.54 m[0m
[01:57:51] [0m[INFO] [1779731867.758658871]: [Perception] Post 1: x=-0.31 y=-0.45 dist=0.55 m[0m
[01:57:51] [0m[INFO] [1779731868.108497274]: [Perception] Post 1: x=-0.30 y=-0.45 dist=0.54 m[0m
[01:57:51] [0m[INFO] [1779731868.457249075]: [Perception] Post 1: x=-0.30 y=-0.45 dist=0.54 m[0m
[01:57:51] [0m[INFO] [1779731868.757399074]: [Perception] Post 1: x=-0.31 y=-0.45 dist=0.54 m[0m
[01:57:51] [0m[INFO] [1779731869.057686290]: [Perception] Post 1: x=-0.30 y=-0.45 dist=0.54 m[0m
[01:57:51] [0m[INFO] [1779731869.357731857]: [Perception] Post 1: x=-0.31 y=-0.45 dist=0.55 m[0m
[01:57:51] [0m[INFO] [1779731869.707608612]: [Perception] Post 1: x=-0.31 y=-0.45 dist=0.54 m[0m
[01:57:51] [0m[INFO] [1779731870.008562911]: [Perception] Post 1: x=-0.30 y=-0.45 dist=0.54 m[0m
[01:57:51] [0m[INFO] [1779731870.308902485]: [Perception] Post 1: x=-0.30 y=-0.45 dist=0.54 m[0m
[01:57:51] [0m[INFO] [1779731870.658376920]: [Perception] Post 1: x=-0.30 y=-0.45 dist=0.54 m[0m
[01:57:51] [0m[INFO] [1779731871.007132115]: [Perception] Post 1: x=-0.31 y=-0.45 dist=0.55 m[0m
[01:57:51] [0m[INFO] [1779731871.307606292]: [Perception] Post 1: x=-0.30 y=-0.45 dist=0.54 m[0m
[01:57:51] [0m[INFO] [1779731871.608683188]: [Perception] Post 1: x=-0.31 y=-0.45 dist=0.54 m[0m
[01:58:07] [0m[INFO] [1779731871.909019688]: [Perception] Post 1: x=-0.30 y=-0.45 dist=0.54 m[0m
[01:58:07] [0m[INFO] [1779731872.257869289]: [Perception] Post 1: x=-0.30 y=-0.45 dist=0.54 m[0m
[01:58:07] [0m[INFO] [1779731872.557893745]: [Perception] Post 1: x=-0.30 y=-0.45 dist=0.54 m[0m
[01:58:07] [0m[INFO] [1779731872.908641931]: [Perception] Post 1: x=-0.30 y=-0.45 dist=0.54 m[0m
[01:58:07] [0m[INFO] [1779731873.258696948]: [Perception] Post 1: x=-0.30 y=-0.45 dist=0.54 m[0m
[01:58:07] [0m[INFO] [1779731873.608226961]: [Perception] Post 1: x=-0.30 y=-0.45 dist=0.54 m[0m
[01:58:07] [0m[INFO] [1779731873.908624423]: [Perception] Post 1: x=-0.31 y=-0.45 dist=0.54 m[0m
[01:58:07] [0m[INFO] [1779731874.257422880]: [Perception] Post 1: x=-0.31 y=-0.45 dist=0.54 m[0m
[01:58:07] [0m[INFO] [1779731874.557881046]: [Perception] Post 1: x=-0.30 y=-0.45 dist=0.54 m[0m
[01:58:07] [0m[INFO] [1779731874.907658050]: [Perception] Post 1: x=-0.30 y=-0.45 dist=0.54 m[0m
[01:58:07] [0m[INFO] [1779731875.207780655]: [Perception] Post 1: x=-0.30 y=-0.45 dist=0.54 m[0m
[01:58:07] [0m[INFO] [1779731875.508316336]: [Perception] Post 1: x=-0.31 y=-0.45 dist=0.54 m[0m
[01:58:07] [0m[INFO] [1779731875.857408839]: [Perception] Post 1: x=-0.31 y=-0.45 dist=0.54 m[0m
[01:58:07] [0m[INFO] [1779731876.207843042]: [Perception] Post 1: x=-0.31 y=-0.45 dist=0.54 m[0m
[01:58:07] [0m[INFO] [1779731876.557780206]: [Perception] Post 1: x=-0.31 y=-0.45 dist=0.54 m[0m
[01:58:07] [0m[INFO] [1779731876.908411313]: [Perception] Post 1: x=-0.30 y=-0.45 dist=0.54 m[0m
[01:58:07] [0m[INFO] [1779731877.259543986]: [Perception] Post 1: x=-0.30 y=-0.45 dist=0.54 m[0m
[01:58:07] [0m[INFO] [1779731877.608335147]: [Perception] Post 1: x=-0.30 y=-0.45 dist=0.54 m[0m
[01:58:07] [0m[INFO] [1779731877.958054561]: [Perception] Post 1: x=-0.30 y=-0.45 dist=0.54 m[0m
[01:58:07] [0m[INFO] [1779731878.258250716]: [Perception] Post 1: x=-0.30 y=-0.45 dist=0.54 m[0m
[01:58:07] [0m[INFO] [1779731878.558356091]: [Perception] Post 1: x=-0.30 y=-0.45 dist=0.54 m[0m
[01:58:07] [0m[INFO] [1779731878.907502206]: [Perception] Post 1: x=-0.31 y=-0.45 dist=0.55 m[0m
[01:58:07] [0m[INFO] [1779731879.208169343]: [Perception] Post 1: x=-0.30 y=-0.45 dist=0.54 m[0m
[01:58:07] [0m[INFO] [1779731879.558048306]: [Perception] Post 1: x=-0.31 y=-0.45 dist=0.54 m[0m
[01:58:07] [0m[INFO] [1779731879.908591658]: [Perception] Post 1: x=-0.31 y=-0.45 dist=0.54 m[0m
[01:58:07] [0m[INFO] [1779731880.257398717]: [Perception] Post 1: x=-0.30 y=-0.45 dist=0.54 m[0m
[01:58:07] [0m[INFO] [1779731880.559114660]: [Perception] Post 1: x=-0.31 y=-0.45 dist=0.54 m[0m
[01:58:07] [0m[INFO] [1779731880.907298786]: [Perception] Post 1: x=-0.31 y=-0.45 dist=0.54 m[0m
[01:58:07] [0m[INFO] [1779731881.207865224]: [Perception] Post 1: x=-0.30 y=-0.45 dist=0.54 m[0m
[01:58:07] [0m[INFO] [1779731881.508172308]: [Perception] Post 1: x=-0.30 y=-0.45 dist=0.54 m[0m
[01:58:07] [0m[INFO] [1779731881.808169902]: [Perception] Post 1: x=-0.31 y=-0.45 dist=0.54 m[0m
[01:58:07] [0m[INFO] [1779731882.108695413]: [Perception] Post 1: x=-0.30 y=-0.45 dist=0.54 m[0m
[01:58:07] [0m[INFO] [1779731882.408943537]: [Perception] Post 1: x=-0.31 y=-0.45 dist=0.54 m[0m
[01:58:07] [0m[INFO] [1779731882.758150421]: [Perception] Post 1: x=-0.30 y=-0.45 dist=0.54 m[0m
[01:58:07] [0m[INFO] [1779731883.108102689]: [Perception] Post 1: x=-0.31 y=-0.45 dist=0.54 m[0m
[01:58:07] [0m[INFO] [1779731883.458515053]: [Perception] Post 1: x=-0.30 y=-0.45 dist=0.54 m[0m
[01:58:07] [0m[INFO] [1779731883.759404889]: [Perception] Post 1: x=-0.30 y=-0.45 dist=0.54 m[0m
[01:58:07] [0m[INFO] [1779731884.108041054]: [Perception] Post 1: x=-0.30 y=-0.45 dist=0.54 m[0m
[01:58:07] [0m[INFO] [1779731884.408476064]: [Perception] Post 1: x=-0.31 y=-0.45 dist=0.54 m[0m
[01:58:07] [0m[INFO] [1779731884.708919216]: [Perception] Post 1: x=-0.31 y=-0.45 dist=0.54 m[0m
[01:58:07] [0m[INFO] [1779731885.058394895]: [Perception] Post 1: x=-0.31 y=-0.45 dist=0.54 m[0m
[01:58:07] [0m[INFO] [1779731885.408478755]: [Perception] Post 1: x=-0.31 y=-0.45 dist=0.54 m[0m
[01:58:07] [0m[INFO] [1779731885.757104833]: [Perception] Post 1: x=-0.30 y=-0.45 dist=0.54 m[0m
[01:58:07] [0m[INFO] [1779731886.059213502]: [Perception] Post 1: x=-0.31 y=-0.45 dist=0.54 m[0m
[01:58:07] [0m[INFO] [1779731886.408345896]: [Perception] Post 1: x=-0.31 y=-0.45 dist=0.54 m[0m
[01:58:07] [0m[INFO] [1779731886.758429768]: [Perception] Post 1: x=-0.30 y=-0.45 dist=0.54 m[0m
[01:58:07] [0m[INFO] [1779731887.109022204]: [Perception] Post 1: x=-0.30 y=-0.45 dist=0.54 m[0m
[01:58:22] [0m[INFO] [1779731887.458196432]: [Perception] Post 1: x=-0.31 y=-0.45 dist=0.54 m[0m
[01:58:22] [0m[INFO] [1779731887.758544924]: [Perception] Post 1: x=-0.31 y=-0.45 dist=0.54 m[0m
[01:58:22] [0m[INFO] [1779731888.108100079]: [Perception] Post 1: x=-0.30 y=-0.45 dist=0.54 m[0m
[01:58:22] [0m[INFO] [1779731888.408598128]: [Perception] Post 1: x=-0.30 y=-0.45 dist=0.54 m[0m
[01:58:22] [0m[INFO] [1779731888.757701980]: [Perception] Post 1: x=-0.30 y=-0.45 dist=0.54 m[0m
[01:58:22] [0m[INFO] [1779731889.058681331]: [Perception] Post 1: x=-0.31 y=-0.45 dist=0.54 m[0m
[01:58:22] [0m[INFO] [1779731889.409197511]: [Perception] Post 1: x=-0.31 y=-0.45 dist=0.54 m[0m
[01:58:22] [0m[INFO] [1779731889.758544978]: [Perception] Post 1: x=-0.30 y=-0.45 dist=0.54 m[0m
[01:58:22] [0m[INFO] [1779731890.059050902]: [Perception] Post 1: x=-0.30 y=-0.45 dist=0.54 m[0m
[01:58:22] [0m[INFO] [1779731890.408312890]: [Perception] Post 1: x=-0.31 y=-0.45 dist=0.54 m[0m
[01:58:22] [0m[INFO] [1779731890.708392062]: [Perception] Post 1: x=-0.30 y=-0.45 dist=0.54 m[0m
[01:58:22] [0m[INFO] [1779731891.009265674]: [Perception] Post 1: x=-0.31 y=-0.45 dist=0.55 m[0m
[01:58:22] [0m[INFO] [1779731891.357938271]: [Perception] Post 1: x=-0.30 y=-0.45 dist=0.54 m[0m
[01:58:22] [0m[INFO] [1779731891.658256731]: [Perception] Post 1: x=-0.31 y=-0.45 dist=0.54 m[0m
[01:58:22] [0m[INFO] [1779731892.008351874]: [Perception] Post 1: x=-0.30 y=-0.45 dist=0.54 m[0m
[01:58:22] [0m[INFO] [1779731892.357803439]: [Perception] Post 1: x=-0.31 y=-0.45 dist=0.54 m[0m
[01:58:22] [0m[INFO] [1779731892.658059143]: [Perception] Post 1: x=-0.30 y=-0.45 dist=0.54 m[0m
[01:58:22] [0m[INFO] [1779731893.009175885]: [Perception] Post 1: x=-0.31 y=-0.45 dist=0.54 m[0m
[01:58:22] [0m[INFO] [1779731893.358159558]: [Perception] Post 1: x=-0.31 y=-0.45 dist=0.54 m[0m
[01:58:22] [0m[INFO] [1779731893.707785746]: [Perception] Post 1: x=-0.31 y=-0.45 dist=0.54 m[0m
[01:58:22] [0m[INFO] [1779731894.007838443]: [Perception] Post 1: x=-0.30 y=-0.45 dist=0.54 m[0m
[01:58:22] [0m[INFO] [1779731894.308138158]: [Perception] Post 1: x=-0.31 y=-0.45 dist=0.54 m[0m
[01:58:22] [0m[INFO] [1779731894.608437374]: [Perception] Post 1: x=-0.30 y=-0.45 dist=0.54 m[0m
[01:58:22] [0m[INFO] [1779731894.958103580]: [Perception] Post 1: x=-0.30 y=-0.45 dist=0.54 m[0m
[01:58:22] [0m[INFO] [1779731895.258621489]: [Perception] Post 1: x=-0.31 y=-0.45 dist=0.54 m[0m
[01:58:22] [0m[INFO] [1779731895.607541774]: [Perception] Post 1: x=-0.30 y=-0.45 dist=0.54 m[0m
[01:58:22] [0m[INFO] [1779731895.908080912]: [Perception] Post 1: x=-0.30 y=-0.45 dist=0.54 m[0m
[01:58:22] [0m[INFO] [1779731896.258038155]: [Perception] Post 1: x=-0.30 y=-0.45 dist=0.54 m[0m
[01:58:22] [0m[INFO] [1779731896.558652127]: [Perception] Post 1: x=-0.31 y=-0.45 dist=0.54 m[0m
[01:58:22] [0m[INFO] [1779731896.908148201]: [Perception] Post 1: x=-0.31 y=-0.45 dist=0.55 m[0m
[01:58:22] [0m[INFO] [1779731897.258190700]: [Perception] Post 1: x=-0.31 y=-0.45 dist=0.54 m[0m
[01:58:22] [0m[INFO] [1779731897.558435849]: [Perception] Post 1: x=-0.30 y=-0.45 dist=0.54 m[0m
[01:58:22] [0m[INFO] [1779731897.858686603]: [Perception] Post 1: x=-0.30 y=-0.45 dist=0.54 m[0m
[01:58:22] [0m[INFO] [1779731898.158943158]: [Perception] Post 1: x=-0.31 y=-0.45 dist=0.54 m[0m
[01:58:22] [0m[INFO] [1779731898.508502825]: [Perception] Post 1: x=-0.30 y=-0.45 dist=0.54 m[0m
[01:58:22] [0m[INFO] [1779731898.809393489]: [Perception] Post 1: x=-0.31 y=-0.45 dist=0.54 m[0m
[01:58:22] [0m[INFO] [1779731899.158507371]: [Perception] Post 1: x=-0.31 y=-0.45 dist=0.54 m[0m
[01:58:22] [0m[INFO] [1779731899.508249649]: [Perception] Post 1: x=-0.30 y=-0.45 dist=0.54 m[0m
[01:58:22] [0m[INFO] [1779731899.808474934]: [Perception] Post 1: x=-0.30 y=-0.45 dist=0.54 m[0m
[01:58:22] [0m[INFO] [1779731900.158999878]: [Perception] Post 1: x=-0.31 y=-0.45 dist=0.54 m[0m
[01:58:22] [0m[INFO] [1779731900.507518541]: [Perception] Post 1: x=-0.31 y=-0.45 dist=0.54 m[0m
[01:58:22] [0m[INFO] [1779731900.809025611]: [Perception] Post 1: x=-0.31 y=-0.45 dist=0.54 m[0m
[01:58:22] [0m[INFO] [1779731901.158034985]: [Perception] Post 1: x=-0.31 y=-0.45 dist=0.54 m[0m
[01:58:22] [0m[INFO] [1779731901.508563186]: [Perception] Post 1: x=-0.31 y=-0.45 dist=0.54 m[0m
[01:58:22] [0m[INFO] [1779731901.857920530]: [Perception] Post 1: x=-0.30 y=-0.45 dist=0.54 m[0m
[01:58:22] [0m[INFO] [1779731902.158054177]: [Perception] Post 1: x=-0.30 y=-0.45 dist=0.54 m[0m
[01:58:38] [0m[INFO] [1779731902.458252259]: [Perception] Post 1: x=-0.31 y=-0.45 dist=0.55 m[0m
[01:58:38] [0m[INFO] [1779731902.758531001]: [Perception] Post 1: x=-0.31 y=-0.45 dist=0.54 m[0m
[01:58:38] [0m[INFO] [1779731903.108597813]: [Perception] Post 1: x=-0.31 y=-0.45 dist=0.54 m[0m
[01:58:38] [0m[INFO] [1779731903.458529663]: [Perception] Post 1: x=-0.30 y=-0.45 dist=0.54 m[0m
[01:58:38] [0m[INFO] [1779731903.759192719]: [Perception] Post 1: x=-0.30 y=-0.45 dist=0.54 m[0m
[01:58:38] [0m[INFO] [1779731904.108458139]: [Perception] Post 1: x=-0.31 y=-0.45 dist=0.54 m[0m
[01:58:38] [0m[INFO] [1779731904.459232240]: [Perception] Post 1: x=-0.30 y=-0.45 dist=0.54 m[0m
[01:58:38] [0m[INFO] [1779731904.808630997]: [Perception] Post 1: x=-0.31 y=-0.45 dist=0.54 m[0m
[01:58:38] [0m[INFO] [1779731905.109096029]: [Perception] Post 1: x=-0.30 y=-0.45 dist=0.54 m[0m
[01:58:38] [0m[INFO] [1779731905.458325216]: [Perception] Post 1: x=-0.31 y=-0.45 dist=0.55 m[0m
[01:58:38] [0m[INFO] [1779731905.758603840]: [Perception] Post 1: x=-0.30 y=-0.45 dist=0.54 m[0m
[01:58:38] [0m[INFO] [1779731906.108624760]: [Perception] Post 1: x=-0.31 y=-0.45 dist=0.54 m[0m
[01:58:38] [0m[INFO] [1779731906.458990751]: [Perception] Post 1: x=-0.31 y=-0.45 dist=0.54 m[0m
[01:58:38] [0m[INFO] [1779731906.809414511]: [Perception] Post 1: x=-0.30 y=-0.45 dist=0.54 m[0m
[01:58:38] [0m[INFO] [1779731907.158795710]: [Perception] Post 1: x=-0.31 y=-0.45 dist=0.54 m[0m
[01:58:38] [0m[INFO] [1779731907.508490856]: [Perception] Post 1: x=-0.30 y=-0.45 dist=0.54 m[0m
[01:58:38] [0m[INFO] [1779731907.808739605]: [Perception] Post 1: x=-0.31 y=-0.45 dist=0.54 m[0m
[01:58:38] [0m[INFO] [1779731908.157425730]: [Perception] Post 1: x=-0.30 y=-0.45 dist=0.54 m[0m
[01:58:38] [0m[INFO] [1779731908.458228420]: [Perception] Post 1: x=-0.30 y=-0.45 dist=0.54 m[0m
[01:58:38] [0m[INFO] [1779731908.808543143]: [Perception] Post 1: x=-0.30 y=-0.45 dist=0.54 m[0m
[01:58:38] [0m[INFO] [1779731909.159143840]: [Perception] Post 1: x=-0.30 y=-0.45 dist=0.55 m[0m
[01:58:38] [0m[INFO] [1779731909.508166250]: [Perception] Post 1: x=-0.31 y=-0.45 dist=0.54 m[0m
[01:58:38] [0m[INFO] [1779731909.857606083]: [Perception] Post 1: x=-0.30 y=-0.45 dist=0.54 m[0m
[01:58:38] [0m[INFO] [1779731910.158426846]: [Perception] Post 1: x=-0.30 y=-0.45 dist=0.54 m[0m
[01:58:38] [0m[INFO] [1779731910.459018725]: [Perception] Post 1: x=-0.31 y=-0.45 dist=0.54 m[0m
[01:58:38] [0m[INFO] [1779731910.808057633]: [Perception] Post 1: x=-0.30 y=-0.45 dist=0.54 m[0m
[01:58:38] [0m[INFO] [1779731911.157565306]: [Perception] Post 1: x=-0.31 y=-0.45 dist=0.54 m[0m
[01:58:38] [0m[INFO] [1779731911.458041862]: [Perception] Post 1: x=-0.31 y=-0.45 dist=0.55 m[0m
[01:58:38] [0m[INFO] [1779731911.808362295]: [Perception] Post 1: x=-0.30 y=-0.45 dist=0.54 m[0m
[01:58:38] [0m[INFO] [1779731912.157653301]: [Perception] Post 1: x=-0.30 y=-0.45 dist=0.54 m[0m
[01:58:38] [0m[INFO] [1779731912.507830200]: [Perception] Post 1: x=-0.31 y=-0.45 dist=0.54 m[0m
[01:58:38] [0m[INFO] [1779731912.808294711]: [Perception] Post 1: x=-0.30 y=-0.45 dist=0.54 m[0m
[01:58:38] [0m[INFO] [1779731913.109022178]: [Perception] Post 1: x=-0.30 y=-0.45 dist=0.54 m[0m
[01:58:38] [0m[INFO] [1779731913.458029577]: [Perception] Post 1: x=-0.30 y=-0.45 dist=0.54 m[0m
[01:58:38] [0m[INFO] [1779731913.758461989]: [Perception] Post 1: x=-0.30 y=-0.45 dist=0.54 m[0m
[01:58:38] [0m[INFO] [1779731914.108997664]: [Perception] Post 1: x=-0.30 y=-0.45 dist=0.54 m[0m
[01:58:38] [0m[INFO] [1779731914.458365266]: [Perception] Post 1: x=-0.30 y=-0.45 dist=0.54 m[0m
[01:58:38] [0m[INFO] [1779731914.808071520]: [Perception] Post 1: x=-0.30 y=-0.45 dist=0.54 m[0m
[01:58:38] [0m[INFO] [1779731915.108367480]: [Perception] Post 1: x=-0.31 y=-0.45 dist=0.54 m[0m
[01:58:38] [0m[INFO] [1779731915.409079068]: [Perception] Post 1: x=-0.30 y=-0.45 dist=0.54 m[0m
[01:58:38] [0m[INFO] [1779731915.757922924]: [Perception] Post 1: x=-0.30 y=-0.45 dist=0.54 m[0m
[01:58:38] [0m[INFO] [1779731916.107357398]: [Perception] Post 1: x=-0.30 y=-0.45 dist=0.54 m[0m
[01:58:38] [0m[INFO] [1779731916.408240647]: [Perception] Post 1: x=-0.31 y=-0.45 dist=0.54 m[0m
[01:58:38] [0m[INFO] [1779731916.758208807]: [Perception] Post 1: x=-0.30 y=-0.45 dist=0.54 m[0m
[01:58:38] [0m[INFO] [1779731917.108238136]: [Perception] Post 1: x=-0.30 y=-0.45 dist=0.54 m[0m
[01:58:38] [0m[INFO] [1779731917.408283368]: [Perception] Post 1: x=-0.31 y=-0.45 dist=0.54 m[0m
[01:58:38] [0m[INFO] [1779731917.757767935]: [Perception] Post 1: x=-0.30 y=-0.45 dist=0.54 m[0m
[01:58:52] [0m[INFO] [1779731918.058088442]: [Perception] Post 1: x=-0.30 y=-0.45 dist=0.54 m[0m
[01:58:52] [0m[INFO] [1779731918.359136924]: [Perception] Post 1: x=-0.30 y=-0.45 dist=0.54 m[0m
[01:58:52] [0m[INFO] [1779731918.707452398]: [Perception] Post 1: x=-0.31 y=-0.45 dist=0.54 m[0m
[01:58:52] [0m[INFO] [1779731919.007791031]: [Perception] Post 1: x=-0.31 y=-0.45 dist=0.54 m[0m
[01:58:52] [0m[INFO] [1779731919.308164004]: [Perception] Post 1: x=-0.30 y=-0.45 dist=0.54 m[0m
[01:58:52] [0m[INFO] [1779731919.657626212]: [Perception] Post 1: x=-0.31 y=-0.45 dist=0.54 m[0m
[01:58:52] [0m[INFO] [1779731919.958159963]: [Perception] Post 1: x=-0.30 y=-0.45 dist=0.54 m[0m
[01:58:52] [0m[INFO] [1779731920.308238126]: [Perception] Post 1: x=-0.30 y=-0.45 dist=0.54 m[0m
[01:58:52] [0m[INFO] [1779731920.609146816]: [Perception] Post 1: x=-0.31 y=-0.45 dist=0.55 m[0m
[01:58:52] [0m[INFO] [1779731920.958326478]: [Perception] Post 1: x=-0.31 y=-0.45 dist=0.54 m[0m
[01:58:52] [0m[INFO] [1779731921.258382074]: [Perception] Post 1: x=-0.31 y=-0.45 dist=0.55 m[0m
[01:58:52] [0m[INFO] [1779731921.558426637]: [Perception] Post 1: x=-0.31 y=-0.45 dist=0.54 m[0m
[01:58:52] [0m[INFO] [1779731921.858523848]: [Perception] Post 1: x=-0.31 y=-0.45 dist=0.54 m[0m
[01:58:52] [0m[INFO] [1779731922.158685493]: [Perception] Post 1: x=-0.31 y=-0.45 dist=0.54 m[0m
[01:58:52] [0m[INFO] [1779731922.507433203]: [Perception] Post 1: x=-0.31 y=-0.45 dist=0.55 m[0m
[01:58:52] [0m[INFO] [1779731922.808036917]: [Perception] Post 1: x=-0.31 y=-0.45 dist=0.54 m[0m
[01:58:52] [0m[INFO] [1779731923.157432608]: [Perception] Post 1: x=-0.31 y=-0.45 dist=0.54 m[0m
[01:58:52] [0m[INFO] [1779731923.458636607]: [Perception] Post 1: x=-0.31 y=-0.45 dist=0.55 m[0m
[01:58:52] [0m[INFO] [1779731923.807863158]: [Perception] Post 1: x=-0.31 y=-0.45 dist=0.54 m[0m
[01:58:52] [0m[INFO] [1779731924.108812153]: [Perception] Post 1: x=-0.31 y=-0.45 dist=0.54 m[0m
[01:58:52] [0m[INFO] [1779731924.458017314]: [Perception] Post 1: x=-0.31 y=-0.45 dist=0.54 m[0m
[01:58:52] [0m[INFO] [1779731924.758674683]: [Perception] Post 1: x=-0.31 y=-0.45 dist=0.54 m[0m
[01:58:52] [0m[INFO] [1779731925.109162989]: [Perception] Post 1: x=-0.31 y=-0.45 dist=0.55 m[0m
[01:58:52] [0m[INFO] [1779731925.458245885]: [Perception] Post 1: x=-0.30 y=-0.45 dist=0.54 m[0m
[01:58:52] [0m[INFO] [1779731925.759147680]: [Perception] Post 1: x=-0.31 y=-0.45 dist=0.55 m[0m
[01:58:52] [0m[INFO] [1779731926.108418974]: [Perception] Post 1: x=-0.30 y=-0.45 dist=0.54 m[0m
[01:58:52] [0m[INFO] [1779731926.408742981]: [Perception] Post 1: x=-0.30 y=-0.45 dist=0.54 m[0m
[01:58:52] [0m[INFO] [1779731926.757832626]: [Perception] Post 1: x=-0.31 y=-0.45 dist=0.55 m[0m
[01:58:52] [0m[INFO] [1779731927.057822517]: [Perception] Post 1: x=-0.30 y=-0.45 dist=0.54 m[0m
[01:58:52] [0m[INFO] [1779731927.357821180]: [Perception] Post 1: x=-0.30 y=-0.45 dist=0.54 m[0m
[01:58:52] [0m[INFO] [1779731927.658480763]: [Perception] Post 1: x=-0.31 y=-0.45 dist=0.54 m[0m
[01:58:52] [0m[INFO] [1779731928.008227543]: [Perception] Post 1: x=-0.31 y=-0.45 dist=0.54 m[0m
[01:58:52] [0m[INFO] [1779731928.357524327]: [Perception] Post 1: x=-0.31 y=-0.45 dist=0.54 m[0m
[01:58:52] [0m[INFO] [1779731928.657947962]: [Perception] Post 1: x=-0.31 y=-0.45 dist=0.54 m[0m
[01:58:52] [0m[INFO] [1779731929.007704151]: [Perception] Post 1: x=-0.31 y=-0.45 dist=0.54 m[0m
[01:58:52] [0m[INFO] [1779731929.357319671]: [Perception] Post 1: x=-0.31 y=-0.45 dist=0.54 m[0m
[01:58:52] [0m[INFO] [1779731929.657705688]: [Perception] Post 1: x=-0.31 y=-0.45 dist=0.54 m[0m
[01:58:52] [0m[INFO] [1779731929.957969060]: [Perception] Post 1: x=-0.30 y=-0.45 dist=0.54 m[0m
[01:58:52] [0m[INFO] [1779731930.307592473]: [Perception] Post 1: x=-0.30 y=-0.45 dist=0.54 m[0m
[01:58:52] [0m[INFO] [1779731930.608512401]: [Perception] Post 1: x=-0.31 y=-0.45 dist=0.55 m[0m
[01:58:52] [0m[INFO] [1779731930.908556026]: [Perception] Post 1: x=-0.30 y=-0.45 dist=0.54 m[0m
[01:58:52] [0m[INFO] [1779731931.257794379]: [Perception] Post 1: x=-0.30 y=-0.45 dist=0.54 m[0m
[01:58:52] [0m[INFO] [1779731931.558729440]: [Perception] Post 1: x=-0.30 y=-0.45 dist=0.54 m[0m
[01:58:52] [0m[INFO] [1779731931.908141588]: [Perception] Post 1: x=-0.31 y=-0.45 dist=0.54 m[0m
[01:58:52] [0m[INFO] [1779731932.208387027]: [Perception] Post 1: x=-0.30 y=-0.45 dist=0.54 m[0m
[01:58:52] [0m[INFO] [1779731932.557866470]: [Perception] Post 1: x=-0.31 y=-0.45 dist=0.54 m[0m
[01:59:08] [0m[INFO] [1779731932.907390709]: [Perception] Post 1: x=-0.31 y=-0.45 dist=0.54 m[0m
[01:59:08] [0m[INFO] [1779731933.207665207]: [Perception] Post 1: x=-0.30 y=-0.45 dist=0.54 m[0m
[01:59:08] [0m[INFO] [1779731933.509265133]: [Perception] Post 1: x=-0.30 y=-0.45 dist=0.54 m[0m
[01:59:08] [0m[INFO] [1779731933.859411173]: [Perception] Post 1: x=-0.31 y=-0.45 dist=0.54 m[0m
[01:59:08] [0m[INFO] [1779731934.208304548]: [Perception] Post 1: x=-0.31 y=-0.45 dist=0.54 m[0m
[01:59:08] [0m[INFO] [1779731934.558234957]: [Perception] Post 1: x=-0.30 y=-0.45 dist=0.54 m[0m
[01:59:08] [0m[INFO] [1779731934.908719101]: [Perception] Post 1: x=-0.30 y=-0.45 dist=0.54 m[0m
[01:59:08] [0m[INFO] [1779731935.209389525]: [Perception] Post 1: x=-0.31 y=-0.45 dist=0.54 m[0m
[01:59:08] [0m[INFO] [1779731935.557931643]: [Perception] Post 1: x=-0.31 y=-0.45 dist=0.54 m[0m
[01:59:08] [0m[INFO] [1779731935.858588567]: [Perception] Post 1: x=-0.31 y=-0.45 dist=0.54 m[0m
[01:59:08] [0m[INFO] [1779731936.208231674]: [Perception] Post 1: x=-0.31 y=-0.45 dist=0.54 m[0m
[01:59:08] [0m[INFO] [1779731936.558069034]: [Perception] Post 1: x=-0.30 y=-0.45 dist=0.54 m[0m
[01:59:08] [0m[INFO] [1779731936.907517791]: [Perception] Post 1: x=-0.30 y=-0.45 dist=0.54 m[0m
[01:59:08] [0m[INFO] [1779731937.208565580]: [Perception] Post 1: x=-0.30 y=-0.45 dist=0.54 m[0m
[01:59:08] [0m[INFO] [1779731937.557501575]: [Perception] Post 1: x=-0.30 y=-0.45 dist=0.54 m[0m
[01:59:08] [0m[INFO] [1779731937.858071005]: [Perception] Post 1: x=-0.31 y=-0.45 dist=0.54 m[0m
[01:59:08] [0m[INFO] [1779731938.158296874]: [Perception] Post 1: x=-0.30 y=-0.45 dist=0.54 m[0m
[01:59:08] [0m[INFO] [1779731938.507611918]: [Perception] Post 1: x=-0.30 y=-0.45 dist=0.54 m[0m
[01:59:08] [0m[INFO] [1779731938.809569879]: [Perception] Post 1: x=-0.30 y=-0.45 dist=0.54 m[0m
[01:59:08] [0m[INFO] [1779731939.157848146]: [Perception] Post 1: x=-0.30 y=-0.45 dist=0.54 m[0m
[01:59:08] [0m[INFO] [1779731939.458262933]: [Perception] Post 1: x=-0.31 y=-0.45 dist=0.55 m[0m
[01:59:08] [0m[INFO] [1779731939.759103833]: [Perception] Post 1: x=-0.30 y=-0.45 dist=0.54 m[0m
[01:59:08] [0m[INFO] [1779731940.107289086]: [Perception] Post 1: x=-0.30 y=-0.45 dist=0.54 m[0m
[01:59:08] [0m[INFO] [1779731940.407951130]: [Perception] Post 1: x=-0.31 y=-0.45 dist=0.54 m[0m
[01:59:08] [0m[INFO] [1779731940.708365037]: [Perception] Post 1: x=-0.31 y=-0.45 dist=0.54 m[0m
[01:59:08] [0m[INFO] [1779731941.008765534]: [Perception] Post 1: x=-0.31 y=-0.45 dist=0.54 m[0m
[01:59:08] [0m[INFO] [1779731941.358540369]: [Perception] Post 1: x=-0.31 y=-0.45 dist=0.54 m[0m
[01:59:08] [0m[INFO] [1779731941.708466346]: [Perception] Post 1: x=-0.30 y=-0.45 dist=0.54 m[0m
[01:59:08] [0m[INFO] [1779731942.057725023]: [Perception] Post 1: x=-0.30 y=-0.45 dist=0.54 m[0m
[01:59:08] [0m[INFO] [1779731942.407256159]: [Perception] Post 1: x=-0.30 y=-0.45 dist=0.54 m[0m
[01:59:08] [0m[INFO] [1779731942.758333970]: [Perception] Post 1: x=-0.30 y=-0.45 dist=0.54 m[0m
[01:59:08] [0m[INFO] [1779731943.107916128]: [Perception] Post 1: x=-0.30 y=-0.45 dist=0.54 m[0m
[01:59:08] [0m[INFO] [1779731943.408929480]: [Perception] Post 1: x=-0.31 y=-0.45 dist=0.54 m[0m
[01:59:08] [0m[INFO] [1779731943.709208768]: [Perception] Post 1: x=-0.31 y=-0.45 dist=0.54 m[0m
[01:59:08] [0m[INFO] [1779731944.058408465]: [Perception] Post 1: x=-0.30 y=-0.45 dist=0.54 m[0m
[01:59:08] [0m[INFO] [1779731944.358539060]: [Perception] Post 1: x=-0.30 y=-0.45 dist=0.54 m[0m
[01:59:08] [0m[INFO] [1779731944.708251973]: [Perception] Post 1: x=-0.30 y=-0.45 dist=0.54 m[0m
[01:59:08] [0m[INFO] [1779731945.058956724]: [Perception] Post 1: x=-0.30 y=-0.45 dist=0.54 m[0m
[01:59:08] [0m[INFO] [1779731945.408997530]: [Perception] Post 1: x=-0.30 y=-0.45 dist=0.54 m[0m
[01:59:08] [0m[INFO] [1779731945.757055607]: [Perception] Post 1: x=-0.31 y=-0.45 dist=0.54 m[0m
[01:59:08] [0m[INFO] [1779731946.058474317]: [Perception] Post 1: x=-0.30 y=-0.45 dist=0.54 m[0m
[01:59:08] [0m[INFO] [1779731946.408895783]: [Perception] Post 1: x=-0.31 y=-0.45 dist=0.55 m[0m
[01:59:08] [0m[INFO] [1779731946.758624382]: [Perception] Post 1: x=-0.31 y=-0.45 dist=0.55 m[0m
[01:59:08] [0m[INFO] [1779731947.058922635]: [Perception] Post 1: x=-0.31 y=-0.45 dist=0.54 m[0m
[01:59:08] [0m[INFO] [1779731947.408389782]: [Perception] Post 1: x=-0.31 y=-0.45 dist=0.54 m[0m
[01:59:08] [0m[INFO] [1779731947.708984197]: [Perception] Post 1: x=-0.31 y=-0.45 dist=0.54 m[0m
[01:59:08] [0m[INFO] [1779731948.009259281]: [Perception] Post 1: x=-0.31 y=-0.45 dist=0.54 m[0m
[01:59:23] [0m[INFO] [1779731948.358458597]: [Perception] Post 1: x=-0.31 y=-0.45 dist=0.55 m[0m
[01:59:23] [0m[INFO] [1779731948.659351536]: [Perception] Post 1: x=-0.30 y=-0.45 dist=0.54 m[0m
[01:59:23] [0m[INFO] [1779731949.007264471]: [Perception] Post 1: x=-0.31 y=-0.45 dist=0.54 m[0m
[01:59:23] [0m[INFO] [1779731949.308954695]: [Perception] Post 1: x=-0.30 y=-0.45 dist=0.54 m[0m
[01:59:23] [0m[INFO] [1779731949.658304242]: [Perception] Post 1: x=-0.30 y=-0.45 dist=0.54 m[0m
[01:59:23] [0m[INFO] [1779731950.008036554]: [Perception] Post 1: x=-0.31 y=-0.45 dist=0.54 m[0m
[01:59:23] [0m[INFO] [1779731950.308154190]: [Perception] Post 1: x=-0.30 y=-0.45 dist=0.54 m[0m
[01:59:23] [0m[INFO] [1779731950.608451040]: [Perception] Post 1: x=-0.31 y=-0.45 dist=0.54 m[0m
[01:59:23] [0m[INFO] [1779731950.957857070]: [Perception] Post 1: x=-0.30 y=-0.45 dist=0.54 m[0m
[01:59:23] [0m[INFO] [1779731951.258517441]: [Perception] Post 1: x=-0.31 y=-0.45 dist=0.54 m[0m
[01:59:23] [0m[INFO] [1779731951.558513737]: [Perception] Post 2: x=0.62 y=-0.46 dist=0.77 m[0m
[01:59:23] [0m[INFO] [1779731951.908437205]: [Perception] Post 1: x=-0.31 y=-0.45 dist=0.55 m[0m
[01:59:23] [0m[INFO] [1779731952.208983333]: [Perception] Post 1: x=-0.30 y=-0.45 dist=0.54 m[0m
[01:59:23] [0m[INFO] [1779731952.509188643]: [Perception] Post 1: x=-0.30 y=-0.45 dist=0.54 m[0m
[01:59:23] [0m[INFO] [1779731952.859068688]: [Perception] Post 1: x=-0.30 y=-0.45 dist=0.54 m[0m
[01:59:23] [0m[INFO] [1779731953.208192860]: [Perception] Post 1: x=-0.31 y=-0.45 dist=0.54 m[0m
[01:59:23] [0m[INFO] [1779731953.508498054]: [Perception] Post 1: x=-0.31 y=-0.45 dist=0.54 m[0m
[01:59:23] [0m[INFO] [1779731953.808906222]: [Perception] Post 1: x=-0.31 y=-0.45 dist=0.54 m[0m
[01:59:23] [0m[INFO] [1779731954.158230774]: [Perception] Post 1: x=-0.30 y=-0.45 dist=0.54 m[0m
[01:59:23] [0m[INFO] [1779731954.458958591]: [Perception] Post 1: x=-0.30 y=-0.45 dist=0.54 m[0m
[01:59:23] [0m[INFO] [1779731954.759090369]: [Perception] Post 1: x=-0.31 y=-0.45 dist=0.55 m[0m
[01:59:23] [0m[INFO] [1779731955.108446296]: [Perception] Post 1: x=-0.31 y=-0.45 dist=0.55 m[0m
[01:59:23] [0m[INFO] [1779731955.409182073]: [Perception] Post 1: x=-0.30 y=-0.45 dist=0.54 m[0m
[01:59:23] [0m[INFO] [1779731955.758332125]: [Perception] Post 1: x=-0.30 y=-0.45 dist=0.54 m[0m
[01:59:23] [0m[INFO] [1779731956.059027918]: [Perception] Post 1: x=-0.31 y=-0.45 dist=0.55 m[0m
[01:59:23] [0m[INFO] [1779731956.408383293]: [Perception] Post 1: x=-0.30 y=-0.45 dist=0.54 m[0m
[01:59:23] [0m[INFO] [1779731956.709137782]: [Perception] Post 1: x=-0.31 y=-0.45 dist=0.54 m[0m
[01:59:23] [0m[INFO] [1779731957.058074551]: [Perception] Post 1: x=-0.31 y=-0.45 dist=0.55 m[0m
[01:59:23] [0m[INFO] [1779731957.358163395]: [Perception] Post 1: x=-0.30 y=-0.45 dist=0.54 m[0m
[01:59:23] [0m[INFO] [1779731957.658919447]: [Perception] Post 1: x=-0.31 y=-0.45 dist=0.54 m[0m
[01:59:23] [0m[INFO] [1779731958.009111313]: [Perception] Post 1: x=-0.30 y=-0.45 dist=0.54 m[0m
[01:59:23] [0m[INFO] [1779731958.358580755]: [Perception] Post 1: x=-0.31 y=-0.45 dist=0.54 m[0m
[01:59:23] [0m[INFO] [1779731958.708947259]: [Perception] Post 1: x=-0.30 y=-0.45 dist=0.54 m[0m
[01:59:23] [0m[INFO] [1779731959.058036247]: [Perception] Post 1: x=-0.31 y=-0.45 dist=0.54 m[0m
[01:59:23] [0m[INFO] [1779731959.358965549]: [Perception] Post 1: x=-0.31 y=-0.45 dist=0.54 m[0m
[01:59:23] [0m[INFO] [1779731959.708573956]: [Perception] Post 1: x=-0.31 y=-0.45 dist=0.54 m[0m
[01:59:23] [0m[INFO] [1779731960.058038074]: [Perception] Post 1: x=-0.30 y=-0.45 dist=0.54 m[0m
[01:59:23] [0m[INFO] [1779731960.358906726]: [Perception] Post 1: x=-0.31 y=-0.45 dist=0.54 m[0m
[01:59:23] [0m[INFO] [1779731960.708336320]: [Perception] Post 1: x=-0.30 y=-0.45 dist=0.54 m[0m
[01:59:23] [0m[INFO] [1779731961.057394576]: [Perception] Post 1: x=-0.30 y=-0.45 dist=0.54 m[0m
[01:59:23] [0m[INFO] [1779731961.408394124]: [Perception] Post 1: x=-0.31 y=-0.45 dist=0.55 m[0m
[01:59:23] [0m[INFO] [1779731961.757234652]: [Perception] Post 1: x=-0.31 y=-0.45 dist=0.55 m[0m
[01:59:23] [0m[INFO] [1779731962.057366232]: [Perception] Post 1: x=-0.30 y=-0.45 dist=0.54 m[0m
[01:59:23] [0m[INFO] [1779731962.359482174]: [Perception] Post 1: x=-0.31 y=-0.45 dist=0.54 m[0m
[01:59:23] [0m[INFO] [1779731962.707656588]: [Perception] Post 1: x=-0.31 y=-0.45 dist=0.55 m[0m
[01:59:23] [0m[INFO] [1779731963.008043013]: [Perception] Post 1: x=-0.30 y=-0.45 dist=0.54 m[0m
[01:59:38] [0m[INFO] [1779731963.358417730]: [Perception] Post 1: x=-0.31 y=-0.45 dist=0.54 m[0m
[01:59:38] [0m[INFO] [1779731963.708508139]: [Perception] Post 1: x=-0.31 y=-0.45 dist=0.55 m[0m
[01:59:38] [0m[INFO] [1779731964.057373954]: [Perception] Post 1: x=-0.31 y=-0.45 dist=0.54 m[0m
[01:59:38] [0m[INFO] [1779731964.357691985]: [Perception] Post 1: x=-0.31 y=-0.45 dist=0.55 m[0m
[01:59:38] [0m[INFO] [1779731964.658488059]: [Perception] Post 1: x=-0.31 y=-0.45 dist=0.54 m[0m
[01:59:38] [0m[INFO] [1779731965.008506444]: [Perception] Post 1: x=-0.31 y=-0.45 dist=0.54 m[0m
[01:59:38] [0m[INFO] [1779731965.357965925]: [Perception] Post 1: x=-0.31 y=-0.45 dist=0.54 m[0m
[01:59:38] [0m[INFO] [1779731965.658186622]: [Perception] Post 1: x=-0.30 y=-0.45 dist=0.54 m[0m
[01:59:38] [0m[INFO] [1779731966.008137887]: [Perception] Post 1: x=-0.31 y=-0.45 dist=0.54 m[0m
[01:59:38] [0m[INFO] [1779731966.308328875]: [Perception] Post 1: x=-0.30 y=-0.45 dist=0.54 m[0m
[01:59:38] [0m[INFO] [1779731966.657922609]: [Perception] Post 1: x=-0.31 y=-0.45 dist=0.54 m[0m
[01:59:38] [0m[INFO] [1779731966.958002486]: [Perception] Post 1: x=-0.31 y=-0.45 dist=0.55 m[0m
[01:59:38] [0m[INFO] [1779731967.307598706]: [Perception] Post 1: x=-0.31 y=-0.45 dist=0.54 m[0m
[01:59:38] [0m[INFO] [1779731967.607644669]: [Perception] Post 1: x=-0.30 y=-0.45 dist=0.54 m[0m
[01:59:38] [0m[INFO] [1779731967.908118172]: [Perception] Post 1: x=-0.30 y=-0.45 dist=0.54 m[0m
[01:59:38] [0m[INFO] [1779731968.208231541]: [Perception] Post 1: x=-0.30 y=-0.45 dist=0.54 m[0m
[01:59:38] [0m[INFO] [1779731968.558381054]: [Perception] Post 1: x=-0.31 y=-0.45 dist=0.54 m[0m
[01:59:38] [0m[INFO] [1779731968.907734133]: [Perception] Post 1: x=-0.31 y=-0.45 dist=0.54 m[0m
[01:59:38] [0m[INFO] [1779731969.208066102]: [Perception] Post 1: x=-0.30 y=-0.45 dist=0.54 m[0m
[01:59:38] [0m[INFO] [1779731969.559496232]: [Perception] Post 1: x=-0.31 y=-0.45 dist=0.55 m[0m
[01:59:38] [0m[INFO] [1779731969.908352629]: [Perception] Post 1: x=-0.31 y=-0.45 dist=0.54 m[0m
[01:59:38] [0m[INFO] [1779731970.208540645]: [Perception] Post 1: x=-0.30 y=-0.45 dist=0.54 m[0m
[01:59:38] [0m[INFO] [1779731970.558635093]: [Perception] Post 1: x=-0.31 y=-0.45 dist=0.54 m[0m
[01:59:38] [0m[INFO] [1779731970.858854673]: [Perception] Post 1: x=-0.31 y=-0.45 dist=0.54 m[0m
[01:59:38] [0m[INFO] [1779731971.208069347]: [Perception] Post 1: x=-0.31 y=-0.45 dist=0.55 m[0m
[01:59:38] [0m[INFO] [1779731971.509095552]: [Perception] Post 1: x=-0.31 y=-0.45 dist=0.54 m[0m
[01:59:38] [0m[INFO] [1779731971.858476540]: [Perception] Post 1: x=-0.31 y=-0.45 dist=0.55 m[0m
[01:59:38] [0m[INFO] [1779731972.159006435]: [Perception] Post 1: x=-0.31 y=-0.45 dist=0.54 m[0m
[01:59:38] [0m[INFO] [1779731972.508016633]: [Perception] Post 1: x=-0.30 y=-0.45 dist=0.54 m[0m
[01:59:38] [0m[INFO] [1779731972.808588430]: [Perception] Post 1: x=-0.30 y=-0.45 dist=0.54 m[0m
[01:59:38] [0m[INFO] [1779731973.158978116]: [Perception] Post 1: x=-0.31 y=-0.45 dist=0.54 m[0m
[01:59:38] [0m[INFO] [1779731973.508568969]: [Perception] Post 1: x=-0.31 y=-0.45 dist=0.54 m[0m
[01:59:38] [0m[INFO] [1779731973.857731201]: [Perception] Post 1: x=-0.31 y=-0.45 dist=0.54 m[0m
[01:59:38] [0m[INFO] [1779731974.158521660]: [Perception] Post 1: x=-0.31 y=-0.45 dist=0.55 m[0m
[01:59:38] [0m[INFO] [1779731974.458918303]: [Perception] Post 1: x=-0.30 y=-0.45 dist=0.54 m[0m
[01:59:38] [0m[INFO] [1779731974.807325423]: [Perception] Post 1: x=-0.30 y=-0.45 dist=0.54 m[0m
[01:59:38] [0m[INFO] [1779731975.107452867]: [Perception] Post 1: x=-0.30 y=-0.45 dist=0.54 m[0m
[01:59:38] [0m[INFO] [1779731975.407962730]: [Perception] Post 1: x=-0.31 y=-0.45 dist=0.54 m[0m
[01:59:38] [0m[INFO] [1779731975.757794238]: [Perception] Post 1: x=-0.30 y=-0.45 dist=0.54 m[0m
[01:59:38] [0m[INFO] [1779731976.107190407]: [Perception] Post 1: x=-0.30 y=-0.45 dist=0.54 m[0m
[01:59:38] [0m[INFO] [1779731976.407320342]: [Perception] Post 1: x=-0.31 y=-0.45 dist=0.54 m[0m
[01:59:38] [0m[INFO] [1779731976.707758221]: [Perception] Post 1: x=-0.31 y=-0.45 dist=0.55 m[0m
[01:59:38] [0m[INFO] [1779731977.007970290]: [Perception] Post 1: x=-0.30 y=-0.45 dist=0.54 m[0m
[01:59:38] [0m[INFO] [1779731977.358120597]: [Perception] Post 1: x=-0.30 y=-0.45 dist=0.54 m[0m
[01:59:38] [0m[INFO] [1779731977.658177826]: [Perception] Post 1: x=-0.30 y=-0.45 dist=0.54 m[0m
[01:59:38] [0m[INFO] [1779731977.958245496]: [Perception] Post 1: x=-0.30 y=-0.45 dist=0.54 m[0m
[01:59:38] [0m[INFO] [1779731978.308525188]: [Perception] Post 1: x=-0.30 y=-0.45 dist=0.54 m[0m
[01:59:53] [0m[INFO] [1779731978.658566289]: [Perception] Post 1: x=-0.31 y=-0.45 dist=0.54 m[0m
[01:59:53] [0m[INFO] [1779731979.008728667]: [Perception] Post 1: x=-0.30 y=-0.45 dist=0.54 m[0m
[01:59:53] [0m[INFO] [1779731979.358052648]: [Perception] Post 1: x=-0.31 y=-0.45 dist=0.54 m[0m
[01:59:53] [0m[INFO] [1779731979.659007937]: [Perception] Post 1: x=-0.30 y=-0.45 dist=0.54 m[0m
[01:59:53] [0m[INFO] [1779731980.007589108]: [Perception] Post 1: x=-0.31 y=-0.45 dist=0.54 m[0m
[01:59:53] [0m[INFO] [1779731980.308389794]: [Perception] Post 1: x=-0.31 y=-0.45 dist=0.54 m[0m
[01:59:53] [0m[INFO] [1779731980.657972732]: [Perception] Post 1: x=-0.30 y=-0.45 dist=0.54 m[0m
[01:59:53] [0m[INFO] [1779731980.958207993]: [Perception] Post 1: x=-0.30 y=-0.45 dist=0.54 m[0m
[01:59:53] [0m[INFO] [1779731981.259299921]: [Perception] Post 1: x=-0.31 y=-0.45 dist=0.55 m[0m
[01:59:53] [0m[INFO] [1779731981.608511111]: [Perception] Post 1: x=-0.30 y=-0.45 dist=0.54 m[0m
[01:59:53] [0m[INFO] [1779731981.958020345]: [Perception] Post 1: x=-0.31 y=-0.45 dist=0.54 m[0m
[01:59:53] [0m[INFO] [1779731982.307682848]: [Perception] Post 1: x=-0.31 y=-0.45 dist=0.54 m[0m
[01:59:53] [0m[INFO] [1779731982.608324615]: [Perception] Post 1: x=-0.30 y=-0.45 dist=0.54 m[0m
[01:59:53] [0m[INFO] [1779731982.958452087]: [Perception] Post 1: x=-0.30 y=-0.45 dist=0.54 m[0m
[01:59:53] [0m[INFO] [1779731983.258565242]: [Perception] Post 1: x=-0.31 y=-0.45 dist=0.54 m[0m
[01:59:53] [0m[INFO] [1779731983.608607383]: [Perception] Post 1: x=-0.30 y=-0.45 dist=0.54 m[0m
[01:59:53] [0m[INFO] [1779731983.909129154]: [Perception] Post 1: x=-0.30 y=-0.45 dist=0.54 m[0m
[01:59:53] [0m[INFO] [1779731984.258677504]: [Perception] Post 1: x=-0.30 y=-0.45 dist=0.54 m[0m
[01:59:53] [0m[INFO] [1779731984.558768358]: [Perception] Post 1: x=-0.30 y=-0.45 dist=0.54 m[0m
[01:59:53] [0m[INFO] [1779731984.908845228]: [Perception] Post 1: x=-0.31 y=-0.45 dist=0.55 m[0m
[01:59:53] [0m[INFO] [1779731985.209196899]: [Perception] Post 1: x=-0.30 y=-0.45 dist=0.54 m[0m
[01:59:53] [0m[INFO] [1779731985.557917545]: [Perception] Post 1: x=-0.30 y=-0.45 dist=0.54 m[0m
[01:59:53] [0m[INFO] [1779731985.859156207]: [Perception] Post 1: x=-0.31 y=-0.45 dist=0.54 m[0m
[01:59:53] [0m[INFO] [1779731986.208193199]: [Perception] Post 1: x=-0.31 y=-0.45 dist=0.54 m[0m
[01:59:53] [0m[INFO] [1779731986.557942027]: [Perception] Post 1: x=-0.31 y=-0.45 dist=0.55 m[0m
[01:59:53] [0m[INFO] [1779731986.859201441]: [Perception] Post 1: x=-0.31 y=-0.45 dist=0.54 m[0m
[01:59:53] [0m[INFO] [1779731987.209179434]: [Perception] Post 1: x=-0.30 y=-0.45 dist=0.54 m[0m
[01:59:53] [0m[INFO] [1779731987.557642776]: [Perception] Post 1: x=-0.30 y=-0.45 dist=0.54 m[0m
[01:59:53] [0m[INFO] [1779731987.858487336]: [Perception] Post 1: x=-0.30 y=-0.45 dist=0.54 m[0m
[01:59:53] [0m[INFO] [1779731988.208318477]: [Perception] Post 1: x=-0.30 y=-0.45 dist=0.54 m[0m
[01:59:53] [0m[INFO] [1779731988.559004610]: [Perception] Post 1: x=-0.30 y=-0.45 dist=0.54 m[0m
[01:59:53] [0m[INFO] [1779731988.859049411]: [Perception] Post 1: x=-0.30 y=-0.45 dist=0.54 m[0m
[01:59:53] [0m[INFO] [1779731989.207385297]: [Perception] Post 1: x=-0.31 y=-0.45 dist=0.54 m[0m
[01:59:53] [0m[INFO] [1779731989.509181185]: [Perception] Post 1: x=-0.31 y=-0.45 dist=0.54 m[0m
[01:59:53] [0m[INFO] [1779731989.857508009]: [Perception] Post 1: x=-0.31 y=-0.45 dist=0.54 m[0m
[01:59:53] [0m[INFO] [1779731990.157785370]: [Perception] Post 1: x=-0.30 y=-0.45 dist=0.54 m[0m
[01:59:53] [0m[INFO] [1779731990.458337435]: [Perception] Post 1: x=-0.31 y=-0.45 dist=0.55 m[0m
[01:59:53] [0m[INFO] [1779731990.807444281]: [Perception] Post 1: x=-0.31 y=-0.45 dist=0.55 m[0m
[01:59:53] [0m[INFO] [1779731991.107478994]: [Perception] Post 1: x=-0.31 y=-0.45 dist=0.54 m[0m
[01:59:53] [0m[INFO] [1779731991.407917179]: [Perception] Post 1: x=-0.31 y=-0.45 dist=0.55 m[0m
[01:59:53] [0m[INFO] [1779731991.757799257]: [Perception] Post 1: x=-0.31 y=-0.45 dist=0.54 m[0m
[01:59:53] [0m[INFO] [1779731992.108513649]: [Perception] Post 1: x=-0.31 y=-0.45 dist=0.54 m[0m
[01:59:53] [0m[INFO] [1779731992.409133869]: [Perception] Post 1: x=-0.31 y=-0.45 dist=0.54 m[0m
[01:59:53] [0m[INFO] [1779731992.758296448]: [Perception] Post 1: x=-0.31 y=-0.45 dist=0.55 m[0m
[01:59:53] [0m[INFO] [1779731993.108943750]: [Perception] Post 1: x=-0.31 y=-0.45 dist=0.55 m[0m
[01:59:53] [0m[INFO] [1779731993.457397568]: [Perception] Post 1: x=-0.31 y=-0.45 dist=0.54 m[0m
[02:00:09] [0m[INFO] [1779731993.807659097]: [Perception] Post 1: x=-0.31 y=-0.45 dist=0.55 m[0m
[02:00:09] [0m[INFO] [1779731994.108008711]: [Perception] Post 1: x=-0.30 y=-0.45 dist=0.54 m[0m
[02:00:09] [0m[INFO] [1779731994.408647725]: [Perception] Post 1: x=-0.30 y=-0.45 dist=0.54 m[0m
[02:00:09] [0m[INFO] [1779731994.709231104]: [Perception] Post 1: x=-0.31 y=-0.45 dist=0.54 m[0m
[02:00:09] [0m[INFO] [1779731995.058545185]: [Perception] Post 1: x=-0.31 y=-0.45 dist=0.54 m[0m
[02:00:09] [0m[INFO] [1779731995.408105417]: [Perception] Post 1: x=-0.31 y=-0.45 dist=0.54 m[0m
[02:00:09] [0m[INFO] [1779731995.708258684]: [Perception] Post 1: x=-0.31 y=-0.45 dist=0.55 m[0m
[02:00:09] [0m[INFO] [1779731996.009206304]: [Perception] Post 1: x=-0.31 y=-0.45 dist=0.54 m[0m
[02:00:09] [0m[INFO] [1779731996.309672109]: [Perception] Post 1: x=-0.31 y=-0.45 dist=0.54 m[0m
[02:00:09] [0m[INFO] [1779731996.658516310]: [Perception] Post 1: x=-0.31 y=-0.45 dist=0.55 m[0m
[02:00:09] [0m[INFO] [1779731996.959156402]: [Perception] Post 1: x=-0.30 y=-0.45 dist=0.54 m[0m
[02:00:09] [0m[INFO] [1779731997.308198718]: [Perception] Post 1: x=-0.31 y=-0.45 dist=0.54 m[0m
[02:00:09] [0m[INFO] [1779731997.608673310]: [Perception] Post 1: x=-0.30 y=-0.45 dist=0.54 m[0m
[02:00:09] [0m[INFO] [1779731997.958142395]: [Perception] Post 1: x=-0.31 y=-0.45 dist=0.55 m[0m
[02:00:09] [0m[INFO] [1779731998.258537718]: [Perception] Post 1: x=-0.30 y=-0.45 dist=0.54 m[0m
[02:00:09] [0m[INFO] [1779731998.558944884]: [Perception] Post 1: x=-0.31 y=-0.45 dist=0.54 m[0m
[02:00:09] [0m[INFO] [1779731998.908310982]: [Perception] Post 1: x=-0.31 y=-0.45 dist=0.54 m[0m
[02:00:09] [0m[INFO] [1779731999.257672964]: [Perception] Post 1: x=-0.30 y=-0.45 dist=0.54 m[0m
[02:00:09] [0m[INFO] [1779731999.559186834]: [Perception] Post 1: x=-0.30 y=-0.45 dist=0.54 m[0m
[02:00:09] [0m[INFO] [1779731999.859281945]: [Perception] Post 1: x=-0.31 y=-0.45 dist=0.55 m[0m
[02:00:09] [0m[INFO] [1779732000.208393166]: [Perception] Post 1: x=-0.30 y=-0.45 dist=0.54 m[0m
[02:00:09] [0m[INFO] [1779732000.558510097]: [Perception] Post 1: x=-0.31 y=-0.45 dist=0.54 m[0m
[02:00:09] [0m[INFO] [1779732000.908472391]: [Perception] Post 1: x=-0.30 y=-0.45 dist=0.54 m[0m
[02:00:09] [0m[INFO] [1779732001.209213940]: [Perception] Post 1: x=-0.30 y=-0.45 dist=0.54 m[0m
[02:00:09] [0m[INFO] [1779732001.558602381]: [Perception] Post 1: x=-0.30 y=-0.45 dist=0.54 m[0m
[02:00:09] [0m[INFO] [1779732001.859247062]: [Perception] Post 1: x=-0.31 y=-0.45 dist=0.54 m[0m
[02:00:09] [0m[INFO] [1779732002.207853155]: [Perception] Post 1: x=-0.31 y=-0.45 dist=0.54 m[0m
[02:00:09] [0m[INFO] [1779732002.509108244]: [Perception] Post 1: x=-0.30 y=-0.45 dist=0.54 m[0m
[02:00:09] [0m[INFO] [1779732002.857622949]: [Perception] Post 1: x=-0.30 y=-0.45 dist=0.54 m[0m
[02:00:09] [0m[INFO] [1779732003.208393240]: [Perception] Post 1: x=-0.31 y=-0.45 dist=0.54 m[0m
[02:00:09] [0m[INFO] [1779732003.558511773]: [Perception] Post 1: x=-0.30 y=-0.45 dist=0.54 m[0m
[02:00:09] [0m[INFO] [1779732003.858887007]: [Perception] Post 1: x=-0.31 y=-0.45 dist=0.54 m[0m
[02:00:09] [0m[INFO] [1779732004.208499510]: [Perception] Post 1: x=-0.31 y=-0.45 dist=0.54 m[0m
[02:00:09] [0m[INFO] [1779732004.558800715]: [Perception] Post 1: x=-0.31 y=-0.45 dist=0.54 m[0m
[02:00:09] [0m[INFO] [1779732004.908309512]: [Perception] Post 1: x=-0.30 y=-0.45 dist=0.54 m[0m
[02:00:09] [0m[INFO] [1779732005.209245078]: [Perception] Post 1: x=-0.31 y=-0.45 dist=0.55 m[0m
[02:00:09] [0m[INFO] [1779732005.557959605]: [Perception] Post 1: x=-0.31 y=-0.45 dist=0.55 m[0m
[02:00:09] [0m[INFO] [1779732005.858922897]: [Perception] Post 1: x=-0.31 y=-0.45 dist=0.54 m[0m
[02:00:09] [0m[INFO] [1779732006.159268412]: [Perception] Post 1: x=-0.30 y=-0.45 dist=0.54 m[0m
[02:00:09] [0m[INFO] [1779732006.508428991]: [Perception] Post 1: x=-0.30 y=-0.45 dist=0.54 m[0m
[02:00:09] [0m[INFO] [1779732006.859344145]: [Perception] Post 1: x=-0.31 y=-0.45 dist=0.54 m[0m
[02:00:09] [0m[INFO] [1779732007.208045161]: [Perception] Post 1: x=-0.30 y=-0.45 dist=0.54 m[0m
[02:00:09] [0m[INFO] [1779732007.509256623]: [Perception] Post 1: x=-0.31 y=-0.45 dist=0.54 m[0m
[02:00:09] [0m[INFO] [1779732007.858468101]: [Perception] Post 1: x=-0.31 y=-0.45 dist=0.55 m[0m
[02:00:09] [0m[INFO] [1779732008.158543393]: [Perception] Post 1: x=-0.30 y=-0.45 dist=0.54 m[0m
[02:00:09] [0m[INFO] [1779732008.508032808]: [Perception] Post 1: x=-0.31 y=-0.45 dist=0.54 m[0m
[02:00:09] [0m[INFO] [1779732008.808956928]: [Perception] Post 1: x=-0.30 y=-0.45 dist=0.54 m[0m
[02:00:24] [0m[INFO] [1779732009.158375444]: [Perception] Post 1: x=-0.30 y=-0.45 dist=0.54 m[0m
[02:00:24] [0m[INFO] [1779732009.459058478]: [Perception] Post 1: x=-0.31 y=-0.45 dist=0.54 m[0m
[02:00:24] [0m[INFO] [1779732009.759177170]: [Perception] Post 1: x=-0.30 y=-0.45 dist=0.54 m[0m
[02:00:24] [0m[INFO] [1779732010.108559206]: [Perception] Post 1: x=-0.30 y=-0.45 dist=0.54 m[0m
[02:00:24] [0m[INFO] [1779732010.408702372]: [Perception] Post 1: x=-0.31 y=-0.45 dist=0.55 m[0m
[02:00:24] [0m[INFO] [1779732010.758443833]: [Perception] Post 1: x=-0.31 y=-0.45 dist=0.55 m[0m
[02:00:24] [0m[INFO] [1779732011.108175352]: [Perception] Post 1: x=-0.30 y=-0.45 dist=0.54 m[0m
[02:00:24] [0m[INFO] [1779732011.408274970]: [Perception] Post 1: x=-0.31 y=-0.45 dist=0.54 m[0m
[02:00:24] [0m[INFO] [1779732011.708472836]: [Perception] Post 1: x=-0.31 y=-0.45 dist=0.54 m[0m
[02:00:24] [0m[INFO] [1779732012.058302049]: [Perception] Post 1: x=-0.31 y=-0.45 dist=0.54 m[0m
[02:00:24] [0m[INFO] [1779732012.358354808]: [Perception] Post 1: x=-0.31 y=-0.45 dist=0.54 m[0m
[02:00:24] [0m[INFO] [1779732012.709269736]: [Perception] Post 1: x=-0.31 y=-0.45 dist=0.54 m[0m
[02:00:24] [0m[INFO] [1779732013.058223588]: [Perception] Post 1: x=-0.31 y=-0.45 dist=0.54 m[0m
[02:00:24] [0m[INFO] [1779732013.358942792]: [Perception] Post 1: x=-0.30 y=-0.45 dist=0.54 m[0m
[02:00:24] [0m[INFO] [1779732013.708301549]: [Perception] Post 1: x=-0.31 y=-0.45 dist=0.55 m[0m
[02:00:24] [0m[INFO] [1779732014.008867358]: [Perception] Post 1: x=-0.30 y=-0.45 dist=0.54 m[0m
[02:00:24] [0m[INFO] [1779732014.358186491]: [Perception] Post 1: x=-0.30 y=-0.45 dist=0.54 m[0m
[02:00:24] [0m[INFO] [1779732014.708511811]: [Perception] Post 1: x=-0.30 y=-0.45 dist=0.54 m[0m
[02:00:24] [0m[INFO] [1779732015.057678008]: [Perception] Post 1: x=-0.31 y=-0.45 dist=0.54 m[0m
[02:00:24] [0m[INFO] [1779732015.408294169]: [Perception] Post 1: x=-0.30 y=-0.45 dist=0.54 m[0m
[02:00:24] [0m[INFO] [1779732015.757294363]: [Perception] Post 1: x=-0.31 y=-0.45 dist=0.55 m[0m
[02:00:24] [0m[INFO] [1779732016.057848051]: [Perception] Post 1: x=-0.30 y=-0.45 dist=0.54 m[0m
[02:00:24] [0m[INFO] [1779732016.358432964]: [Perception] Post 1: x=-0.31 y=-0.45 dist=0.55 m[0m
[02:00:24] [0m[INFO] [1779732016.709011432]: [Perception] Post 1: x=-0.30 y=-0.45 dist=0.54 m[0m
[02:00:24] [0m[INFO] [1779732017.058348493]: [Perception] Post 1: x=-0.30 y=-0.45 dist=0.54 m[0m
[02:00:24] [0m[INFO] [1779732017.358388501]: [Perception] Post 1: x=-0.31 y=-0.45 dist=0.54 m[0m
[02:00:24] [0m[INFO] [1779732017.708202375]: [Perception] Post 1: x=-0.31 y=-0.45 dist=0.54 m[0m
[02:00:24] [0m[INFO] [1779732018.058056101]: [Perception] Post 1: x=-0.31 y=-0.45 dist=0.54 m[0m
[02:00:24] [0m[INFO] [1779732018.408007590]: [Perception] Post 1: x=-0.31 y=-0.45 dist=0.54 m[0m
[02:00:24] [0m[INFO] [1779732018.709002947]: [Perception] Post 1: x=-0.30 y=-0.45 dist=0.54 m[0m
[02:00:24] [0m[INFO] [1779732019.009619577]: [Perception] Post 1: x=-0.31 y=-0.45 dist=0.54 m[0m
[02:00:24] [0m[INFO] [1779732019.357414648]: [Perception] Post 1: x=-0.31 y=-0.45 dist=0.54 m[0m
[02:00:24] [0m[INFO] [1779732019.657985979]: [Perception] Post 1: x=-0.31 y=-0.45 dist=0.54 m[0m
[02:00:24] [0m[INFO] [1779732019.958214512]: [Perception] Post 1: x=-0.31 y=-0.45 dist=0.54 m[0m
[02:00:24] [0m[INFO] [1779732020.258280849]: [Perception] Post 1: x=-0.31 y=-0.45 dist=0.54 m[0m
[02:00:24] [0m[INFO] [1779732020.559272177]: [Perception] Post 1: x=-0.31 y=-0.45 dist=0.54 m[0m
[02:00:24] [0m[INFO] [1779732020.908605448]: [Perception] Post 1: x=-0.31 y=-0.45 dist=0.55 m[0m
[02:00:24] [0m[INFO] [1779732021.257972220]: [Perception] Post 1: x=-0.31 y=-0.45 dist=0.54 m[0m
[02:00:24] [0m[INFO] [1779732021.558005526]: [Perception] Post 1: x=-0.31 y=-0.45 dist=0.54 m[0m
[02:00:24] [0m[INFO] [1779732021.858823417]: [Perception] Post 1: x=-0.30 y=-0.45 dist=0.54 m[0m
[02:00:24] [0m[INFO] [1779732022.208049155]: [Perception] Post 1: x=-0.30 y=-0.45 dist=0.54 m[0m
[02:00:24] [0m[INFO] [1779732022.508905145]: [Perception] Post 1: x=-0.30 y=-0.45 dist=0.54 m[0m
[02:00:24] [0m[INFO] [1779732022.808991524]: [Perception] Post 1: x=-0.31 y=-0.45 dist=0.55 m[0m
[02:00:24] [0m[INFO] [1779732023.159317003]: [Perception] Post 1: x=-0.30 y=-0.45 dist=0.54 m[0m
[02:00:24] [0m[INFO] [1779732023.508662309]: [Perception] Post 1: x=-0.31 y=-0.45 dist=0.54 m[0m
[02:00:24] [0m[INFO] [1779732023.858966555]: [Perception] Post 1: x=-0.31 y=-0.45 dist=0.54 m[0m
[02:00:39] [0m[INFO] [1779732024.159092918]: [Perception] Post 1: x=-0.31 y=-0.45 dist=0.54 m[0m
[02:00:39] [0m[INFO] [1779732024.508316026]: [Perception] Post 1: x=-0.30 y=-0.45 dist=0.54 m[0m
[02:00:39] [0m[INFO] [1779732024.857946608]: [Perception] Post 1: x=-0.31 y=-0.45 dist=0.55 m[0m
[02:00:39] [0m[INFO] [1779732025.158956758]: [Perception] Post 1: x=-0.30 y=-0.45 dist=0.54 m[0m
[02:00:39] [0m[INFO] [1779732025.509402086]: [Perception] Post 1: x=-0.30 y=-0.45 dist=0.54 m[0m
[02:00:39] [0m[INFO] [1779732025.859021486]: [Perception] Post 1: x=-0.31 y=-0.45 dist=0.55 m[0m
[02:00:39] [0m[INFO] [1779732026.208318128]: [Perception] Post 1: x=-0.30 y=-0.45 dist=0.54 m[0m
[02:00:39] [0m[INFO] [1779732026.508914387]: [Perception] Post 1: x=-0.30 y=-0.45 dist=0.54 m[0m
[02:00:39] [0m[INFO] [1779732026.809053396]: [Perception] Post 1: x=-0.31 y=-0.45 dist=0.54 m[0m
[02:00:39] [0m[INFO] [1779732027.158228331]: [Perception] Post 1: x=-0.31 y=-0.45 dist=0.54 m[0m
[02:00:39] [0m[INFO] [1779732027.458466443]: [Perception] Post 1: x=-0.30 y=-0.45 dist=0.54 m[0m
[02:00:39] [0m[INFO] [1779732027.758935483]: [Perception] Post 1: x=-0.31 y=-0.45 dist=0.54 m[0m
[02:00:39] [0m[INFO] [1779732028.108290877]: [Perception] Post 1: x=-0.31 y=-0.45 dist=0.55 m[0m
[02:00:39] [0m[INFO] [1779732028.408929590]: [Perception] Post 1: x=-0.30 y=-0.45 dist=0.54 m[0m
[02:00:39] [0m[INFO] [1779732028.758127800]: [Perception] Post 1: x=-0.31 y=-0.45 dist=0.55 m[0m
[02:00:39] [0m[INFO] [1779732029.058428578]: [Perception] Post 1: x=-0.30 y=-0.45 dist=0.54 m[0m
[02:00:39] [0m[INFO] [1779732029.408465702]: [Perception] Post 1: x=-0.30 y=-0.45 dist=0.54 m[0m
[02:00:39] [0m[INFO] [1779732029.709069989]: [Perception] Post 1: x=-0.31 y=-0.45 dist=0.54 m[0m
[02:00:39] [0m[INFO] [1779732030.058405684]: [Perception] Post 1: x=-0.31 y=-0.45 dist=0.54 m[0m
[02:00:39] [0m[INFO] [1779732030.359119830]: [Perception] Post 1: x=-0.30 y=-0.45 dist=0.54 m[0m
[02:00:39] [0m[INFO] [1779732030.659178369]: [Perception] Post 1: x=-0.31 y=-0.45 dist=0.54 m[0m
[02:00:39] [0m[INFO] [1779732031.008321900]: [Perception] Post 1: x=-0.31 y=-0.45 dist=0.54 m[0m
[02:00:39] [0m[INFO] [1779732031.358047918]: [Perception] Post 1: x=-0.30 y=-0.45 dist=0.54 m[0m
[02:00:39] [0m[INFO] [1779732031.658405587]: [Perception] Post 1: x=-0.31 y=-0.45 dist=0.54 m[0m
[02:00:39] [0m[INFO] [1779732031.959090048]: [Perception] Post 1: x=-0.31 y=-0.45 dist=0.54 m[0m
[02:00:39] [0m[INFO] [1779732032.307983579]: [Perception] Post 1: x=-0.30 y=-0.45 dist=0.54 m[0m
[02:00:39] [0m[INFO] [1779732032.609037472]: [Perception] Post 1: x=-0.31 y=-0.45 dist=0.54 m[0m
[02:00:39] [0m[INFO] [1779732032.958274429]: [Perception] Post 1: x=-0.30 y=-0.45 dist=0.54 m[0m
[02:00:39] [0m[INFO] [1779732033.258620627]: [Perception] Post 1: x=-0.31 y=-0.45 dist=0.54 m[0m
[02:00:39] [0m[INFO] [1779732033.559424170]: [Perception] Post 1: x=-0.30 y=-0.45 dist=0.54 m[0m
[02:00:39] [0m[INFO] [1779732033.908478810]: [Perception] Post 1: x=-0.31 y=-0.45 dist=0.55 m[0m
[02:00:39] [0m[INFO] [1779732034.208853831]: [Perception] Post 1: x=-0.30 y=-0.45 dist=0.54 m[0m
[02:00:39] [0m[INFO] [1779732034.558524189]: [Perception] Post 1: x=-0.30 y=-0.45 dist=0.54 m[0m
[02:00:39] [0m[INFO] [1779732034.908989101]: [Perception] Post 1: x=-0.30 y=-0.45 dist=0.54 m[0m
[02:00:39] [0m[INFO] [1779732035.258477257]: [Perception] Post 1: x=-0.30 y=-0.45 dist=0.54 m[0m
[02:00:39] [0m[INFO] [1779732035.608706848]: [Perception] Post 1: x=-0.31 y=-0.45 dist=0.54 m[0m
[02:00:39] [0m[INFO] [1779732035.958332274]: [Perception] Post 1: x=-0.31 y=-0.45 dist=0.54 m[0m
[02:00:39] [0m[INFO] [1779732036.307942111]: [Perception] Post 1: x=-0.30 y=-0.45 dist=0.54 m[0m
[02:00:39] [0m[INFO] [1779732036.608668858]: [Perception] Post 1: x=-0.30 y=-0.45 dist=0.54 m[0m
[02:00:39] [0m[INFO] [1779732036.909129305]: [Perception] Post 1: x=-0.31 y=-0.45 dist=0.54 m[0m
[02:00:39] [0m[INFO] [1779732037.258417382]: [Perception] Post 1: x=-0.30 y=-0.45 dist=0.54 m[0m
[02:00:39] [0m[INFO] [1779732037.558694585]: [Perception] Post 1: x=-0.30 y=-0.45 dist=0.54 m[0m
[02:00:39] [0m[INFO] [1779732037.907985876]: [Perception] Post 1: x=-0.31 y=-0.45 dist=0.54 m[0m
[02:00:39] [0m[INFO] [1779732038.208117204]: [Perception] Post 1: x=-0.30 y=-0.45 dist=0.54 m[0m
[02:00:39] [0m[INFO] [1779732038.509010247]: [Perception] Post 1: x=-0.30 y=-0.45 dist=0.54 m[0m
[02:00:39] [0m[INFO] [1779732038.858192884]: [Perception] Post 1: x=-0.31 y=-0.45 dist=0.54 m[0m
[02:00:39] [0m[INFO] [1779732039.207614101]: [Perception] Post 1: x=-0.30 y=-0.45 dist=0.54 m[0m
[02:00:55] [0m[INFO] [1779732039.508546469]: [Perception] Post 1: x=-0.30 y=-0.45 dist=0.54 m[0m
[02:00:55] [0m[INFO] [1779732039.809117225]: [Perception] Post 1: x=-0.31 y=-0.45 dist=0.55 m[0m
[02:00:55] [0m[INFO] [1779732040.157518239]: [Perception] Post 1: x=-0.30 y=-0.45 dist=0.54 m[0m
[02:00:55] [0m[INFO] [1779732040.459067992]: [Perception] Post 1: x=-0.30 y=-0.45 dist=0.54 m[0m
[02:00:55] [0m[INFO] [1779732040.808331851]: [Perception] Post 1: x=-0.31 y=-0.45 dist=0.54 m[0m
[02:00:55] [0m[INFO] [1779732041.108980816]: [Perception] Post 1: x=-0.30 y=-0.45 dist=0.54 m[0m
[02:00:55] [0m[INFO] [1779732041.458021754]: [Perception] Post 1: x=-0.30 y=-0.45 dist=0.54 m[0m
[02:00:55] [0m[INFO] [1779732041.808550473]: [Perception] Post 1: x=-0.31 y=-0.45 dist=0.55 m[0m
[02:00:55] [0m[INFO] [1779732042.109366520]: [Perception] Post 1: x=-0.31 y=-0.45 dist=0.54 m[0m
[02:00:55] [0m[INFO] [1779732042.458487963]: [Perception] Post 1: x=-0.31 y=-0.45 dist=0.55 m[0m
[02:00:55] [0m[INFO] [1779732042.807987990]: [Perception] Post 1: x=-0.31 y=-0.45 dist=0.54 m[0m
[02:00:55] [0m[INFO] [1779732043.108432746]: [Perception] Post 1: x=-0.30 y=-0.45 dist=0.54 m[0m
[02:00:55] [0m[INFO] [1779732043.459042146]: [Perception] Post 1: x=-0.31 y=-0.45 dist=0.55 m[0m
[02:00:55] [0m[INFO] [1779732043.808581899]: [Perception] Post 1: x=-0.31 y=-0.45 dist=0.54 m[0m
[02:00:55] [0m[INFO] [1779732044.159041211]: [Perception] Post 1: x=-0.30 y=-0.45 dist=0.54 m[0m
[02:00:55] [0m[INFO] [1779732044.508776908]: [Perception] Post 1: x=-0.31 y=-0.45 dist=0.55 m[0m
[02:00:55] [0m[INFO] [1779732044.858055332]: [Perception] Post 1: x=-0.30 y=-0.45 dist=0.54 m[0m
[02:00:55] [0m[INFO] [1779732045.159062864]: [Perception] Post 1: x=-0.30 y=-0.45 dist=0.54 m[0m
[02:00:55] [0m[INFO] [1779732045.459157463]: [Perception] Post 1: x=-0.30 y=-0.45 dist=0.54 m[0m
[02:00:55] [0m[INFO] [1779732045.808204476]: [Perception] Post 1: x=-0.30 y=-0.45 dist=0.54 m[0m
[02:00:55] [0m[INFO] [1779732046.109105869]: [Perception] Post 1: x=-0.31 y=-0.45 dist=0.54 m[0m
[02:00:55] [0m[INFO] [1779732046.409144086]: [Perception] Post 1: x=-0.30 y=-0.45 dist=0.54 m[0m
[02:00:55] [0m[INFO] [1779732046.758971151]: [Perception] Post 1: x=-0.30 y=-0.45 dist=0.54 m[0m
[02:00:55] [0m[INFO] [1779732047.107831791]: [Perception] Post 1: x=-0.30 y=-0.45 dist=0.54 m[0m
[02:00:55] [0m[INFO] [1779732047.409114545]: [Perception] Post 1: x=-0.31 y=-0.45 dist=0.54 m[0m
[02:00:55] [0m[INFO] [1779732047.709263485]: [Perception] Post 1: x=-0.31 y=-0.45 dist=0.54 m[0m
[02:00:55] [0m[INFO] [1779732048.058623217]: [Perception] Post 1: x=-0.30 y=-0.45 dist=0.54 m[0m
[02:00:55] [0m[INFO] [1779732048.409159230]: [Perception] Post 1: x=-0.31 y=-0.45 dist=0.54 m[0m
[02:00:55] [0m[INFO] [1779732048.758419520]: [Perception] Post 1: x=-0.30 y=-0.45 dist=0.54 m[0m
[02:00:55] [0m[INFO] [1779732049.108707484]: [Perception] Post 1: x=-0.30 y=-0.45 dist=0.54 m[0m
[02:00:55] [0m[INFO] [1779732049.408716151]: [Perception] Post 1: x=-0.31 y=-0.45 dist=0.54 m[0m
[02:00:55] [0m[INFO] [1779732049.757630364]: [Perception] Post 1: x=-0.30 y=-0.45 dist=0.54 m[0m
[02:00:55] [0m[INFO] [1779732050.058486647]: [Perception] Post 1: x=-0.31 y=-0.45 dist=0.54 m[0m
[02:00:55] [0m[INFO] [1779732050.408317586]: [Perception] Post 1: x=-0.31 y=-0.45 dist=0.54 m[0m
[02:00:55] [0m[INFO] [1779732050.758458458]: [Perception] Post 1: x=-0.31 y=-0.45 dist=0.55 m[0m
[02:00:55] [0m[INFO] [1779732051.107712319]: [Perception] Post 1: x=-0.31 y=-0.45 dist=0.55 m[0m
[02:00:55] [0m[INFO] [1779732051.408363023]: [Perception] Post 1: x=-0.31 y=-0.45 dist=0.54 m[0m
[02:00:55] [0m[INFO] [1779732051.758054622]: [Perception] Post 1: x=-0.31 y=-0.45 dist=0.54 m[0m
[02:00:55] [0m[INFO] [1779732052.107729153]: [Perception] Post 1: x=-0.31 y=-0.45 dist=0.54 m[0m
[02:00:55] [0m[INFO] [1779732052.408851496]: [Perception] Post 1: x=-0.31 y=-0.45 dist=0.54 m[0m
[02:00:55] [0m[INFO] [1779732052.758131171]: [Perception] Post 1: x=-0.30 y=-0.45 dist=0.54 m[0m
[02:00:55] [0m[INFO] [1779732053.058747148]: [Perception] Post 1: x=-0.31 y=-0.45 dist=0.54 m[0m
[02:00:55] [0m[INFO] [1779732053.407991683]: [Perception] Post 1: x=-0.30 y=-0.45 dist=0.54 m[0m
[02:00:55] [0m[INFO] [1779732053.756940180]: [Perception] Post 1: x=-0.31 y=-0.45 dist=0.54 m[0m
[02:00:55] [0m[INFO] [1779732054.058087626]: [Perception] Post 1: x=-0.30 y=-0.45 dist=0.54 m[0m
[02:00:55] [0m[INFO] [1779732054.358820296]: [Perception] Post 1: x=-0.31 y=-0.45 dist=0.54 m[0m
[02:00:55] [0m[INFO] [1779732054.709190089]: [Perception] Post 1: x=-0.31 y=-0.45 dist=0.54 m[0m
[02:01:09] [0m[INFO] [1779732055.058842194]: [Perception] Post 1: x=-0.31 y=-0.45 dist=0.55 m[0m
[02:01:09] [0m[INFO] [1779732055.359062279]: [Perception] Post 1: x=-0.31 y=-0.45 dist=0.54 m[0m
[02:01:09] [0m[INFO] [1779732055.708007070]: [Perception] Post 1: x=-0.31 y=-0.45 dist=0.54 m[0m
[02:01:09] [0m[INFO] [1779732056.008100048]: [Perception] Post 1: x=-0.31 y=-0.45 dist=0.54 m[0m
[02:01:09] [0m[INFO] [1779732056.358565740]: [Perception] Post 1: x=-0.30 y=-0.45 dist=0.54 m[0m
[02:01:09] [0m[INFO] [1779732056.659216116]: [Perception] Post 1: x=-0.31 y=-0.45 dist=0.54 m[0m
[02:01:09] [0m[INFO] [1779732057.007748882]: [Perception] Post 1: x=-0.31 y=-0.45 dist=0.54 m[0m
[02:01:09] [0m[INFO] [1779732057.308488876]: [Perception] Post 1: x=-0.30 y=-0.45 dist=0.54 m[0m
[02:01:09] [0m[INFO] [1779732057.608541031]: [Perception] Post 1: x=-0.30 y=-0.45 dist=0.54 m[0m
[02:01:09] [0m[INFO] [1779732057.957819325]: [Perception] Post 1: x=-0.30 y=-0.45 dist=0.54 m[0m
[02:01:09] [0m[INFO] [1779732058.258252179]: [Perception] Post 1: x=-0.31 y=-0.45 dist=0.54 m[0m
[02:01:09] [0m[INFO] [1779732058.558350701]: [Perception] Post 1: x=-0.31 y=-0.45 dist=0.54 m[0m
[02:01:09] [0m[INFO] [1779732058.908607658]: [Perception] Post 1: x=-0.31 y=-0.45 dist=0.55 m[0m
[02:01:09] [0m[INFO] [1779732059.258133049]: [Perception] Post 1: x=-0.31 y=-0.45 dist=0.55 m[0m
[02:01:09] [0m[INFO] [1779732059.558514664]: [Perception] Post 1: x=-0.30 y=-0.45 dist=0.54 m[0m
[02:01:09] [0m[INFO] [1779732059.907561605]: [Perception] Post 1: x=-0.31 y=-0.45 dist=0.54 m[0m
[02:01:09] [0m[INFO] [1779732060.208163991]: [Perception] Post 1: x=-0.31 y=-0.45 dist=0.54 m[0m
[02:01:09] [0m[INFO] [1779732060.509274700]: [Perception] Post 1: x=-0.30 y=-0.45 dist=0.54 m[0m
[02:01:09] [0m[INFO] [1779732060.858014379]: [Perception] Post 1: x=-0.31 y=-0.45 dist=0.54 m[0m
[02:01:09] [0m[INFO] [1779732061.158474344]: [Perception] Post 1: x=-0.31 y=-0.45 dist=0.54 m[0m
[02:01:09] [0m[INFO] [1779732061.459449782]: [Perception] Post 1: x=-0.30 y=-0.45 dist=0.54 m[0m
[02:01:09] [0m[INFO] [1779732061.808392676]: [Perception] Post 1: x=-0.30 y=-0.45 dist=0.54 m[0m
[02:01:09] [0m[INFO] [1779732062.109234438]: [Perception] Post 1: x=-0.31 y=-0.45 dist=0.54 m[0m
[02:01:09] [0m[INFO] [1779732062.458545913]: [Perception] Post 1: x=-0.30 y=-0.45 dist=0.54 m[0m
[02:01:09] [0m[INFO] [1779732062.808883345]: [Perception] Post 1: x=-0.30 y=-0.45 dist=0.54 m[0m
[02:01:09] [0m[INFO] [1779732063.158442783]: [Perception] Post 1: x=-0.30 y=-0.45 dist=0.54 m[0m
[02:01:09] [0m[INFO] [1779732063.458768289]: [Perception] Post 1: x=-0.30 y=-0.45 dist=0.54 m[0m
[02:01:09] [0m[INFO] [1779732063.808847188]: [Perception] Post 1: x=-0.31 y=-0.45 dist=0.55 m[0m
[02:01:09] [0m[INFO] [1779732064.158152529]: [Perception] Post 1: x=-0.30 y=-0.45 dist=0.54 m[0m
[02:01:09] [0m[INFO] [1779732064.458325741]: [Perception] Post 1: x=-0.30 y=-0.45 dist=0.54 m[0m
[02:01:09] [0m[INFO] [1779732064.759203059]: [Perception] Post 1: x=-0.31 y=-0.45 dist=0.54 m[0m
[02:01:09] [0m[INFO] [1779732065.059256342]: [Perception] Post 1: x=-0.30 y=-0.45 dist=0.54 m[0m
[02:01:09] [0m[INFO] [1779732065.409412475]: [Perception] Post 1: x=-0.31 y=-0.45 dist=0.55 m[0m
[02:01:09] [0m[INFO] [1779732065.758340062]: [Perception] Post 1: x=-0.31 y=-0.45 dist=0.55 m[0m
[02:01:09] [0m[INFO] [1779732066.109231734]: [Perception] Post 1: x=-0.30 y=-0.45 dist=0.54 m[0m
[02:01:09] [0m[INFO] [1779732066.458528617]: [Perception] Post 1: x=-0.30 y=-0.45 dist=0.54 m[0m
[02:01:09] [0m[INFO] [1779732066.759141539]: [Perception] Post 1: x=-0.31 y=-0.45 dist=0.54 m[0m
[02:01:09] [0m[INFO] [1779732067.108144440]: [Perception] Post 1: x=-0.30 y=-0.45 dist=0.54 m[0m
[02:01:09] [0m[INFO] [1779732067.408196429]: [Perception] Post 1: x=-0.31 y=-0.45 dist=0.54 m[0m
[02:01:09] [0m[INFO] [1779732067.708537018]: [Perception] Post 1: x=-0.30 y=-0.45 dist=0.54 m[0m
[02:01:09] [0m[INFO] [1779732068.057352855]: [Perception] Post 1: x=-0.31 y=-0.45 dist=0.55 m[0m
[02:01:09] [0m[INFO] [1779732068.358607360]: [Perception] Post 1: x=-0.31 y=-0.45 dist=0.55 m[0m
[02:01:09] [0m[INFO] [1779732068.707642937]: [Perception] Post 1: x=-0.30 y=-0.45 dist=0.54 m[0m
[02:01:09] [0m[INFO] [1779732069.008363207]: [Perception] Post 1: x=-0.30 y=-0.45 dist=0.54 m[0m
[02:01:09] [0m[INFO] [1779732069.308437558]: [Perception] Post 1: x=-0.31 y=-0.45 dist=0.54 m[0m
[02:01:09] [0m[INFO] [1779732069.658758158]: [Perception] Post 1: x=-0.30 y=-0.45 dist=0.54 m[0m
[02:01:25] [0m[INFO] [1779732069.958794259]: [Perception] Post 1: x=-0.31 y=-0.45 dist=0.55 m[0m
[02:01:25] [0m[INFO] [1779732070.308294869]: [Perception] Post 1: x=-0.30 y=-0.45 dist=0.54 m[0m
[02:01:25] [0m[INFO] [1779732070.658663992]: [Perception] Post 1: x=-0.30 y=-0.45 dist=0.54 m[0m
[02:01:25] [0m[INFO] [1779732071.008226959]: [Perception] Post 1: x=-0.30 y=-0.45 dist=0.54 m[0m
[02:01:25] [0m[INFO] [1779732071.308772657]: [Perception] Post 1: x=-0.31 y=-0.45 dist=0.54 m[0m
[02:01:25] [0m[INFO] [1779732071.658255747]: [Perception] Post 1: x=-0.31 y=-0.45 dist=0.55 m[0m
[02:01:25] [0m[INFO] [1779732071.959118724]: [Perception] Post 1: x=-0.30 y=-0.45 dist=0.54 m[0m
[02:01:25] [0m[INFO] [1779732072.308339184]: [Perception] Post 1: x=-0.30 y=-0.45 dist=0.54 m[0m
[02:01:25] [0m[INFO] [1779732072.608840225]: [Perception] Post 1: x=-0.30 y=-0.45 dist=0.54 m[0m
[02:01:25] [0m[INFO] [1779732072.957485692]: [Perception] Post 1: x=-0.31 y=-0.45 dist=0.54 m[0m
[02:01:25] [0m[INFO] [1779732073.258226114]: [Perception] Post 1: x=-0.30 y=-0.45 dist=0.54 m[0m
[02:01:25] [0m[INFO] [1779732073.558545585]: [Perception] Post 1: x=-0.31 y=-0.45 dist=0.55 m[0m
[02:01:25] [0m[INFO] [1779732073.908399245]: [Perception] Post 1: x=-0.31 y=-0.45 dist=0.54 m[0m
[02:01:25] [0m[INFO] [1779732074.208782003]: [Perception] Post 1: x=-0.30 y=-0.45 dist=0.54 m[0m
[02:01:25] [0m[INFO] [1779732074.558513200]: [Perception] Post 1: x=-0.30 y=-0.45 dist=0.54 m[0m
[02:01:25] [0m[INFO] [1779732074.859170195]: [Perception] Post 1: x=-0.31 y=-0.45 dist=0.54 m[0m
[02:01:25] [0m[INFO] [1779732075.208010373]: [Perception] Post 1: x=-0.30 y=-0.45 dist=0.54 m[0m
[02:01:25] [0m[INFO] [1779732075.557910241]: [Perception] Post 1: x=-0.31 y=-0.45 dist=0.54 m[0m
[02:01:25] [0m[INFO] [1779732075.857999614]: [Perception] Post 1: x=-0.30 y=-0.45 dist=0.54 m[0m
[02:01:25] [0m[INFO] [1779732076.157997506]: [Perception] Post 1: x=-0.31 y=-0.45 dist=0.55 m[0m
[02:01:25] [0m[INFO] [1779732076.459049807]: [Perception] Post 1: x=-0.31 y=-0.45 dist=0.55 m[0m
[02:01:25] [0m[INFO] [1779732076.808278065]: [Perception] Post 1: x=-0.31 y=-0.45 dist=0.54 m[0m
[02:01:25] [0m[INFO] [1779732077.109334251]: [Perception] Post 1: x=-0.31 y=-0.45 dist=0.54 m[0m
[02:01:25] [0m[INFO] [1779732077.458254832]: [Perception] Post 1: x=-0.31 y=-0.45 dist=0.55 m[0m
[02:01:25] [0m[INFO] [1779732077.758438399]: [Perception] Post 1: x=-0.30 y=-0.45 dist=0.54 m[0m
[02:01:25] [0m[INFO] [1779732078.108136393]: [Perception] Post 1: x=-0.30 y=-0.45 dist=0.54 m[0m
[02:01:25] [0m[INFO] [1779732078.408314383]: [Perception] Post 1: x=-0.30 y=-0.45 dist=0.54 m[0m
[02:01:25] [0m[INFO] [1779732078.708429619]: [Perception] Post 1: x=-0.30 y=-0.45 dist=0.54 m[0m
[02:01:25] [0m[INFO] [1779732079.058071166]: [Perception] Post 1: x=-0.31 y=-0.45 dist=0.54 m[0m
[02:01:25] [0m[INFO] [1779732079.408335706]: [Perception] Post 1: x=-0.30 y=-0.45 dist=0.54 m[0m
[02:01:25] [0m[INFO] [1779732079.758350389]: [Perception] Post 1: x=-0.31 y=-0.45 dist=0.54 m[0m
[02:01:25] [0m[INFO] [1779732080.059338873]: [Perception] Post 1: x=-0.31 y=-0.45 dist=0.54 m[0m
[02:01:25] [0m[INFO] [1779732080.408293357]: [Perception] Post 1: x=-0.31 y=-0.45 dist=0.54 m[0m
[02:01:25] [0m[INFO] [1779732080.708929087]: [Perception] Post 1: x=-0.31 y=-0.45 dist=0.54 m[0m
[02:01:25] [0m[INFO] [1779732081.008967164]: [Perception] Post 1: x=-0.31 y=-0.45 dist=0.54 m[0m
[02:01:25] [0m[INFO] [1779732081.357771136]: [Perception] Post 1: x=-0.30 y=-0.45 dist=0.54 m[0m
[02:01:25] [0m[INFO] [1779732081.658897644]: [Perception] Post 1: x=-0.31 y=-0.45 dist=0.55 m[0m
[02:01:25] [0m[INFO] [1779732082.008325303]: [Perception] Post 1: x=-0.30 y=-0.45 dist=0.54 m[0m
[02:01:25] [0m[INFO] [1779732082.308575797]: [Perception] Post 1: x=-0.30 y=-0.45 dist=0.54 m[0m
[02:01:25] [0m[INFO] [1779732082.658462969]: [Perception] Post 1: x=-0.30 y=-0.45 dist=0.54 m[0m
[02:01:25] [0m[INFO] [1779732082.958991522]: [Perception] Post 1: x=-0.30 y=-0.45 dist=0.54 m[0m
[02:01:25] [0m[INFO] [1779732083.308091020]: [Perception] Post 1: x=-0.31 y=-0.45 dist=0.54 m[0m
[02:01:25] [0m[INFO] [1779732083.657971267]: [Perception] Post 1: x=-0.30 y=-0.45 dist=0.54 m[0m
[02:01:25] [0m[INFO] [1779732083.958016882]: [Perception] Post 1: x=-0.30 y=-0.45 dist=0.54 m[0m
[02:01:25] [0m[INFO] [1779732084.258478889]: [Perception] Post 1: x=-0.31 y=-0.45 dist=0.54 m[0m
[02:01:25] [0m[INFO] [1779732084.608207907]: [Perception] Post 1: x=-0.31 y=-0.45 dist=0.54 m[0m
[02:01:25] [0m[INFO] [1779732084.957692538]: [Perception] Post 1: x=-0.31 y=-0.45 dist=0.55 m[0m
[02:01:40] [0m[INFO] [1779732085.259061207]: [Perception] Post 1: x=-0.31 y=-0.45 dist=0.54 m[0m
[02:01:40] [0m[INFO] [1779732085.608263831]: [Perception] Post 1: x=-0.30 y=-0.45 dist=0.54 m[0m
[02:01:40] [0m[INFO] [1779732085.909018638]: [Perception] Post 1: x=-0.31 y=-0.45 dist=0.54 m[0m
[02:01:40] [0m[INFO] [1779732086.258469430]: [Perception] Post 1: x=-0.31 y=-0.45 dist=0.54 m[0m
[02:01:40] [0m[INFO] [1779732086.607484594]: [Perception] Post 1: x=-0.31 y=-0.45 dist=0.54 m[0m
[02:01:40] [0m[INFO] [1779732086.957842111]: [Perception] Post 1: x=-0.30 y=-0.45 dist=0.54 m[0m
[02:01:40] [0m[INFO] [1779732087.258929965]: [Perception] Post 1: x=-0.30 y=-0.45 dist=0.54 m[0m
[02:01:40] [0m[INFO] [1779732087.607496353]: [Perception] Post 1: x=-0.30 y=-0.45 dist=0.54 m[0m
[02:01:40] [0m[INFO] [1779732087.909025278]: [Perception] Post 1: x=-0.30 y=-0.45 dist=0.54 m[0m
[02:01:40] [0m[INFO] [1779732088.258099708]: [Perception] Post 1: x=-0.30 y=-0.45 dist=0.54 m[0m
[02:01:40] [0m[INFO] [1779732088.607632457]: [Perception] Post 1: x=-0.31 y=-0.45 dist=0.54 m[0m
[02:01:40] [0m[INFO] [1779732088.958258347]: [Perception] Post 1: x=-0.31 y=-0.45 dist=0.54 m[0m
[02:01:40] [0m[INFO] [1779732089.258484762]: [Perception] Post 1: x=-0.31 y=-0.45 dist=0.55 m[0m
[02:01:40] [0m[INFO] [1779732089.608142543]: [Perception] Post 1: x=-0.31 y=-0.45 dist=0.54 m[0m
[02:01:40] [0m[INFO] [1779732089.908799483]: [Perception] Post 1: x=-0.31 y=-0.45 dist=0.54 m[0m
[02:01:40] [0m[INFO] [1779732090.209253624]: [Perception] Post 1: x=-0.30 y=-0.45 dist=0.54 m[0m
[02:01:40] [0m[INFO] [1779732090.558502730]: [Perception] Post 1: x=-0.31 y=-0.45 dist=0.55 m[0m
[02:01:40] [0m[INFO] [1779732090.909294858]: [Perception] Post 1: x=-0.31 y=-0.45 dist=0.54 m[0m
[02:01:40] [0m[INFO] [1779732091.258708244]: [Perception] Post 1: x=-0.30 y=-0.45 dist=0.54 m[0m
[02:01:40] [0m[INFO] [1779732091.558947299]: [Perception] Post 1: x=-0.30 y=-0.45 dist=0.54 m[0m
[02:01:40] [0m[INFO] [1779732091.907762776]: [Perception] Post 1: x=-0.31 y=-0.45 dist=0.54 m[0m
[02:01:40] [0m[INFO] [1779732092.208467423]: [Perception] Post 1: x=-0.30 y=-0.45 dist=0.54 m[0m
[02:01:40] [0m[INFO] [1779732092.558102487]: [Perception] Post 1: x=-0.31 y=-0.45 dist=0.55 m[0m
[02:01:40] [0m[INFO] [1779732092.858993731]: [Perception] Post 1: x=-0.31 y=-0.45 dist=0.54 m[0m
[02:01:40] [0m[INFO] [1779732093.207960146]: [Perception] Post 1: x=-0.30 y=-0.45 dist=0.54 m[0m
[02:01:40] [0m[INFO] [1779732093.508858506]: [Perception] Post 1: x=-0.30 y=-0.45 dist=0.54 m[0m
[02:01:40] [0m[INFO] [1779732093.858167634]: [Perception] Post 1: x=-0.31 y=-0.45 dist=0.54 m[0m
[02:01:40] [0m[INFO] [1779732094.158301151]: [Perception] Post 1: x=-0.31 y=-0.45 dist=0.55 m[0m
[02:01:40] [0m[INFO] [1779732094.458571219]: [Perception] Post 1: x=-0.31 y=-0.45 dist=0.54 m[0m
[02:01:40] [0m[INFO] [1779732094.808528836]: [Perception] Post 1: x=-0.31 y=-0.45 dist=0.54 m[0m
[02:01:40] [0m[INFO] [1779732095.108692495]: [Perception] Post 1: x=-0.30 y=-0.45 dist=0.54 m[0m
[02:01:40] [0m[INFO] [1779732095.458536049]: [Perception] Post 1: x=-0.30 y=-0.45 dist=0.54 m[0m
[02:01:40] [0m[INFO] [1779732095.759026778]: [Perception] Post 1: x=-0.31 y=-0.45 dist=0.55 m[0m
[02:01:40] [0m[INFO] [1779732096.108271619]: [Perception] Post 1: x=-0.31 y=-0.45 dist=0.54 m[0m
[02:01:40] [0m[INFO] [1779732096.408575749]: [Perception] Post 1: x=-0.30 y=-0.45 dist=0.54 m[0m
[02:01:40] [0m[INFO] [1779732096.758154292]: [Perception] Post 1: x=-0.31 y=-0.45 dist=0.54 m[0m
[02:01:40] [0m[INFO] [1779732097.058481973]: [Perception] Post 1: x=-0.30 y=-0.45 dist=0.54 m[0m
[02:01:40] [0m[INFO] [1779732097.358571776]: [Perception] Post 1: x=-0.30 y=-0.45 dist=0.54 m[0m
[02:01:40] [0m[INFO] [1779732097.707487529]: [Perception] Post 1: x=-0.30 y=-0.45 dist=0.54 m[0m
[02:01:40] [0m[INFO] [1779732098.008734218]: [Perception] Post 1: x=-0.31 y=-0.45 dist=0.54 m[0m
[02:01:40] [0m[INFO] [1779732098.309044607]: [Perception] Post 1: x=-0.31 y=-0.45 dist=0.54 m[0m
[02:01:40] [0m[INFO] [1779732098.658958251]: [Perception] Post 1: x=-0.30 y=-0.45 dist=0.54 m[0m
[02:01:40] [0m[INFO] [1779732098.959002094]: [Perception] Post 1: x=-0.30 y=-0.45 dist=0.54 m[0m
[02:01:40] [0m[INFO] [1779732099.307328692]: [Perception] Post 1: x=-0.31 y=-0.45 dist=0.55 m[0m
[02:01:40] [0m[INFO] [1779732099.609000125]: [Perception] Post 1: x=-0.30 y=-0.45 dist=0.54 m[0m
[02:01:40] [0m[INFO] [1779732099.909117136]: [Perception] Post 1: x=-0.30 y=-0.45 dist=0.54 m[0m
[02:01:55] [0m[INFO] [1779732100.257662118]: [Perception] Post 1: x=-0.30 y=-0.45 dist=0.54 m[0m
[02:01:55] [0m[INFO] [1779732100.558209104]: [Perception] Post 1: x=-0.31 y=-0.45 dist=0.54 m[0m
[02:01:55] [0m[INFO] [1779732100.908324900]: [Perception] Post 1: x=-0.30 y=-0.45 dist=0.54 m[0m
[02:01:55] [0m[INFO] [1779732101.208942361]: [Perception] Post 1: x=-0.30 y=-0.45 dist=0.54 m[0m
[02:01:55] [0m[INFO] [1779732101.557751821]: [Perception] Post 1: x=-0.31 y=-0.45 dist=0.54 m[0m
[02:01:55] [0m[INFO] [1779732101.858625748]: [Perception] Post 1: x=-0.30 y=-0.45 dist=0.54 m[0m
[02:01:55] [0m[INFO] [1779732102.208193825]: [Perception] Post 1: x=-0.31 y=-0.45 dist=0.54 m[0m
[02:01:55] [0m[INFO] [1779732102.508962695]: [Perception] Post 1: x=-0.30 y=-0.45 dist=0.54 m[0m
[02:01:55] [0m[INFO] [1779732102.809039305]: [Perception] Post 1: x=-0.30 y=-0.45 dist=0.54 m[0m
[02:01:55] [0m[INFO] [1779732103.158234814]: [Perception] Post 1: x=-0.31 y=-0.45 dist=0.54 m[0m
[02:01:55] [0m[INFO] [1779732103.507557284]: [Perception] Post 1: x=-0.30 y=-0.45 dist=0.54 m[0m
[02:01:55] [0m[INFO] [1779732103.808321012]: [Perception] Post 1: x=-0.31 y=-0.45 dist=0.55 m[0m
[02:01:55] [0m[INFO] [1779732104.109097639]: [Perception] Post 1: x=-0.31 y=-0.45 dist=0.54 m[0m
[02:01:55] [0m[INFO] [1779732104.458313440]: [Perception] Post 1: x=-0.30 y=-0.45 dist=0.54 m[0m
[02:01:55] [0m[INFO] [1779732104.807891036]: [Perception] Post 1: x=-0.31 y=-0.45 dist=0.54 m[0m
[02:01:55] [0m[INFO] [1779732105.107987185]: [Perception] Post 1: x=-0.30 y=-0.45 dist=0.54 m[0m
[02:01:55] [0m[INFO] [1779732105.458273999]: [Perception] Post 1: x=-0.31 y=-0.45 dist=0.54 m[0m
[02:01:55] [0m[INFO] [1779732105.808085361]: [Perception] Post 1: x=-0.31 y=-0.45 dist=0.54 m[0m
[02:01:55] [0m[INFO] [1779732106.108505848]: [Perception] Post 1: x=-0.30 y=-0.45 dist=0.54 m[0m
[02:01:55] [0m[INFO] [1779732106.457646483]: [Perception] Post 1: x=-0.31 y=-0.45 dist=0.55 m[0m
[02:01:55] [0m[INFO] [1779732106.758598477]: [Perception] Post 1: x=-0.31 y=-0.45 dist=0.54 m[0m
[02:01:55] [0m[INFO] [1779732107.108037289]: [Perception] Post 1: x=-0.30 y=-0.45 dist=0.54 m[0m
[02:01:55] [0m[INFO] [1779732107.457850868]: [Perception] Post 1: x=-0.30 y=-0.45 dist=0.54 m[0m
[02:01:55] [0m[INFO] [1779732107.759447961]: [Perception] Post 1: x=-0.31 y=-0.45 dist=0.54 m[0m
[02:01:55] [0m[INFO] [1779732108.107283528]: [Perception] Post 1: x=-0.31 y=-0.45 dist=0.54 m[0m
[02:01:55] [0m[INFO] [1779732108.407784603]: [Perception] Post 1: x=-0.31 y=-0.45 dist=0.54 m[0m
[02:01:55] [0m[INFO] [1779732108.708091730]: [Perception] Post 1: x=-0.31 y=-0.45 dist=0.54 m[0m
[02:01:55] [0m[INFO] [1779732109.008531073]: [Perception] Post 1: x=-0.31 y=-0.45 dist=0.54 m[0m
[02:01:55] [0m[INFO] [1779732109.308577476]: [Perception] Post 1: x=-0.30 y=-0.45 dist=0.54 m[0m
[02:01:55] [0m[INFO] [1779732109.658573461]: [Perception] Post 1: x=-0.31 y=-0.45 dist=0.54 m[0m
[02:01:55] [0m[INFO] [1779732109.959238224]: [Perception] Post 1: x=-0.31 y=-0.45 dist=0.54 m[0m
[02:01:55] [0m[INFO] [1779732110.307993810]: [Perception] Post 1: x=-0.31 y=-0.45 dist=0.54 m[0m
[02:01:55] [0m[INFO] [1779732110.608987842]: [Perception] Post 1: x=-0.30 y=-0.45 dist=0.54 m[0m
[02:01:55] [0m[INFO] [1779732110.909126922]: [Perception] Post 1: x=-0.31 y=-0.45 dist=0.54 m[0m
[02:01:55] [0m[INFO] [1779732111.258554941]: [Perception] Post 1: x=-0.31 y=-0.45 dist=0.54 m[0m
[02:01:55] [0m[INFO] [1779732111.559155995]: [Perception] Post 1: x=-0.30 y=-0.45 dist=0.54 m[0m
[02:01:55] [0m[INFO] [1779732111.908264941]: [Perception] Post 1: x=-0.30 y=-0.45 dist=0.54 m[0m
[02:01:55] [0m[INFO] [1779732112.208917985]: [Perception] Post 1: x=-0.30 y=-0.45 dist=0.54 m[0m
[02:01:55] [0m[INFO] [1779732112.558450124]: [Perception] Post 1: x=-0.31 y=-0.45 dist=0.54 m[0m
[02:01:55] [0m[INFO] [1779732112.858997077]: [Perception] Post 1: x=-0.31 y=-0.45 dist=0.54 m[0m
[02:01:55] [0m[INFO] [1779732113.207940243]: [Perception] Post 1: x=-0.31 y=-0.45 dist=0.54 m[0m
[02:01:55] [0m[INFO] [1779732113.557377098]: [Perception] Post 1: x=-0.31 y=-0.45 dist=0.54 m[0m
[02:01:55] [0m[INFO] [1779732113.857724513]: [Perception] Post 1: x=-0.31 y=-0.45 dist=0.55 m[0m
[02:01:55] [0m[INFO] [1779732114.158480316]: [Perception] Post 1: x=-0.30 y=-0.45 dist=0.54 m[0m
[02:01:55] [0m[INFO] [1779732114.459162852]: [Perception] Post 1: x=-0.31 y=-0.45 dist=0.54 m[0m
[02:01:55] [0m[INFO] [1779732114.808614485]: [Perception] Post 1: x=-0.30 y=-0.45 dist=0.54 m[0m
[02:01:55] [0m[INFO] [1779732115.159066081]: [Perception] Post 1: x=-0.30 y=-0.45 dist=0.54 m[0m
[02:02:10] [0m[INFO] [1779732115.508500215]: [Perception] Post 1: x=-0.30 y=-0.45 dist=0.54 m[0m
[02:02:10] [0m[INFO] [1779732115.808929747]: [Perception] Post 1: x=-0.31 y=-0.45 dist=0.54 m[0m
[02:02:10] [0m[INFO] [1779732116.158263889]: [Perception] Post 1: x=-0.30 y=-0.45 dist=0.54 m[0m
[02:02:10] [0m[INFO] [1779732116.507767450]: [Perception] Post 1: x=-0.31 y=-0.45 dist=0.54 m[0m
[02:02:10] [0m[INFO] [1779732116.808514040]: [Perception] Post 1: x=-0.30 y=-0.45 dist=0.54 m[0m
[02:02:10] [0m[INFO] [1779732117.158676596]: [Perception] Post 1: x=-0.31 y=-0.45 dist=0.54 m[0m
[02:02:10] [0m[INFO] [1779732117.508067960]: [Perception] Post 1: x=-0.31 y=-0.45 dist=0.54 m[0m
[02:02:10] [0m[INFO] [1779732117.809492439]: [Perception] Post 1: x=-0.31 y=-0.45 dist=0.54 m[0m
[02:02:10] [0m[INFO] [1779732118.158155690]: [Perception] Post 1: x=-0.31 y=-0.45 dist=0.54 m[0m
[02:02:10] [0m[INFO] [1779732118.507839893]: [Perception] Post 1: x=-0.30 y=-0.45 dist=0.54 m[0m
[02:02:10] [0m[INFO] [1779732118.858272836]: [Perception] Post 1: x=-0.30 y=-0.45 dist=0.54 m[0m
[02:02:10] [0m[INFO] [1779732119.158493400]: [Perception] Post 1: x=-0.31 y=-0.45 dist=0.54 m[0m
[02:02:10] [0m[INFO] [1779732119.507612078]: [Perception] Post 1: x=-0.30 y=-0.45 dist=0.54 m[0m
[02:02:10] [0m[INFO] [1779732119.808153545]: [Perception] Post 1: x=-0.30 y=-0.45 dist=0.54 m[0m
[02:02:10] [0m[INFO] [1779732120.108538277]: [Perception] Post 1: x=-0.30 y=-0.45 dist=0.54 m[0m
[02:02:10] [0m[INFO] [1779732120.408561303]: [Perception] Post 1: x=-0.31 y=-0.45 dist=0.54 m[0m
[02:02:10] [0m[INFO] [1779732120.759100792]: [Perception] Post 1: x=-0.30 y=-0.45 dist=0.54 m[0m
[02:02:10] [0m[INFO] [1779732121.107239957]: [Perception] Post 1: x=-0.31 y=-0.45 dist=0.55 m[0m
[02:02:10] [0m[INFO] [1779732121.408550762]: [Perception] Post 1: x=-0.30 y=-0.45 dist=0.54 m[0m
[02:02:10] [0m[INFO] [1779732121.757910069]: [Perception] Post 1: x=-0.31 y=-0.45 dist=0.55 m[0m
[02:02:10] [0m[INFO] [1779732122.058760537]: [Perception] Post 1: x=-0.31 y=-0.45 dist=0.55 m[0m
[02:02:10] [0m[INFO] [1779732122.358766944]: [Perception] Post 1: x=-0.31 y=-0.45 dist=0.54 m[0m
[02:02:10] [0m[INFO] [1779732122.708459853]: [Perception] Post 1: x=-0.31 y=-0.45 dist=0.54 m[0m
[02:02:10] [0m[INFO] [1779732123.009024823]: [Perception] Post 1: x=-0.31 y=-0.45 dist=0.54 m[0m
[02:02:10] [0m[INFO] [1779732123.359089131]: [Perception] Post 1: x=-0.30 y=-0.45 dist=0.54 m[0m
[02:02:10] [0m[INFO] [1779732123.708759732]: [Perception] Post 1: x=-0.31 y=-0.45 dist=0.54 m[0m
[02:02:10] [0m[INFO] [1779732124.058478576]: [Perception] Post 1: x=-0.31 y=-0.45 dist=0.54 m[0m
[02:02:10] [0m[INFO] [1779732124.359009865]: [Perception] Post 1: x=-0.31 y=-0.45 dist=0.55 m[0m
[02:02:10] [0m[INFO] [1779732124.708300901]: [Perception] Post 1: x=-0.31 y=-0.45 dist=0.54 m[0m
[02:02:10] [0m[INFO] [1779732125.008946362]: [Perception] Post 1: x=-0.31 y=-0.45 dist=0.54 m[0m
[02:02:10] [0m[INFO] [1779732125.358782781]: [Perception] Post 1: x=-0.30 y=-0.45 dist=0.54 m[0m
[02:02:10] [0m[INFO] [1779732125.659029834]: [Perception] Post 1: x=-0.31 y=-0.45 dist=0.54 m[0m
[02:02:10] [0m[INFO] [1779732126.008552950]: [Perception] Post 1: x=-0.30 y=-0.45 dist=0.54 m[0m
[02:02:10] [0m[INFO] [1779732126.309062306]: [Perception] Post 1: x=-0.30 y=-0.45 dist=0.54 m[0m
[02:02:10] [0m[INFO] [1779732126.658037364]: [Perception] Post 1: x=-0.31 y=-0.45 dist=0.55 m[0m
[02:02:10] [0m[INFO] [1779732126.958169127]: [Perception] Post 1: x=-0.31 y=-0.45 dist=0.54 m[0m
[02:02:10] [0m[INFO] [1779732127.259299483]: [Perception] Post 1: x=-0.31 y=-0.45 dist=0.54 m[0m
[02:02:10] [0m[INFO] [1779732127.607655332]: [Perception] Post 1: x=-0.30 y=-0.45 dist=0.54 m[0m
[02:02:10] [0m[INFO] [1779732127.909155434]: [Perception] Post 1: x=-0.30 y=-0.45 dist=0.54 m[0m
[02:02:10] [0m[INFO] [1779732128.258450999]: [Perception] Post 1: x=-0.30 y=-0.45 dist=0.54 m[0m
[02:02:10] [0m[INFO] [1779732128.608432697]: [Perception] Post 1: x=-0.30 y=-0.45 dist=0.54 m[0m
[02:02:10] [0m[INFO] [1779732128.958358461]: [Perception] Post 1: x=-0.30 y=-0.45 dist=0.54 m[0m
[02:02:10] [0m[INFO] [1779732129.258401122]: [Perception] Post 1: x=-0.31 y=-0.45 dist=0.54 m[0m
[02:02:10] [0m[INFO] [1779732129.607431298]: [Perception] Post 1: x=-0.31 y=-0.45 dist=0.54 m[0m
[02:02:10] [0m[INFO] [1779732129.907737881]: [Perception] Post 1: x=-0.30 y=-0.45 dist=0.54 m[0m
[02:02:10] [0m[INFO] [1779732130.257411766]: [Perception] Post 1: x=-0.30 y=-0.45 dist=0.54 m[0m
[02:02:25] [0m[INFO] [1779732130.557903185]: [Perception] Post 1: x=-0.30 y=-0.45 dist=0.54 m[0m
[02:02:25] [0m[INFO] [1779732130.858017591]: [Perception] Post 1: x=-0.31 y=-0.45 dist=0.54 m[0m
[02:02:25] [0m[INFO] [1779732131.208436558]: [Perception] Post 1: x=-0.30 y=-0.45 dist=0.54 m[0m
[02:02:25] [0m[INFO] [1779732131.557813633]: [Perception] Post 1: x=-0.31 y=-0.45 dist=0.54 m[0m
[02:02:25] [0m[INFO] [1779732131.857957544]: [Perception] Post 1: x=-0.30 y=-0.45 dist=0.54 m[0m
[02:02:25] [0m[INFO] [1779732132.158236000]: [Perception] Post 1: x=-0.30 y=-0.45 dist=0.54 m[0m
[02:02:25] [0m[INFO] [1779732132.458645109]: [Perception] Post 1: x=-0.31 y=-0.45 dist=0.54 m[0m
[02:02:25] [0m[INFO] [1779732132.808575989]: [Perception] Post 1: x=-0.31 y=-0.45 dist=0.54 m[0m
[02:02:25] [0m[INFO] [1779732133.108777356]: [Perception] Post 1: x=-0.31 y=-0.45 dist=0.54 m[0m
[02:02:25] [0m[INFO] [1779732133.457494171]: [Perception] Post 1: x=-0.30 y=-0.45 dist=0.54 m[0m
[02:02:25] [0m[INFO] [1779732133.757792674]: [Perception] Post 1: x=-0.31 y=-0.45 dist=0.54 m[0m
[02:02:25] [0m[INFO] [1779732134.058073406]: [Perception] Post 1: x=-0.30 y=-0.45 dist=0.54 m[0m
[02:02:25] [0m[INFO] [1779732134.358082754]: [Perception] Post 1: x=-0.30 y=-0.45 dist=0.54 m[0m
[02:02:25] [0m[INFO] [1779732134.708775011]: [Perception] Post 1: x=-0.30 y=-0.45 dist=0.54 m[0m
[02:02:25] [0m[INFO] [1779732135.057455018]: [Perception] Post 1: x=-0.31 y=-0.45 dist=0.55 m[0m
[02:02:25] [0m[INFO] [1779732135.359222016]: [Perception] Post 1: x=-0.30 y=-0.45 dist=0.54 m[0m
[02:02:25] [0m[INFO] [1779732135.707332978]: [Perception] Post 1: x=-0.30 y=-0.45 dist=0.54 m[0m
[02:02:25] [0m[INFO] [1779732136.008042504]: [Perception] Post 1: x=-0.31 y=-0.45 dist=0.55 m[0m
[02:02:25] [0m[INFO] [1779732136.358418425]: [Perception] Post 1: x=-0.31 y=-0.45 dist=0.55 m[0m
[02:02:25] [0m[INFO] [1779732136.709388987]: [Perception] Post 1: x=-0.31 y=-0.45 dist=0.54 m[0m
[02:02:25] [0m[INFO] [1779732137.057910300]: [Perception] Post 1: x=-0.31 y=-0.45 dist=0.54 m[0m
[02:02:25] [0m[INFO] [1779732137.408844528]: [Perception] Post 1: x=-0.30 y=-0.45 dist=0.54 m[0m
[02:02:25] [0m[INFO] [1779732137.757559321]: [Perception] Post 1: x=-0.31 y=-0.45 dist=0.54 m[0m
[02:02:25] [0m[INFO] [1779732138.058343010]: [Perception] Post 1: x=-0.30 y=-0.45 dist=0.54 m[0m
[02:02:25] [0m[INFO] [1779732138.408823539]: [Perception] Post 1: x=-0.31 y=-0.45 dist=0.55 m[0m
[02:02:25] [0m[INFO] [1779732138.757442276]: [Perception] Post 1: x=-0.31 y=-0.45 dist=0.54 m[0m
[02:02:25] [0m[INFO] [1779732139.057496452]: [Perception] Post 1: x=-0.31 y=-0.45 dist=0.54 m[0m
[02:02:25] [0m[INFO] [1779732139.407550406]: [Perception] Post 1: x=-0.30 y=-0.45 dist=0.54 m[0m
[02:02:25] [0m[INFO] [1779732139.707747268]: [Perception] Post 1: x=-0.30 y=-0.45 dist=0.54 m[0m
[02:02:25] [0m[INFO] [1779732140.007789427]: [Perception] Post 1: x=-0.31 y=-0.45 dist=0.54 m[0m
[02:02:25] [0m[INFO] [1779732140.357531431]: [Perception] Post 1: x=-0.30 y=-0.45 dist=0.54 m[0m
[02:02:25] [0m[INFO] [1779732140.657962642]: [Perception] Post 1: x=-0.31 y=-0.45 dist=0.54 m[0m
[02:02:25] [0m[INFO] [1779732141.007217897]: [Perception] Post 1: x=-0.31 y=-0.45 dist=0.54 m[0m
[02:02:25] [0m[INFO] [1779732141.307589774]: [Perception] Post 1: x=-0.31 y=-0.45 dist=0.54 m[0m
[02:02:25] [0m[INFO] [1779732141.657645108]: [Perception] Post 1: x=-0.31 y=-0.45 dist=0.54 m[0m
[02:02:25] [0m[INFO] [1779732141.958309889]: [Perception] Post 1: x=-0.30 y=-0.45 dist=0.54 m[0m
[02:02:25] [0m[INFO] [1779732142.258617742]: [Perception] Post 1: x=-0.30 y=-0.45 dist=0.54 m[0m
[02:02:25] [0m[INFO] [1779732142.608191764]: [Perception] Post 1: x=-0.30 y=-0.45 dist=0.54 m[0m
[02:02:25] [0m[INFO] [1779732142.958197984]: [Perception] Post 1: x=-0.30 y=-0.45 dist=0.54 m[0m
[02:02:25] [0m[INFO] [1779732143.307737096]: [Perception] Post 1: x=-0.30 y=-0.45 dist=0.54 m[0m
[02:02:25] [0m[INFO] [1779732143.657641568]: [Perception] Post 1: x=-0.31 y=-0.45 dist=0.54 m[0m
[02:02:25] [0m[INFO] [1779732143.957837215]: [Perception] Post 1: x=-0.30 y=-0.45 dist=0.54 m[0m
[02:02:25] [0m[INFO] [1779732144.307952584]: [Perception] Post 1: x=-0.30 y=-0.45 dist=0.54 m[0m
[02:02:25] [0m[INFO] [1779732144.608038590]: [Perception] Post 1: x=-0.31 y=-0.45 dist=0.54 m[0m
[02:02:25] [0m[INFO] [1779732144.958276430]: [Perception] Post 1: x=-0.31 y=-0.45 dist=0.54 m[0m
[02:02:25] [0m[INFO] [1779732145.307291703]: [Perception] Post 1: x=-0.31 y=-0.45 dist=0.54 m[0m
[02:02:25] [0m[INFO] [1779732145.607695730]: [Perception] Post 1: x=-0.30 y=-0.45 dist=0.54 m[0m
[02:02:41] [0m[INFO] [1779732145.909190169]: [Perception] Post 1: x=-0.30 y=-0.45 dist=0.54 m[0m
[02:02:41] [0m[INFO] [1779732146.258444571]: [Perception] Post 1: x=-0.30 y=-0.45 dist=0.54 m[0m
[02:02:41] [0m[INFO] [1779732146.558534271]: [Perception] Post 1: x=-0.31 y=-0.45 dist=0.54 m[0m
[02:02:41] [0m[INFO] [1779732146.907434625]: [Perception] Post 1: x=-0.31 y=-0.45 dist=0.55 m[0m
[02:02:41] [0m[INFO] [1779732147.208012028]: [Perception] Post 1: x=-0.30 y=-0.45 dist=0.54 m[0m
[02:02:41] [0m[INFO] [1779732147.558622343]: [Perception] Post 1: x=-0.31 y=-0.45 dist=0.55 m[0m
[02:02:41] [0m[INFO] [1779732147.909244179]: [Perception] Post 1: x=-0.30 y=-0.45 dist=0.54 m[0m
[02:02:41] [0m[INFO] [1779732148.258493547]: [Perception] Post 1: x=-0.31 y=-0.45 dist=0.54 m[0m
[02:02:41] [0m[INFO] [1779732148.607477923]: [Perception] Post 1: x=-0.31 y=-0.45 dist=0.54 m[0m
[02:02:41] [0m[INFO] [1779732148.908031697]: [Perception] Post 1: x=-0.31 y=-0.45 dist=0.54 m[0m
[02:02:41] [0m[INFO] [1779732149.208312968]: [Perception] Post 1: x=-0.31 y=-0.45 dist=0.54 m[0m
[02:02:41] [0m[INFO] [1779732149.508421567]: [Perception] Post 1: x=-0.31 y=-0.45 dist=0.54 m[0m
[02:02:41] [0m[INFO] [1779732149.857966533]: [Perception] Post 1: x=-0.30 y=-0.45 dist=0.54 m[0m
[02:02:41] [0m[INFO] [1779732150.207437196]: [Perception] Post 1: x=-0.31 y=-0.45 dist=0.54 m[0m
[02:02:41] [0m[INFO] [1779732150.508180118]: [Perception] Post 1: x=-0.31 y=-0.45 dist=0.54 m[0m
[02:02:41] [0m[INFO] [1779732150.857916612]: [Perception] Post 1: x=-0.31 y=-0.45 dist=0.54 m[0m
[02:02:41] [0m[INFO] [1779732151.209170883]: [Perception] Post 1: x=-0.30 y=-0.45 dist=0.54 m[0m
[02:02:41] [0m[INFO] [1779732151.557681233]: [Perception] Post 1: x=-0.30 y=-0.45 dist=0.54 m[0m
[02:02:41] [0m[INFO] [1779732151.859259129]: [Perception] Post 1: x=-0.30 y=-0.45 dist=0.54 m[0m
[02:02:41] [0m[INFO] [1779732152.207707798]: [Perception] Post 1: x=-0.31 y=-0.45 dist=0.54 m[0m
[02:02:41] [0m[INFO] [1779732152.508336618]: [Perception] Post 1: x=-0.30 y=-0.45 dist=0.54 m[0m
[02:02:41] [0m[INFO] [1779732152.858620314]: [Perception] Post 1: x=-0.31 y=-0.45 dist=0.54 m[0m
[02:02:41] [0m[INFO] [1779732153.208178297]: [Perception] Post 1: x=-0.30 y=-0.45 dist=0.54 m[0m
[02:02:41] [0m[INFO] [1779732153.509227101]: [Perception] Post 1: x=-0.31 y=-0.45 dist=0.55 m[0m
[02:02:41] [0m[INFO] [1779732153.859203537]: [Perception] Post 1: x=-0.30 y=-0.45 dist=0.54 m[0m
[02:02:41] [0m[INFO] [1779732154.159271428]: [Perception] Post 1: x=-0.30 y=-0.45 dist=0.54 m[0m
[02:02:41] [0m[INFO] [1779732154.507463136]: [Perception] Post 1: x=-0.30 y=-0.45 dist=0.54 m[0m
[02:02:41] [0m[INFO] [1779732154.807954551]: [Perception] Post 1: x=-0.30 y=-0.45 dist=0.54 m[0m
[02:02:41] [0m[INFO] [1779732155.108017688]: [Perception] Post 1: x=-0.30 y=-0.45 dist=0.54 m[0m
[02:02:41] [0m[INFO] [1779732155.458641710]: [Perception] Post 1: x=-0.31 y=-0.45 dist=0.54 m[0m
[02:02:41] [0m[INFO] [1779732155.807714291]: [Perception] Post 1: x=-0.31 y=-0.45 dist=0.54 m[0m
[02:02:41] [0m[INFO] [1779732156.157539991]: [Perception] Post 1: x=-0.30 y=-0.45 dist=0.54 m[0m
[02:02:41] [0m[INFO] [1779732156.457903695]: [Perception] Post 1: x=-0.31 y=-0.45 dist=0.54 m[0m
[02:02:41] [0m[INFO] [1779732156.807583637]: [Perception] Post 1: x=-0.31 y=-0.45 dist=0.54 m[0m
[02:02:41] [0m[INFO] [1779732157.108413371]: [Perception] Post 1: x=-0.31 y=-0.45 dist=0.55 m[0m
[02:02:41] [0m[INFO] [1779732157.457641675]: [Perception] Post 1: x=-0.31 y=-0.45 dist=0.54 m[0m
[02:02:41] [0m[INFO] [1779732157.757918208]: [Perception] Post 1: x=-0.31 y=-0.45 dist=0.54 m[0m
[02:02:41] [0m[INFO] [1779732158.057929065]: [Perception] Post 1: x=-0.31 y=-0.45 dist=0.55 m[0m
[02:02:41] [0m[INFO] [1779732158.408765107]: [Perception] Post 1: x=-0.31 y=-0.45 dist=0.54 m[0m
[02:02:41] [0m[INFO] [1779732158.757923255]: [Perception] Post 1: x=-0.31 y=-0.45 dist=0.54 m[0m
[02:02:41] [0m[INFO] [1779732159.058701292]: [Perception] Post 1: x=-0.30 y=-0.45 dist=0.54 m[0m
[02:02:41] [0m[INFO] [1779732159.409214286]: [Perception] Post 1: x=-0.30 y=-0.45 dist=0.54 m[0m
[02:02:41] [0m[INFO] [1779732159.757698701]: [Perception] Post 1: x=-0.31 y=-0.45 dist=0.55 m[0m
[02:02:41] [0m[INFO] [1779732160.059220368]: [Perception] Post 1: x=-0.30 y=-0.45 dist=0.54 m[0m
[02:02:41] [0m[INFO] [1779732160.408729352]: [Perception] Post 1: x=-0.31 y=-0.45 dist=0.55 m[0m
[02:02:41] [0m[INFO] [1779732160.708837721]: [Perception] Post 1: x=-0.30 y=-0.45 dist=0.54 m[0m
[02:02:56] [0m[INFO] [1779732161.058294134]: [Perception] Post 1: x=-0.30 y=-0.45 dist=0.54 m[0m
[02:02:56] [0m[INFO] [1779732161.358991197]: [Perception] Post 1: x=-0.30 y=-0.45 dist=0.54 m[0m
[02:02:56] [0m[INFO] [1779732161.707930737]: [Perception] Post 1: x=-0.30 y=-0.45 dist=0.54 m[0m
[02:02:56] [0m[INFO] [1779732162.057047463]: [Perception] Post 1: x=-0.30 y=-0.45 dist=0.54 m[0m
[02:02:56] [0m[INFO] [1779732162.358047891]: [Perception] Post 1: x=-0.30 y=-0.45 dist=0.54 m[0m
[02:02:56] [0m[INFO] [1779732162.707511508]: [Perception] Post 1: x=-0.30 y=-0.45 dist=0.54 m[0m
[02:02:56] [0m[INFO] [1779732163.008128302]: [Perception] Post 1: x=-0.30 y=-0.45 dist=0.54 m[0m
[02:02:56] [0m[INFO] [1779732163.308147327]: [Perception] Post 1: x=-0.30 y=-0.45 dist=0.54 m[0m
[02:02:56] [0m[INFO] [1779732163.657696079]: [Perception] Post 1: x=-0.31 y=-0.45 dist=0.54 m[0m
[02:02:56] [0m[INFO] [1779732163.957966345]: [Perception] Post 1: x=-0.31 y=-0.45 dist=0.54 m[0m
[02:02:56] [0m[INFO] [1779732164.258842746]: [Perception] Post 1: x=-0.31 y=-0.45 dist=0.54 m[0m
[02:02:56] [0m[INFO] [1779732164.608240500]: [Perception] Post 1: x=-0.31 y=-0.45 dist=0.54 m[0m
[02:02:56] [0m[INFO] [1779732164.908439410]: [Perception] Post 1: x=-0.31 y=-0.45 dist=0.54 m[0m
[02:02:56] [0m[INFO] [1779732165.209048860]: [Perception] Post 1: x=-0.31 y=-0.45 dist=0.54 m[0m
[02:02:56] [0m[INFO] [1779732165.559301005]: [Perception] Post 1: x=-0.31 y=-0.45 dist=0.54 m[0m
[02:02:56] [0m[INFO] [1779732165.859341189]: [Perception] Post 1: x=-0.31 y=-0.45 dist=0.55 m[0m
[02:02:56] [0m[INFO] [1779732166.208084045]: [Perception] Post 1: x=-0.30 y=-0.45 dist=0.54 m[0m
[02:02:56] [0m[INFO] [1779732166.559116228]: [Perception] Post 1: x=-0.30 y=-0.45 dist=0.54 m[0m
[02:02:56] [0m[INFO] [1779732166.908933222]: [Perception] Post 1: x=-0.31 y=-0.45 dist=0.55 m[0m
[02:02:56] [0m[INFO] [1779732167.258036491]: [Perception] Post 1: x=-0.31 y=-0.45 dist=0.54 m[0m
[02:02:56] [0m[INFO] [1779732167.558497488]: [Perception] Post 1: x=-0.31 y=-0.45 dist=0.54 m[0m
[02:02:56] [0m[INFO] [1779732167.907895572]: [Perception] Post 1: x=-0.30 y=-0.45 dist=0.54 m[0m
[02:02:56] [0m[INFO] [1779732168.208671404]: [Perception] Post 1: x=-0.31 y=-0.45 dist=0.54 m[0m
[02:02:56] [0m[INFO] [1779732168.557553988]: [Perception] Post 1: x=-0.31 y=-0.45 dist=0.54 m[0m
[02:02:56] [0m[INFO] [1779732168.859056741]: [Perception] Post 1: x=-0.31 y=-0.45 dist=0.54 m[0m
[02:02:56] [0m[INFO] [1779732169.208257067]: [Perception] Post 1: x=-0.30 y=-0.45 dist=0.54 m[0m
[02:02:56] [0m[INFO] [1779732169.508550363]: [Perception] Post 1: x=-0.30 y=-0.45 dist=0.54 m[0m
[02:02:56] [0m[INFO] [1779732169.857612188]: [Perception] Post 1: x=-0.31 y=-0.45 dist=0.54 m[0m
[02:02:56] [0m[INFO] [1779732170.158555808]: [Perception] Post 1: x=-0.30 y=-0.45 dist=0.54 m[0m
[02:02:56] [0m[INFO] [1779732170.458924033]: [Perception] Post 1: x=-0.30 y=-0.45 dist=0.54 m[0m
[02:02:56] [0m[INFO] [1779732170.807801693]: [Perception] Post 1: x=-0.30 y=-0.45 dist=0.54 m[0m
[02:02:56] [0m[INFO] [1779732171.108434061]: [Perception] Post 1: x=-0.30 y=-0.45 dist=0.54 m[0m
[02:02:56] [0m[INFO] [1779732171.409128113]: [Perception] Post 1: x=-0.31 y=-0.45 dist=0.54 m[0m
[02:02:56] [0m[INFO] [1779732171.758147212]: [Perception] Post 1: x=-0.30 y=-0.45 dist=0.54 m[0m
[02:02:56] [0m[INFO] [1779732172.058538795]: [Perception] Post 1: x=-0.31 y=-0.45 dist=0.54 m[0m
[02:02:56] [0m[INFO] [1779732172.407933242]: [Perception] Post 1: x=-0.31 y=-0.45 dist=0.54 m[0m
[02:02:56] [0m[INFO] [1779732172.708952191]: [Perception] Post 1: x=-0.31 y=-0.45 dist=0.54 m[0m
[02:02:56] [0m[INFO] [1779732173.009035920]: [Perception] Post 1: x=-0.31 y=-0.45 dist=0.54 m[0m
[02:02:56] [0m[INFO] [1779732173.357178920]: [Perception] Post 1: x=-0.30 y=-0.45 dist=0.54 m[0m
[02:02:56] [0m[INFO] [1779732173.707174076]: [Perception] Post 1: x=-0.31 y=-0.45 dist=0.54 m[0m
[02:02:56] [0m[INFO] [1779732174.008372108]: [Perception] Post 1: x=-0.30 y=-0.45 dist=0.54 m[0m
[02:02:56] [0m[INFO] [1779732174.358905983]: [Perception] Post 1: x=-0.31 y=-0.45 dist=0.55 m[0m
[02:02:56] [0m[INFO] [1779732174.708995838]: [Perception] Post 1: x=-0.31 y=-0.45 dist=0.54 m[0m
[02:02:56] [0m[INFO] [1779732175.058991393]: [Perception] Post 1: x=-0.30 y=-0.45 dist=0.54 m[0m
[02:02:56] [0m[INFO] [1779732175.408642781]: [Perception] Post 1: x=-0.31 y=-0.45 dist=0.54 m[0m
[02:02:56] [0m[INFO] [1779732175.757973133]: [Perception] Post 1: x=-0.30 y=-0.45 dist=0.54 m[0m
[02:02:56] [0m[INFO] [1779732176.057991948]: [Perception] Post 1: x=-0.30 y=-0.45 dist=0.54 m[0m
[02:03:11] [0m[INFO] [1779732176.359029538]: [Perception] Post 1: x=-0.30 y=-0.45 dist=0.54 m[0m
[02:03:11] [0m[INFO] [1779732176.708495446]: [Perception] Post 1: x=-0.31 y=-0.45 dist=0.54 m[0m
[02:03:11] [0m[INFO] [1779732177.008580376]: [Perception] Post 1: x=-0.31 y=-0.45 dist=0.54 m[0m
[02:03:11] [0m[INFO] [1779732177.309493922]: [Perception] Post 1: x=-0.31 y=-0.45 dist=0.55 m[0m
[02:03:11] [0m[INFO] [1779732177.658682963]: [Perception] Post 1: x=-0.30 y=-0.45 dist=0.54 m[0m
[02:03:11] [0m[INFO] [1779732178.008647205]: [Perception] Post 1: x=-0.31 y=-0.45 dist=0.54 m[0m
[02:03:11] [0m[INFO] [1779732178.358279467]: [Perception] Post 1: x=-0.31 y=-0.45 dist=0.54 m[0m
[02:03:11] [0m[INFO] [1779732178.659097233]: [Perception] Post 1: x=-0.31 y=-0.45 dist=0.54 m[0m
[02:03:11] [0m[INFO] [1779732179.008245244]: [Perception] Post 1: x=-0.31 y=-0.45 dist=0.54 m[0m
[02:03:11] [0m[INFO] [1779732179.309031229]: [Perception] Post 1: x=-0.31 y=-0.45 dist=0.54 m[0m
[02:03:11] [0m[INFO] [1779732179.658563552]: [Perception] Post 1: x=-0.31 y=-0.45 dist=0.54 m[0m
[02:03:11] [0m[INFO] [1779732179.959143074]: [Perception] Post 1: x=-0.30 y=-0.45 dist=0.54 m[0m
[02:03:11] [0m[INFO] [1779732180.308005322]: [Perception] Post 1: x=-0.31 y=-0.45 dist=0.54 m[0m
[02:03:11] [0m[INFO] [1779732180.608296871]: [Perception] Post 1: x=-0.30 y=-0.45 dist=0.54 m[0m
[02:03:11] [0m[INFO] [1779732180.958395036]: [Perception] Post 1: x=-0.30 y=-0.45 dist=0.54 m[0m
[02:03:11] [0m[INFO] [1779732181.307588282]: [Perception] Post 1: x=-0.30 y=-0.45 dist=0.54 m[0m
[02:03:11] [0m[INFO] [1779732181.609088613]: [Perception] Post 1: x=-0.30 y=-0.45 dist=0.54 m[0m
[02:03:11] [0m[INFO] [1779732181.958704936]: [Perception] Post 1: x=-0.30 y=-0.45 dist=0.54 m[0m
[02:03:11] [0m[INFO] [1779732182.308027672]: [Perception] Post 1: x=-0.31 y=-0.45 dist=0.54 m[0m
[02:03:11] [0m[INFO] [1779732182.608515444]: [Perception] Post 1: x=-0.31 y=-0.45 dist=0.54 m[0m
[02:03:11] [0m[INFO] [1779732182.908555334]: [Perception] Post 1: x=-0.30 y=-0.45 dist=0.54 m[0m
[02:03:11] [0m[INFO] [1779732183.258382354]: [Perception] Post 1: x=-0.31 y=-0.45 dist=0.55 m[0m
[02:03:11] [0m[INFO] [1779732183.607982046]: [Perception] Post 1: x=-0.30 y=-0.45 dist=0.54 m[0m
[02:03:11] [0m[INFO] [1779732183.957785927]: [Perception] Post 1: x=-0.30 y=-0.45 dist=0.54 m[0m
[02:03:11] [0m[INFO] [1779732184.307980050]: [Perception] Post 1: x=-0.31 y=-0.45 dist=0.54 m[0m
[02:03:11] [0m[INFO] [1779732184.608449110]: [Perception] Post 1: x=-0.30 y=-0.45 dist=0.54 m[0m
[02:03:11] [0m[INFO] [1779732184.908902817]: [Perception] Post 1: x=-0.30 y=-0.45 dist=0.54 m[0m
[02:03:11] [0m[INFO] [1779732185.258330639]: [Perception] Post 1: x=-0.30 y=-0.45 dist=0.54 m[0m
[02:03:11] [0m[INFO] [1779732185.607974843]: [Perception] Post 1: x=-0.31 y=-0.45 dist=0.54 m[0m
[02:03:11] [0m[INFO] [1779732185.957780534]: [Perception] Post 1: x=-0.30 y=-0.45 dist=0.54 m[0m
[02:03:11] [0m[INFO] [1779732186.308292238]: [Perception] Post 1: x=-0.30 y=-0.45 dist=0.54 m[0m
[02:03:11] [0m[INFO] [1779732186.657622877]: [Perception] Post 1: x=-0.30 y=-0.45 dist=0.54 m[0m
[02:03:11] [0m[INFO] [1779732186.958820927]: [Perception] Post 1: x=-0.31 y=-0.45 dist=0.55 m[0m
[02:03:11] [0m[INFO] [1779732187.308504506]: [Perception] Post 1: x=-0.31 y=-0.45 dist=0.55 m[0m
[02:03:11] [0m[INFO] [1779732187.608534524]: [Perception] Post 1: x=-0.31 y=-0.45 dist=0.54 m[0m
[02:03:11] [0m[INFO] [1779732187.958183765]: [Perception] Post 1: x=-0.30 y=-0.45 dist=0.54 m[0m
[02:03:11] [0m[INFO] [1779732188.258199487]: [Perception] Post 1: x=-0.30 y=-0.45 dist=0.54 m[0m
[02:03:11] [0m[INFO] [1779732188.608016047]: [Perception] Post 1: x=-0.30 y=-0.45 dist=0.54 m[0m
[02:03:11] [0m[INFO] [1779732188.909101348]: [Perception] Post 1: x=-0.30 y=-0.45 dist=0.54 m[0m
[02:03:11] [0m[INFO] [1779732189.257727303]: [Perception] Post 1: x=-0.30 y=-0.45 dist=0.54 m[0m
[02:03:11] [0m[INFO] [1779732189.558256444]: [Perception] Post 1: x=-0.30 y=-0.45 dist=0.54 m[0m
[02:03:11] [0m[INFO] [1779732189.858948148]: [Perception] Post 1: x=-0.30 y=-0.45 dist=0.54 m[0m
[02:03:11] [0m[INFO] [1779732190.208499764]: [Perception] Post 1: x=-0.30 y=-0.45 dist=0.54 m[0m
[02:03:11] [0m[INFO] [1779732190.508643625]: [Perception] Post 1: x=-0.31 y=-0.45 dist=0.54 m[0m
[02:03:11] [0m[INFO] [1779732190.809037755]: [Perception] Post 1: x=-0.31 y=-0.45 dist=0.55 m[0m
[02:03:11] [0m[INFO] [1779732191.158259056]: [Perception] Post 1: x=-0.30 y=-0.45 dist=0.54 m[0m
[02:03:26] [0m[INFO] [1779732191.458495154]: [Perception] Post 1: x=-0.31 y=-0.45 dist=0.55 m[0m
[02:03:26] [0m[INFO] [1779732191.808765899]: [Perception] Post 1: x=-0.31 y=-0.45 dist=0.54 m[0m
[02:03:26] [0m[INFO] [1779732192.109075392]: [Perception] Post 1: x=-0.31 y=-0.45 dist=0.55 m[0m
[02:03:26] [0m[INFO] [1779732192.458186335]: [Perception] Post 1: x=-0.30 y=-0.45 dist=0.54 m[0m
[02:03:26] [0m[INFO] [1779732192.807730909]: [Perception] Post 1: x=-0.30 y=-0.45 dist=0.54 m[0m
[02:03:26] [0m[INFO] [1779732193.107991393]: [Perception] Post 1: x=-0.31 y=-0.45 dist=0.54 m[0m
[02:03:26] [0m[INFO] [1779732193.408186828]: [Perception] Post 1: x=-0.31 y=-0.45 dist=0.55 m[0m
[02:03:26] [0m[INFO] [1779732193.757374458]: [Perception] Post 1: x=-0.30 y=-0.45 dist=0.54 m[0m
[02:03:26] [0m[INFO] [1779732194.058058993]: [Perception] Post 1: x=-0.31 y=-0.45 dist=0.54 m[0m
[02:03:26] [0m[INFO] [1779732194.358206973]: [Perception] Post 1: x=-0.30 y=-0.45 dist=0.54 m[0m
[02:03:26] [0m[INFO] [1779732194.708546367]: [Perception] Post 1: x=-0.31 y=-0.45 dist=0.55 m[0m
[02:03:26] [0m[INFO] [1779732195.008570454]: [Perception] Post 1: x=-0.31 y=-0.45 dist=0.54 m[0m
[02:03:26] [0m[INFO] [1779732195.358150714]: [Perception] Post 1: x=-0.30 y=-0.45 dist=0.54 m[0m
[02:03:26] [0m[INFO] [1779732195.708077414]: [Perception] Post 1: x=-0.31 y=-0.45 dist=0.55 m[0m
[02:03:26] [0m[INFO] [1779732196.057570808]: [Perception] Post 1: x=-0.30 y=-0.45 dist=0.54 m[0m
[02:03:26] [0m[INFO] [1779732196.358340333]: [Perception] Post 1: x=-0.30 y=-0.45 dist=0.54 m[0m
[02:03:26] [0m[INFO] [1779732196.659085182]: [Perception] Post 1: x=-0.31 y=-0.45 dist=0.54 m[0m
[02:03:26] [0m[INFO] [1779732197.008482364]: [Perception] Post 1: x=-0.31 y=-0.45 dist=0.54 m[0m
[02:03:26] [0m[INFO] [1779732197.309055754]: [Perception] Post 1: x=-0.31 y=-0.45 dist=0.54 m[0m
[02:03:26] [0m[INFO] [1779732197.658292488]: [Perception] Post 1: x=-0.30 y=-0.45 dist=0.54 m[0m
[02:03:26] [0m[INFO] [1779732197.959184246]: [Perception] Post 1: x=-0.31 y=-0.45 dist=0.54 m[0m
[02:03:26] [0m[INFO] [1779732198.308121113]: [Perception] Post 1: x=-0.30 y=-0.45 dist=0.54 m[0m
[02:03:26] [0m[INFO] [1779732198.658507653]: [Perception] Post 1: x=-0.30 y=-0.45 dist=0.54 m[0m
[02:03:26] [0m[INFO] [1779732199.008393121]: [Perception] Post 1: x=-0.30 y=-0.45 dist=0.54 m[0m
[02:03:26] [0m[INFO] [1779732199.358063050]: [Perception] Post 1: x=-0.31 y=-0.45 dist=0.54 m[0m
[02:03:26] [0m[INFO] [1779732199.658375642]: [Perception] Post 1: x=-0.31 y=-0.45 dist=0.55 m[0m
[02:03:26] [0m[INFO] [1779732199.958741308]: [Perception] Post 1: x=-0.30 y=-0.45 dist=0.54 m[0m
[02:03:26] [0m[INFO] [1779732200.308788768]: [Perception] Post 1: x=-0.31 y=-0.45 dist=0.54 m[0m
[02:03:26] [0m[INFO] [1779732200.609057006]: [Perception] Post 1: x=-0.30 y=-0.45 dist=0.54 m[0m
[02:03:26] [0m[INFO] [1779732200.957733980]: [Perception] Post 1: x=-0.31 y=-0.45 dist=0.55 m[0m
[02:03:26] [0m[INFO] [1779732201.258823875]: [Perception] Post 1: x=-0.30 y=-0.45 dist=0.54 m[0m
[02:03:26] [0m[INFO] [1779732201.559123300]: [Perception] Post 1: x=-0.31 y=-0.45 dist=0.54 m[0m
[02:03:26] [0m[INFO] [1779732201.908233978]: [Perception] Post 1: x=-0.31 y=-0.45 dist=0.54 m[0m
[02:03:26] [0m[INFO] [1779732202.208279740]: [Perception] Post 1: x=-0.30 y=-0.45 dist=0.54 m[0m
[02:03:26] [0m[INFO] [1779732202.557852568]: [Perception] Post 1: x=-0.31 y=-0.45 dist=0.54 m[0m
[02:03:26] [0m[INFO] [1779732202.858428336]: [Perception] Post 1: x=-0.30 y=-0.45 dist=0.54 m[0m
[02:03:26] [0m[INFO] [1779732203.159093215]: [Perception] Post 1: x=-0.30 y=-0.45 dist=0.54 m[0m
[02:03:26] [0m[INFO] [1779732203.509010668]: [Perception] Post 1: x=-0.30 y=-0.45 dist=0.54 m[0m
[02:03:26] [0m[INFO] [1779732203.857776811]: [Perception] Post 1: x=-0.31 y=-0.45 dist=0.54 m[0m
[02:03:26] [0m[INFO] [1779732204.159104752]: [Perception] Post 1: x=-0.30 y=-0.45 dist=0.54 m[0m
[02:03:26] [0m[INFO] [1779732204.508077080]: [Perception] Post 1: x=-0.30 y=-0.45 dist=0.54 m[0m
[02:03:26] [0m[INFO] [1779732204.808560666]: [Perception] Post 1: x=-0.31 y=-0.45 dist=0.54 m[0m
[02:03:26] [0m[INFO] [1779732205.158107056]: [Perception] Post 1: x=-0.31 y=-0.45 dist=0.54 m[0m
[02:03:26] [0m[INFO] [1779732205.508596845]: [Perception] Post 1: x=-0.31 y=-0.45 dist=0.54 m[0m
[02:03:26] [0m[INFO] [1779732205.808729973]: [Perception] Post 1: x=-0.31 y=-0.45 dist=0.54 m[0m
[02:03:26] [0m[INFO] [1779732206.158750919]: [Perception] Post 1: x=-0.31 y=-0.45 dist=0.54 m[0m
[02:03:26] [0m[INFO] [1779732206.459160922]: [Perception] Post 1: x=-0.31 y=-0.45 dist=0.54 m[0m
[02:03:42] [0m[INFO] [1779732206.807946941]: [Perception] Post 1: x=-0.30 y=-0.45 dist=0.54 m[0m
[02:03:42] [0m[INFO] [1779732207.108010403]: [Perception] Post 1: x=-0.30 y=-0.45 dist=0.54 m[0m
[02:03:42] [0m[INFO] [1779732207.408628721]: [Perception] Post 1: x=-0.30 y=-0.45 dist=0.54 m[0m
[02:03:42] [0m[INFO] [1779732207.757726864]: [Perception] Post 1: x=-0.30 y=-0.45 dist=0.54 m[0m
[02:03:42] [0m[INFO] [1779732208.058107254]: [Perception] Post 1: x=-0.31 y=-0.45 dist=0.54 m[0m
[02:03:42] [0m[INFO] [1779732208.358478173]: [Perception] Post 1: x=-0.30 y=-0.45 dist=0.54 m[0m
[02:03:42] [0m[INFO] [1779732208.658686258]: [Perception] Post 1: x=-0.31 y=-0.45 dist=0.55 m[0m
[02:03:42] [0m[INFO] [1779732209.007857055]: [Perception] Post 1: x=-0.31 y=-0.45 dist=0.55 m[0m
[02:03:42] [0m[INFO] [1779732209.307949563]: [Perception] Post 1: x=-0.30 y=-0.45 dist=0.54 m[0m
[02:03:42] [0m[INFO] [1779732209.608445371]: [Perception] Post 1: x=-0.31 y=-0.45 dist=0.54 m[0m
[02:03:42] [0m[INFO] [1779732209.958788741]: [Perception] Post 1: x=-0.30 y=-0.45 dist=0.54 m[0m
[02:03:42] [0m[INFO] [1779732210.259117855]: [Perception] Post 1: x=-0.31 y=-0.45 dist=0.54 m[0m
[02:03:42] [0m[INFO] [1779732210.608286062]: [Perception] Post 1: x=-0.30 y=-0.45 dist=0.54 m[0m
[02:03:42] [0m[INFO] [1779732210.908710020]: [Perception] Post 1: x=-0.31 y=-0.45 dist=0.55 m[0m
[02:03:42] [0m[INFO] [1779732211.257742795]: [Perception] Post 1: x=-0.30 y=-0.45 dist=0.54 m[0m
[02:03:42] [0m[INFO] [1779732211.558252337]: [Perception] Post 1: x=-0.30 y=-0.45 dist=0.54 m[0m
[02:03:42] [0m[INFO] [1779732211.908042295]: [Perception] Post 1: x=-0.31 y=-0.45 dist=0.54 m[0m
[02:03:42] [0m[INFO] [1779732212.208204690]: [Perception] Post 1: x=-0.30 y=-0.45 dist=0.54 m[0m
[02:03:42] [0m[INFO] [1779732212.509001794]: [Perception] Post 1: x=-0.31 y=-0.45 dist=0.54 m[0m
[02:03:42] [0m[INFO] [1779732212.858100803]: [Perception] Post 1: x=-0.31 y=-0.45 dist=0.54 m[0m
[02:03:42] [0m[INFO] [1779732213.158742715]: [Perception] Post 1: x=-0.31 y=-0.45 dist=0.55 m[0m
[02:03:42] [0m[INFO] [1779732213.458913507]: [Perception] Post 1: x=-0.30 y=-0.45 dist=0.54 m[0m
[02:03:42] [0m[INFO] [1779732213.808405418]: [Perception] Post 1: x=-0.31 y=-0.45 dist=0.54 m[0m
[02:03:42] [0m[INFO] [1779732214.108539753]: [Perception] Post 1: x=-0.30 y=-0.45 dist=0.54 m[0m
[02:03:42] [0m[INFO] [1779732214.458123905]: [Perception] Post 1: x=-0.30 y=-0.45 dist=0.54 m[0m
[02:03:42] [0m[INFO] [1779732214.758759495]: [Perception] Post 1: x=-0.31 y=-0.45 dist=0.54 m[0m
[02:03:42] [0m[INFO] [1779732215.108127929]: [Perception] Post 1: x=-0.31 y=-0.45 dist=0.54 m[0m
[02:03:42] [0m[INFO] [1779732215.408755193]: [Perception] Post 1: x=-0.31 y=-0.45 dist=0.54 m[0m
[02:03:42] [0m[INFO] [1779732215.758603814]: [Perception] Post 1: x=-0.31 y=-0.45 dist=0.55 m[0m
[02:03:42] [0m[INFO] [1779732216.109189431]: [Perception] Post 1: x=-0.30 y=-0.45 dist=0.54 m[0m
[02:03:42] [0m[INFO] [1779732216.458358103]: [Perception] Post 1: x=-0.31 y=-0.45 dist=0.55 m[0m
[02:03:42] [0m[INFO] [1779732216.808444399]: [Perception] Post 1: x=-0.31 y=-0.45 dist=0.54 m[0m
[02:03:42] [0m[INFO] [1779732217.108503045]: [Perception] Post 1: x=-0.30 y=-0.45 dist=0.54 m[0m
[02:03:42] [0m[INFO] [1779732217.409113532]: [Perception] Post 1: x=-0.31 y=-0.45 dist=0.54 m[0m
[02:03:42] [0m[INFO] [1779732217.757979131]: [Perception] Post 1: x=-0.30 y=-0.45 dist=0.54 m[0m
[02:03:42] [0m[INFO] [1779732218.058316189]: [Perception] Post 1: x=-0.31 y=-0.45 dist=0.54 m[0m
[02:03:42] [0m[INFO] [1779732218.359191423]: [Perception] Post 1: x=-0.31 y=-0.45 dist=0.54 m[0m
[02:03:42] [0m[INFO] [1779732218.708058310]: [Perception] Post 1: x=-0.31 y=-0.45 dist=0.55 m[0m
[02:03:42] [0m[INFO] [1779732219.009098015]: [Perception] Post 1: x=-0.31 y=-0.45 dist=0.54 m[0m
[02:03:42] [0m[INFO] [1779732219.358487592]: [Perception] Post 1: x=-0.30 y=-0.45 dist=0.54 m[0m
[02:03:42] [0m[INFO] [1779732219.709103126]: [Perception] Post 1: x=-0.30 y=-0.45 dist=0.54 m[0m
[02:03:42] [0m[INFO] [1779732220.058741169]: [Perception] Post 1: x=-0.31 y=-0.45 dist=0.55 m[0m
[02:03:42] [0m[INFO] [1779732220.408981208]: [Perception] Post 1: x=-0.30 y=-0.45 dist=0.54 m[0m
[02:03:42] [0m[INFO] [1779732220.758086678]: [Perception] Post 1: x=-0.30 y=-0.45 dist=0.54 m[0m
[02:03:42] [0m[INFO] [1779732221.059000233]: [Perception] Post 1: x=-0.31 y=-0.45 dist=0.55 m[0m
[02:03:42] [0m[INFO] [1779732221.408145664]: [Perception] Post 1: x=-0.30 y=-0.45 dist=0.54 m[0m
[02:03:42] [0m[INFO] [1779732221.708285428]: [Perception] Post 1: x=-0.30 y=-0.45 dist=0.54 m[0m
[02:03:56] [0m[INFO] [1779732222.058118783]: [Perception] Post 1: x=-0.31 y=-0.45 dist=0.54 m[0m
[02:03:56] [0m[INFO] [1779732222.407372205]: [Perception] Post 1: x=-0.30 y=-0.45 dist=0.54 m[0m
[02:03:56] [0m[INFO] [1779732222.708311835]: [Perception] Post 1: x=-0.31 y=-0.45 dist=0.54 m[0m
[02:03:56] [0m[INFO] [1779732223.008478455]: [Perception] Post 1: x=-0.31 y=-0.45 dist=0.55 m[0m
[02:03:56] [0m[INFO] [1779732223.308806075]: [Perception] Post 1: x=-0.31 y=-0.45 dist=0.54 m[0m
[02:03:56] [0m[INFO] [1779732223.658387404]: [Perception] Post 1: x=-0.31 y=-0.45 dist=0.54 m[0m
[02:03:56] [0m[INFO] [1779732223.959245977]: [Perception] Post 1: x=-0.31 y=-0.45 dist=0.54 m[0m
[02:03:56] [0m[INFO] [1779732224.308050245]: [Perception] Post 1: x=-0.30 y=-0.45 dist=0.54 m[0m
[02:03:56] [0m[INFO] [1779732224.608532362]: [Perception] Post 1: x=-0.30 y=-0.45 dist=0.54 m[0m
[02:03:56] [0m[INFO] [1779732224.908887065]: [Perception] Post 1: x=-0.30 y=-0.45 dist=0.54 m[0m
[02:03:56] [0m[INFO] [1779732225.257961897]: [Perception] Post 1: x=-0.31 y=-0.45 dist=0.54 m[0m
[02:03:56] [0m[INFO] [1779732225.558988304]: [Perception] Post 1: x=-0.30 y=-0.45 dist=0.54 m[0m
[02:03:56] [0m[INFO] [1779732225.908238961]: [Perception] Post 1: x=-0.30 y=-0.45 dist=0.54 m[0m
[02:03:56] [0m[INFO] [1779732226.209103268]: [Perception] Post 1: x=-0.31 y=-0.45 dist=0.55 m[0m
[02:03:56] [0m[INFO] [1779732226.558092141]: [Perception] Post 1: x=-0.31 y=-0.45 dist=0.54 m[0m
[02:03:56] [0m[INFO] [1779732226.858408949]: [Perception] Post 1: x=-0.30 y=-0.45 dist=0.54 m[0m
[02:03:56] [0m[INFO] [1779732227.208558683]: [Perception] Post 1: x=-0.31 y=-0.45 dist=0.54 m[0m
[02:03:56] [0m[INFO] [1779732227.509173406]: [Perception] Post 1: x=-0.30 y=-0.45 dist=0.54 m[0m
[02:03:56] [0m[INFO] [1779732227.809182176]: [Perception] Post 1: x=-0.31 y=-0.45 dist=0.54 m[0m
[02:03:56] [0m[INFO] [1779732228.157650767]: [Perception] Post 1: x=-0.30 y=-0.45 dist=0.54 m[0m
[02:03:56] [0m[INFO] [1779732228.458816752]: [Perception] Post 1: x=-0.31 y=-0.45 dist=0.54 m[0m
[02:03:56] [0m[INFO] [1779732228.808461226]: [Perception] Post 1: x=-0.30 y=-0.45 dist=0.54 m[0m
[02:03:56] [0m[INFO] [1779732229.109176815]: [Perception] Post 1: x=-0.31 y=-0.45 dist=0.54 m[0m
[02:03:56] [0m[INFO] [1779732229.458166708]: [Perception] Post 1: x=-0.31 y=-0.45 dist=0.54 m[0m
[02:03:56] [0m[INFO] [1779732229.758515123]: [Perception] Post 1: x=-0.30 y=-0.45 dist=0.54 m[0m
[02:03:56] [0m[INFO] [1779732230.108029781]: [Perception] Post 1: x=-0.30 y=-0.45 dist=0.54 m[0m
[02:03:56] [0m[INFO] [1779732230.409164663]: [Perception] Post 1: x=-0.30 y=-0.45 dist=0.54 m[0m
[02:03:56] [0m[INFO] [1779732230.758192320]: [Perception] Post 1: x=-0.30 y=-0.45 dist=0.54 m[0m
[02:03:56] [0m[INFO] [1779732231.058411637]: [Perception] Post 1: x=-0.30 y=-0.45 dist=0.54 m[0m
[02:03:56] [0m[INFO] [1779732231.358501932]: [Perception] Post 1: x=-0.30 y=-0.45 dist=0.54 m[0m
[02:03:56] [0m[INFO] [1779732231.708282385]: [Perception] Post 1: x=-0.30 y=-0.45 dist=0.54 m[0m
[02:03:56] [0m[INFO] [1779732232.008309335]: [Perception] Post 1: x=-0.31 y=-0.45 dist=0.54 m[0m
[02:03:56] [0m[INFO] [1779732232.308951734]: [Perception] Post 1: x=-0.31 y=-0.45 dist=0.54 m[0m
[02:03:56] [0m[INFO] [1779732232.657996517]: [Perception] Post 1: x=-0.30 y=-0.45 dist=0.54 m[0m
[02:03:56] [0m[INFO] [1779732232.958280046]: [Perception] Post 1: x=-0.31 y=-0.45 dist=0.55 m[0m
[02:03:56] [0m[INFO] [1779732233.258613951]: [Perception] Post 1: x=-0.31 y=-0.45 dist=0.55 m[0m
[02:03:56] [0m[INFO] [1779732233.607018434]: [Perception] Post 1: x=-0.30 y=-0.45 dist=0.54 m[0m
[02:03:56] [0m[INFO] [1779732233.908103478]: [Perception] Post 1: x=-0.31 y=-0.45 dist=0.54 m[0m
[02:03:56] [0m[INFO] [1779732234.209075476]: [Perception] Post 1: x=-0.31 y=-0.45 dist=0.54 m[0m
[02:03:56] [0m[INFO] [1779732234.558563635]: [Perception] Post 1: x=-0.30 y=-0.45 dist=0.55 m[0m
[02:03:56] [0m[INFO] [1779732234.908621394]: [Perception] Post 1: x=-0.30 y=-0.45 dist=0.54 m[0m
[02:03:56] [0m[INFO] [1779732235.208687983]: [Perception] Post 1: x=-0.30 y=-0.45 dist=0.54 m[0m
[02:03:56] [0m[INFO] [1779732235.558378735]: [Perception] Post 1: x=-0.31 y=-0.45 dist=0.55 m[0m
[02:03:56] [0m[INFO] [1779732235.858845317]: [Perception] Post 1: x=-0.30 y=-0.45 dist=0.54 m[0m
[02:03:56] [0m[INFO] [1779732236.208948045]: [Perception] Post 1: x=-0.31 y=-0.45 dist=0.54 m[0m
[02:03:56] [0m[INFO] [1779732236.509246565]: [Perception] Post 1: x=-0.31 y=-0.45 dist=0.54 m[0m
[02:04:12] [0m[INFO] [1779732236.858297173]: [Perception] Post 1: x=-0.30 y=-0.45 dist=0.54 m[0m
[02:04:12] [0m[INFO] [1779732237.158507520]: [Perception] Post 1: x=-0.31 y=-0.45 dist=0.54 m[0m
[02:04:12] [0m[INFO] [1779732237.508409654]: [Perception] Post 1: x=-0.30 y=-0.45 dist=0.54 m[0m
[02:04:12] [0m[INFO] [1779732237.859198190]: [Perception] Post 1: x=-0.30 y=-0.45 dist=0.54 m[0m
[02:04:12] [0m[INFO] [1779732238.208409392]: [Perception] Post 1: x=-0.31 y=-0.45 dist=0.54 m[0m
[02:04:12] [0m[INFO] [1779732238.508932859]: [Perception] Post 1: x=-0.30 y=-0.45 dist=0.54 m[0m
[02:04:12] [0m[INFO] [1779732238.858419230]: [Perception] Post 1: x=-0.31 y=-0.45 dist=0.54 m[0m
[02:04:12] [0m[INFO] [1779732239.159404671]: [Perception] Post 1: x=-0.31 y=-0.45 dist=0.54 m[0m
[02:04:12] [0m[INFO] [1779732239.508211059]: [Perception] Post 1: x=-0.30 y=-0.45 dist=0.54 m[0m
[02:04:12] [0m[INFO] [1779732239.859042863]: [Perception] Post 1: x=-0.31 y=-0.45 dist=0.54 m[0m
[02:04:12] [0m[INFO] [1779732240.208355107]: [Perception] Post 1: x=-0.30 y=-0.45 dist=0.54 m[0m
[02:04:12] [0m[INFO] [1779732240.508916676]: [Perception] Post 1: x=-0.30 y=-0.45 dist=0.54 m[0m
[02:04:12] [0m[INFO] [1779732240.809274183]: [Perception] Post 1: x=-0.31 y=-0.45 dist=0.55 m[0m
[02:04:12] [0m[INFO] [1779732241.158881853]: [Perception] Post 1: x=-0.31 y=-0.45 dist=0.55 m[0m
[02:04:12] [0m[INFO] [1779732241.458919570]: [Perception] Post 1: x=-0.31 y=-0.45 dist=0.55 m[0m
[02:04:12] [0m[INFO] [1779732241.808202299]: [Perception] Post 1: x=-0.31 y=-0.45 dist=0.54 m[0m
[02:04:12] [0m[INFO] [1779732242.158944751]: [Perception] Post 1: x=-0.31 y=-0.45 dist=0.54 m[0m
[02:04:12] [0m[INFO] [1779732242.508290764]: [Perception] Post 1: x=-0.30 y=-0.45 dist=0.54 m[0m
[02:04:12] [0m[INFO] [1779732242.808849884]: [Perception] Post 1: x=-0.30 y=-0.45 dist=0.54 m[0m
[02:04:12] [0m[INFO] [1779732243.158652630]: [Perception] Post 1: x=-0.30 y=-0.45 dist=0.54 m[0m
[02:04:12] [0m[INFO] [1779732243.509396806]: [Perception] Post 1: x=-0.30 y=-0.45 dist=0.54 m[0m
[02:04:12] [0m[INFO] [1779732243.858078046]: [Perception] Post 1: x=-0.30 y=-0.45 dist=0.54 m[0m
[02:04:12] [0m[INFO] [1779732244.158445891]: [Perception] Post 1: x=-0.30 y=-0.45 dist=0.54 m[0m
[02:04:12] [0m[INFO] [1779732244.458629868]: [Perception] Post 1: x=-0.31 y=-0.45 dist=0.55 m[0m
[02:04:12] [0m[INFO] [1779732244.758914119]: [Perception] Post 1: x=-0.30 y=-0.45 dist=0.54 m[0m
[02:04:12] [0m[INFO] [1779732245.108181799]: [Perception] Post 1: x=-0.30 y=-0.45 dist=0.54 m[0m
[02:04:12] [0m[INFO] [1779732245.458428760]: [Perception] Post 1: x=-0.30 y=-0.45 dist=0.54 m[0m
[02:04:12] [0m[INFO] [1779732245.808501096]: [Perception] Post 1: x=-0.31 y=-0.45 dist=0.55 m[0m
[02:04:12] [0m[INFO] [1779732246.109343259]: [Perception] Post 1: x=-0.31 y=-0.45 dist=0.54 m[0m
[02:04:12] [0m[INFO] [1779732246.458551659]: [Perception] Post 1: x=-0.31 y=-0.45 dist=0.54 m[0m
[02:04:12] [0m[INFO] [1779732246.759166739]: [Perception] Post 1: x=-0.30 y=-0.45 dist=0.54 m[0m
[02:04:12] [0m[INFO] [1779732247.107437206]: [Perception] Post 1: x=-0.31 y=-0.45 dist=0.54 m[0m
[02:04:12] [0m[INFO] [1779732247.408218674]: [Perception] Post 1: x=-0.31 y=-0.45 dist=0.55 m[0m
[02:04:12] [0m[INFO] [1779732247.708560965]: [Perception] Post 1: x=-0.30 y=-0.45 dist=0.54 m[0m
[02:04:12] [0m[INFO] [1779732248.058253833]: [Perception] Post 1: x=-0.30 y=-0.45 dist=0.54 m[0m
[02:04:12] [0m[INFO] [1779732248.358913573]: [Perception] Post 1: x=-0.31 y=-0.45 dist=0.54 m[0m
[02:04:12] [0m[INFO] [1779732248.658967734]: [Perception] Post 1: x=-0.31 y=-0.45 dist=0.54 m[0m
[02:04:12] [0m[INFO] [1779732249.007913629]: [Perception] Post 1: x=-0.30 y=-0.45 dist=0.54 m[0m
[02:04:12] [0m[INFO] [1779732249.308890741]: [Perception] Post 1: x=-0.31 y=-0.45 dist=0.54 m[0m
[02:04:12] [0m[INFO] [1779732249.658957120]: [Perception] Post 1: x=-0.31 y=-0.45 dist=0.54 m[0m
[02:04:12] [0m[INFO] [1779732249.959195879]: [Perception] Post 1: x=-0.30 y=-0.45 dist=0.54 m[0m
[02:04:12] [0m[INFO] [1779732250.308253112]: [Perception] Post 1: x=-0.31 y=-0.45 dist=0.55 m[0m
[02:04:12] [0m[INFO] [1779732250.608284115]: [Perception] Post 1: x=-0.30 y=-0.45 dist=0.54 m[0m
[02:04:12] [0m[INFO] [1779732250.957765467]: [Perception] Post 1: x=-0.31 y=-0.45 dist=0.54 m[0m
[02:04:12] [0m[INFO] [1779732251.309282837]: [Perception] Post 1: x=-0.31 y=-0.45 dist=0.54 m[0m
[02:04:12] [0m[INFO] [1779732251.657868149]: [Perception] Post 1: x=-0.30 y=-0.45 dist=0.54 m[0m
[02:04:12] [0m[INFO] [1779732251.957953004]: [Perception] Post 1: x=-0.30 y=-0.45 dist=0.54 m[0m
[02:04:27] [0m[INFO] [1779732252.308055427]: [Perception] Post 1: x=-0.31 y=-0.45 dist=0.55 m[0m
[02:04:27] [0m[INFO] [1779732252.608745628]: [Perception] Post 1: x=-0.30 y=-0.45 dist=0.54 m[0m
[02:04:27] [0m[INFO] [1779732252.909006273]: [Perception] Post 1: x=-0.31 y=-0.45 dist=0.54 m[0m
[02:04:27] [0m[INFO] [1779732253.258604616]: [Perception] Post 1: x=-0.31 y=-0.45 dist=0.55 m[0m
[02:04:27] [0m[INFO] [1779732253.558892905]: [Perception] Post 1: x=-0.30 y=-0.45 dist=0.54 m[0m
[02:04:27] [0m[INFO] [1779732253.908484870]: [Perception] Post 1: x=-0.30 y=-0.45 dist=0.54 m[0m
[02:04:27] [0m[INFO] [1779732254.208892011]: [Perception] Post 1: x=-0.31 y=-0.45 dist=0.54 m[0m
[02:04:27] [0m[INFO] [1779732254.509317153]: [Perception] Post 1: x=-0.31 y=-0.45 dist=0.54 m[0m
[02:04:27] [0m[INFO] [1779732254.858878870]: [Perception] Post 1: x=-0.30 y=-0.45 dist=0.54 m[0m
[02:04:27] [0m[INFO] [1779732255.159149591]: [Perception] Post 1: x=-0.30 y=-0.45 dist=0.54 m[0m
[02:04:27] [0m[INFO] [1779732255.508440977]: [Perception] Post 1: x=-0.31 y=-0.45 dist=0.54 m[0m
[02:04:27] [0m[INFO] [1779732255.858438189]: [Perception] Post 1: x=-0.30 y=-0.45 dist=0.54 m[0m
[02:04:27] [0m[INFO] [1779732256.158438542]: [Perception] Post 2: x=0.61 y=-0.46 dist=0.77 m[0m
[02:04:27] [0m[INFO] [1779732256.509023102]: [Perception] Post 1: x=-0.30 y=-0.45 dist=0.54 m[0m
[02:04:27] [0m[INFO] [1779732256.858414464]: [Perception] Post 1: x=-0.31 y=-0.45 dist=0.55 m[0m
[02:04:27] [0m[INFO] [1779732257.159132771]: [Perception] Post 1: x=-0.31 y=-0.45 dist=0.54 m[0m
[02:04:27] [0m[INFO] [1779732257.508334046]: [Perception] Post 1: x=-0.30 y=-0.45 dist=0.54 m[0m
[02:04:27] [0m[INFO] [1779732257.808857255]: [Perception] Post 1: x=-0.31 y=-0.45 dist=0.55 m[0m
[02:04:27] [0m[INFO] [1779732258.109159914]: [Perception] Post 1: x=-0.30 y=-0.45 dist=0.54 m[0m
[02:04:27] [0m[INFO] [1779732258.457806347]: [Perception] Post 1: x=-0.31 y=-0.45 dist=0.54 m[0m
[02:04:27] [0m[INFO] [1779732258.758896240]: [Perception] Post 1: x=-0.30 y=-0.45 dist=0.54 m[0m
[02:04:27] [0m[INFO] [1779732259.107321563]: [Perception] Post 1: x=-0.30 y=-0.45 dist=0.54 m[0m
[02:04:27] [0m[INFO] [1779732259.408803564]: [Perception] Post 1: x=-0.31 y=-0.45 dist=0.54 m[0m
[02:04:27] [0m[INFO] [1779732259.757612354]: [Perception] Post 1: x=-0.31 y=-0.45 dist=0.54 m[0m
[02:04:27] [0m[INFO] [1779732260.057843472]: [Perception] Post 1: x=-0.31 y=-0.45 dist=0.54 m[0m
[02:04:27] [0m[INFO] [1779732260.358307340]: [Perception] Post 1: x=-0.31 y=-0.45 dist=0.54 m[0m
[02:04:27] [0m[INFO] [1779732260.709014613]: [Perception] Post 1: x=-0.31 y=-0.45 dist=0.54 m[0m
[02:04:27] [0m[INFO] [1779732261.057934835]: [Perception] Post 1: x=-0.30 y=-0.45 dist=0.54 m[0m
[02:04:27] [0m[INFO] [1779732261.408931851]: [Perception] Post 1: x=-0.30 y=-0.45 dist=0.54 m[0m
[02:04:27] [0m[INFO] [1779732261.758480539]: [Perception] Post 1: x=-0.30 y=-0.45 dist=0.54 m[0m
[02:04:27] [0m[INFO] [1779732262.108098605]: [Perception] Post 1: x=-0.31 y=-0.45 dist=0.54 m[0m
[02:04:27] [0m[INFO] [1779732262.408298419]: [Perception] Post 1: x=-0.31 y=-0.45 dist=0.54 m[0m
[02:04:27] [0m[INFO] [1779732262.708977100]: [Perception] Post 1: x=-0.30 y=-0.45 dist=0.54 m[0m
[02:04:27] [0m[INFO] [1779732263.058075033]: [Perception] Post 1: x=-0.30 y=-0.45 dist=0.54 m[0m
[02:04:27] [0m[INFO] [1779732263.358207747]: [Perception] Post 1: x=-0.30 y=-0.45 dist=0.54 m[0m
[02:04:27] [0m[INFO] [1779732263.658459043]: [Perception] Post 1: x=-0.30 y=-0.45 dist=0.54 m[0m
[02:04:27] [0m[INFO] [1779732264.008193651]: [Perception] Post 1: x=-0.31 y=-0.45 dist=0.54 m[0m
[02:04:27] [0m[INFO] [1779732264.357782617]: [Perception] Post 1: x=-0.31 y=-0.45 dist=0.54 m[0m
[02:04:27] [0m[INFO] [1779732264.658276336]: [Perception] Post 1: x=-0.31 y=-0.45 dist=0.55 m[0m
[02:04:27] [0m[INFO] [1779732264.958506087]: [Perception] Post 1: x=-0.30 y=-0.45 dist=0.54 m[0m
[02:04:27] [0m[INFO] [1779732265.258978899]: [Perception] Post 1: x=-0.31 y=-0.45 dist=0.54 m[0m
[02:04:27] [0m[INFO] [1779732265.608131727]: [Perception] Post 1: x=-0.30 y=-0.45 dist=0.54 m[0m
[02:04:27] [0m[INFO] [1779732265.908927597]: [Perception] Post 1: x=-0.30 y=-0.45 dist=0.54 m[0m
[02:04:27] [0m[INFO] [1779732266.258373935]: [Perception] Post 1: x=-0.30 y=-0.45 dist=0.54 m[0m
[02:04:27] [0m[INFO] [1779732266.609046068]: [Perception] Post 1: x=-0.30 y=-0.45 dist=0.54 m[0m
[02:04:27] [0m[INFO] [1779732266.958562742]: [Perception] Post 1: x=-0.31 y=-0.45 dist=0.55 m[0m
[02:04:42] [0m[INFO] [1779732267.258890971]: [Perception] Post 1: x=-0.30 y=-0.45 dist=0.54 m[0m
[02:04:42] [0m[INFO] [1779732267.608498818]: [Perception] Post 1: x=-0.31 y=-0.45 dist=0.54 m[0m
[02:04:42] [0m[INFO] [1779732267.909029668]: [Perception] Post 1: x=-0.30 y=-0.45 dist=0.54 m[0m
[02:04:42] [0m[INFO] [1779732268.257697188]: [Perception] Post 1: x=-0.30 y=-0.45 dist=0.54 m[0m
[02:04:42] [0m[INFO] [1779732268.559117017]: [Perception] Post 1: x=-0.30 y=-0.45 dist=0.54 m[0m
[02:04:42] [0m[INFO] [1779732268.907762941]: [Perception] Post 1: x=-0.30 y=-0.45 dist=0.54 m[0m
[02:04:42] [0m[INFO] [1779732269.208526338]: [Perception] Post 1: x=-0.31 y=-0.45 dist=0.54 m[0m
[02:04:42] [0m[INFO] [1779732269.558993429]: [Perception] Post 1: x=-0.31 y=-0.45 dist=0.54 m[0m
[02:04:42] [0m[INFO] [1779732269.909029158]: [Perception] Post 1: x=-0.31 y=-0.45 dist=0.54 m[0m
[02:04:42] [0m[INFO] [1779732270.209221580]: [Perception] Post 1: x=-0.31 y=-0.45 dist=0.54 m[0m
[02:04:42] [0m[INFO] [1779732270.557783131]: [Perception] Post 1: x=-0.31 y=-0.45 dist=0.54 m[0m
[02:04:42] [0m[INFO] [1779732270.858896855]: [Perception] Post 1: x=-0.31 y=-0.45 dist=0.55 m[0m
[02:04:42] [0m[INFO] [1779732271.208498433]: [Perception] Post 1: x=-0.31 y=-0.45 dist=0.54 m[0m
[02:04:42] [0m[INFO] [1779732271.508611898]: [Perception] Post 1: x=-0.31 y=-0.45 dist=0.54 m[0m
[02:04:42] [0m[INFO] [1779732271.858396232]: [Perception] Post 1: x=-0.30 y=-0.45 dist=0.54 m[0m
[02:04:42] [0m[INFO] [1779732272.208992464]: [Perception] Post 1: x=-0.30 y=-0.45 dist=0.55 m[0m
[02:04:42] [0m[INFO] [1779732272.558558148]: [Perception] Post 1: x=-0.31 y=-0.45 dist=0.54 m[0m
[02:04:42] [0m[INFO] [1779732272.907813854]: [Perception] Post 1: x=-0.31 y=-0.45 dist=0.54 m[0m
[02:04:42] [0m[INFO] [1779732273.258500417]: [Perception] Post 1: x=-0.30 y=-0.45 dist=0.54 m[0m
[02:04:42] [0m[INFO] [1779732273.558681423]: [Perception] Post 1: x=-0.30 y=-0.45 dist=0.54 m[0m
[02:04:42] [0m[INFO] [1779732273.908002940]: [Perception] Post 1: x=-0.31 y=-0.45 dist=0.55 m[0m
[02:04:42] [0m[INFO] [1779732274.208617755]: [Perception] Post 1: x=-0.31 y=-0.45 dist=0.54 m[0m
[02:04:42] [0m[INFO] [1779732274.557927197]: [Perception] Post 1: x=-0.30 y=-0.45 dist=0.54 m[0m
[02:04:42] [0m[INFO] [1779732274.858881458]: [Perception] Post 1: x=-0.31 y=-0.45 dist=0.54 m[0m
[02:04:42] [0m[INFO] [1779732275.159219914]: [Perception] Post 1: x=-0.31 y=-0.45 dist=0.54 m[0m
[02:04:42] [0m[INFO] [1779732275.507571726]: [Perception] Post 1: x=-0.31 y=-0.45 dist=0.54 m[0m
[02:04:42] [0m[INFO] [1779732275.809046437]: [Perception] Post 1: x=-0.31 y=-0.45 dist=0.55 m[0m
[02:04:42] [0m[INFO] [1779732276.158572844]: [Perception] Post 1: x=-0.31 y=-0.45 dist=0.54 m[0m
[02:04:42] [0m[INFO] [1779732276.507504681]: [Perception] Post 1: x=-0.31 y=-0.45 dist=0.54 m[0m
[02:04:42] [0m[INFO] [1779732276.808202132]: [Perception] Post 1: x=-0.30 y=-0.45 dist=0.54 m[0m
[02:04:42] [0m[INFO] [1779732277.157982655]: [Perception] Post 1: x=-0.31 y=-0.45 dist=0.55 m[0m
[02:04:42] [0m[INFO] [1779732277.508487343]: [Perception] Post 1: x=-0.30 y=-0.45 dist=0.54 m[0m
[02:04:42] [0m[INFO] [1779732277.809321253]: [Perception] Post 1: x=-0.30 y=-0.45 dist=0.54 m[0m
[02:04:42] [0m[INFO] [1779732278.157429155]: [Perception] Post 1: x=-0.30 y=-0.45 dist=0.54 m[0m
[02:04:42] [0m[INFO] [1779732278.458440801]: [Perception] Post 1: x=-0.30 y=-0.45 dist=0.54 m[0m
[02:04:42] [0m[INFO] [1779732278.759362193]: [Perception] Post 1: x=-0.30 y=-0.45 dist=0.54 m[0m
[02:04:42] [0m[INFO] [1779732279.107779582]: [Perception] Post 1: x=-0.30 y=-0.45 dist=0.54 m[0m
[02:04:42] [0m[INFO] [1779732279.408343673]: [Perception] Post 1: x=-0.30 y=-0.45 dist=0.54 m[0m
[02:04:42] [0m[INFO] [1779732279.758967861]: [Perception] Post 1: x=-0.30 y=-0.45 dist=0.54 m[0m
[02:04:42] [0m[INFO] [1779732280.107338762]: [Perception] Post 1: x=-0.31 y=-0.45 dist=0.54 m[0m
[02:04:42] [0m[INFO] [1779732280.408647381]: [Perception] Post 1: x=-0.31 y=-0.45 dist=0.54 m[0m
[02:04:42] [0m[INFO] [1779732280.709026406]: [Perception] Post 1: x=-0.30 y=-0.45 dist=0.54 m[0m
[02:04:42] [0m[INFO] [1779732281.058534587]: [Perception] Post 1: x=-0.30 y=-0.45 dist=0.54 m[0m
[02:04:42] [0m[INFO] [1779732281.407419741]: [Perception] Post 1: x=-0.30 y=-0.45 dist=0.54 m[0m
[02:04:42] [0m[INFO] [1779732281.708127640]: [Perception] Post 1: x=-0.31 y=-0.45 dist=0.54 m[0m
[02:04:42] [0m[INFO] [1779732282.008284312]: [Perception] Post 1: x=-0.31 y=-0.45 dist=0.54 m[0m
[02:04:42] [0m[INFO] [1779732282.358099529]: [Perception] Post 1: x=-0.30 y=-0.45 dist=0.54 m[0m
[02:04:57] [0m[INFO] [1779732282.708255747]: [Perception] Post 1: x=-0.31 y=-0.45 dist=0.54 m[0m
[02:04:57] [0m[INFO] [1779732283.008720920]: [Perception] Post 1: x=-0.31 y=-0.45 dist=0.54 m[0m
[02:04:57] [0m[INFO] [1779732283.357736622]: [Perception] Post 1: x=-0.31 y=-0.45 dist=0.55 m[0m
[02:04:57] [0m[INFO] [1779732283.707407333]: [Perception] Post 1: x=-0.31 y=-0.45 dist=0.55 m[0m
[02:04:57] [0m[INFO] [1779732284.008442105]: [Perception] Post 1: x=-0.31 y=-0.45 dist=0.55 m[0m
[02:04:57] [0m[INFO] [1779732284.358530111]: [Perception] Post 1: x=-0.31 y=-0.45 dist=0.55 m[0m
[02:04:57] [0m[INFO] [1779732284.708548649]: [Perception] Post 1: x=-0.30 y=-0.45 dist=0.54 m[0m
[02:04:57] [0m[INFO] [1779732285.008962665]: [Perception] Post 1: x=-0.30 y=-0.45 dist=0.54 m[0m
[02:04:57] [0m[INFO] [1779732285.357843144]: [Perception] Post 1: x=-0.31 y=-0.45 dist=0.55 m[0m
[02:04:57] [0m[INFO] [1779732285.659068460]: [Perception] Post 1: x=-0.30 y=-0.45 dist=0.54 m[0m
[02:04:57] [0m[INFO] [1779732286.008474337]: [Perception] Post 1: x=-0.30 y=-0.45 dist=0.54 m[0m
[02:04:57] [0m[INFO] [1779732286.309187835]: [Perception] Post 1: x=-0.31 y=-0.45 dist=0.54 m[0m
[02:04:57] [0m[INFO] [1779732286.658380574]: [Perception] Post 1: x=-0.31 y=-0.45 dist=0.54 m[0m
[02:04:57] [0m[INFO] [1779732286.958982682]: [Perception] Post 1: x=-0.31 y=-0.45 dist=0.55 m[0m
[02:04:57] [0m[INFO] [1779732287.259145457]: [Perception] Post 1: x=-0.30 y=-0.45 dist=0.54 m[0m
[02:04:57] [0m[INFO] [1779732287.608131589]: [Perception] Post 1: x=-0.31 y=-0.45 dist=0.54 m[0m
[02:04:57] [0m[INFO] [1779732287.908581934]: [Perception] Post 1: x=-0.31 y=-0.45 dist=0.54 m[0m
[02:04:57] [0m[INFO] [1779732288.258309333]: [Perception] Post 1: x=-0.30 y=-0.45 dist=0.54 m[0m
[02:04:57] [0m[INFO] [1779732288.558383123]: [Perception] Post 1: x=-0.31 y=-0.45 dist=0.55 m[0m
[02:04:57] [0m[INFO] [1779732288.909179645]: [Perception] Post 1: x=-0.31 y=-0.45 dist=0.54 m[0m
[02:04:57] [0m[INFO] [1779732289.258369285]: [Perception] Post 1: x=-0.30 y=-0.45 dist=0.54 m[0m
[02:04:57] [0m[INFO] [1779732289.608507702]: [Perception] Post 1: x=-0.31 y=-0.45 dist=0.54 m[0m
[02:04:57] [0m[INFO] [1779732289.908523292]: [Perception] Post 1: x=-0.30 y=-0.45 dist=0.54 m[0m
[02:04:57] [0m[INFO] [1779732290.258327977]: [Perception] Post 1: x=-0.30 y=-0.45 dist=0.54 m[0m
[02:04:57] [0m[INFO] [1779732290.558571062]: [Perception] Post 1: x=-0.30 y=-0.45 dist=0.54 m[0m
[02:04:57] [0m[INFO] [1779732290.907833270]: [Perception] Post 1: x=-0.31 y=-0.45 dist=0.54 m[0m
[02:04:57] [0m[INFO] [1779732291.208119898]: [Perception] Post 1: x=-0.30 y=-0.45 dist=0.54 m[0m
[02:04:57] [0m[INFO] [1779732291.557806836]: [Perception] Post 1: x=-0.31 y=-0.45 dist=0.54 m[0m
[02:04:57] [0m[INFO] [1779732291.907367616]: [Perception] Post 1: x=-0.31 y=-0.45 dist=0.54 m[0m
[02:04:57] [0m[INFO] [1779732292.208143548]: [Perception] Post 1: x=-0.31 y=-0.45 dist=0.55 m[0m
[02:04:57] [0m[INFO] [1779732292.508388916]: [Perception] Post 1: x=-0.31 y=-0.45 dist=0.55 m[0m
[02:04:57] [0m[INFO] [1779732292.857970479]: [Perception] Post 1: x=-0.31 y=-0.45 dist=0.54 m[0m
[02:04:57] [0m[INFO] [1779732293.208269909]: [Perception] Post 1: x=-0.31 y=-0.45 dist=0.54 m[0m
[02:04:57] [0m[INFO] [1779732293.509108061]: [Perception] Post 1: x=-0.31 y=-0.45 dist=0.54 m[0m
[02:04:57] [0m[INFO] [1779732293.858236487]: [Perception] Post 1: x=-0.30 y=-0.45 dist=0.54 m[0m
[02:04:57] [0m[INFO] [1779732294.209234495]: [Perception] Post 1: x=-0.31 y=-0.45 dist=0.54 m[0m
[02:04:57] [0m[INFO] [1779732294.557163721]: [Perception] Post 1: x=-0.30 y=-0.45 dist=0.54 m[0m
[02:04:57] [0m[INFO] [1779732294.858492932]: [Perception] Post 1: x=-0.31 y=-0.45 dist=0.55 m[0m
[02:04:57] [0m[INFO] [1779732295.207687785]: [Perception] Post 1: x=-0.31 y=-0.45 dist=0.54 m[0m
[02:04:57] [0m[INFO] [1779732295.508325249]: [Perception] Post 1: x=-0.30 y=-0.45 dist=0.54 m[0m
[02:04:57] [0m[INFO] [1779732295.857309044]: [Perception] Post 1: x=-0.31 y=-0.45 dist=0.54 m[0m
[02:04:57] [0m[INFO] [1779732296.157782702]: [Perception] Post 1: x=-0.30 y=-0.45 dist=0.54 m[0m
[02:04:57] [0m[INFO] [1779732296.458137071]: [Perception] Post 1: x=-0.30 y=-0.45 dist=0.54 m[0m
[02:04:57] [0m[INFO] [1779732296.807360638]: [Perception] Post 1: x=-0.30 y=-0.45 dist=0.54 m[0m
[02:04:57] [0m[INFO] [1779732297.109147583]: [Perception] Post 1: x=-0.31 y=-0.45 dist=0.54 m[0m
[02:04:57] [0m[INFO] [1779732297.458345264]: [Perception] Post 1: x=-0.30 y=-0.45 dist=0.54 m[0m
[02:05:13] [0m[INFO] [1779732297.758608311]: [Perception] Post 1: x=-0.30 y=-0.45 dist=0.54 m[0m
[02:05:13] [0m[INFO] [1779732298.108185534]: [Perception] Post 1: x=-0.31 y=-0.45 dist=0.54 m[0m
[02:05:13] [0m[INFO] [1779732298.408854381]: [Perception] Post 1: x=-0.30 y=-0.45 dist=0.54 m[0m
[02:05:13] [0m[INFO] [1779732298.758268040]: [Perception] Post 1: x=-0.30 y=-0.45 dist=0.54 m[0m
[02:05:13] [0m[INFO] [1779732299.058699593]: [Perception] Post 1: x=-0.30 y=-0.45 dist=0.54 m[0m
[02:05:13] [0m[INFO] [1779732299.359177723]: [Perception] Post 1: x=-0.31 y=-0.45 dist=0.54 m[0m
[02:05:13] [0m[INFO] [1779732299.708692699]: [Perception] Post 1: x=-0.31 y=-0.45 dist=0.55 m[0m
[02:05:13] [0m[INFO] [1779732300.058272566]: [Perception] Post 1: x=-0.30 y=-0.45 dist=0.54 m[0m
[02:05:13] [0m[INFO] [1779732300.408119262]: [Perception] Post 1: x=-0.30 y=-0.45 dist=0.54 m[0m
[02:05:13] [0m[INFO] [1779732300.708619741]: [Perception] Post 1: x=-0.31 y=-0.45 dist=0.54 m[0m
[02:05:13] [0m[INFO] [1779732301.058508813]: [Perception] Post 1: x=-0.30 y=-0.45 dist=0.54 m[0m
[02:05:13] [0m[INFO] [1779732301.408804672]: [Perception] Post 1: x=-0.31 y=-0.45 dist=0.54 m[0m
[02:05:13] [0m[INFO] [1779732301.759114630]: [Perception] Post 1: x=-0.31 y=-0.45 dist=0.54 m[0m
[02:05:13] [0m[INFO] [1779732302.107377704]: [Perception] Post 1: x=-0.31 y=-0.45 dist=0.54 m[0m
[02:05:13] [0m[INFO] [1779732302.407929603]: [Perception] Post 1: x=-0.31 y=-0.45 dist=0.55 m[0m
[02:05:13] [0m[INFO] [1779732302.709424815]: [Perception] Post 1: x=-0.30 y=-0.45 dist=0.54 m[0m
[02:05:13] [0m[INFO] [1779732303.058088634]: [Perception] Post 1: x=-0.30 y=-0.45 dist=0.54 m[0m
[02:05:13] [0m[INFO] [1779732303.358553730]: [Perception] Post 1: x=-0.30 y=-0.45 dist=0.54 m[0m
[02:05:13] [0m[INFO] [1779732303.659213770]: [Perception] Post 1: x=-0.31 y=-0.45 dist=0.54 m[0m
[02:05:13] [0m[INFO] [1779732304.008383563]: [Perception] Post 1: x=-0.30 y=-0.45 dist=0.54 m[0m
[02:05:13] [0m[INFO] [1779732304.357829118]: [Perception] Post 1: x=-0.30 y=-0.45 dist=0.54 m[0m
[02:05:13] [0m[INFO] [1779732304.658521030]: [Perception] Post 1: x=-0.31 y=-0.45 dist=0.54 m[0m
[02:05:13] [0m[INFO] [1779732305.009042455]: [Perception] Post 1: x=-0.30 y=-0.45 dist=0.54 m[0m
[02:05:13] [0m[INFO] [1779732305.358371913]: [Perception] Post 1: x=-0.30 y=-0.45 dist=0.54 m[0m
[02:05:13] [0m[INFO] [1779732305.707901180]: [Perception] Post 1: x=-0.31 y=-0.45 dist=0.54 m[0m
[02:05:13] [0m[INFO] [1779732306.008526771]: [Perception] Post 1: x=-0.31 y=-0.45 dist=0.54 m[0m
[02:05:13] [0m[INFO] [1779732306.308574275]: [Perception] Post 1: x=-0.31 y=-0.45 dist=0.54 m[0m
[02:05:13] [0m[INFO] [1779732306.657937425]: [Perception] Post 1: x=-0.30 y=-0.45 dist=0.54 m[0m
[02:05:13] [0m[INFO] [1779732306.959040551]: [Perception] Post 1: x=-0.31 y=-0.45 dist=0.54 m[0m
[02:05:13] [0m[INFO] [1779732307.308025677]: [Perception] Post 1: x=-0.31 y=-0.45 dist=0.54 m[0m
[02:05:13] [0m[INFO] [1779732307.608303824]: [Perception] Post 1: x=-0.30 y=-0.45 dist=0.54 m[0m
[02:05:13] [0m[INFO] [1779732307.909198644]: [Perception] Post 1: x=-0.31 y=-0.45 dist=0.54 m[0m
[02:05:13] [0m[INFO] [1779732308.257795889]: [Perception] Post 1: x=-0.30 y=-0.45 dist=0.54 m[0m
[02:05:13] [0m[INFO] [1779732308.558200268]: [Perception] Post 1: x=-0.30 y=-0.45 dist=0.54 m[0m
[02:05:13] [0m[INFO] [1779732308.908216492]: [Perception] Post 1: x=-0.31 y=-0.45 dist=0.54 m[0m
[02:05:13] [0m[INFO] [1779732309.258017562]: [Perception] Post 1: x=-0.31 y=-0.45 dist=0.54 m[0m
[02:05:13] [0m[INFO] [1779732309.558113463]: [Perception] Post 1: x=-0.31 y=-0.45 dist=0.55 m[0m
[02:05:13] [0m[INFO] [1779732309.907720508]: [Perception] Post 1: x=-0.31 y=-0.45 dist=0.55 m[0m
[02:05:13] [0m[INFO] [1779732310.208078452]: [Perception] Post 1: x=-0.30 y=-0.45 dist=0.54 m[0m
[02:05:13] [0m[INFO] [1779732310.509491094]: [Perception] Post 1: x=-0.31 y=-0.45 dist=0.54 m[0m
[02:05:13] [0m[INFO] [1779732310.857700011]: [Perception] Post 1: x=-0.30 y=-0.45 dist=0.54 m[0m
[02:05:13] [0m[INFO] [1779732311.158433423]: [Perception] Post 1: x=-0.31 y=-0.45 dist=0.55 m[0m
[02:05:13] [0m[INFO] [1779732311.509074860]: [Perception] Post 1: x=-0.30 y=-0.45 dist=0.54 m[0m
[02:05:13] [0m[INFO] [1779732311.858740055]: [Perception] Post 1: x=-0.31 y=-0.45 dist=0.54 m[0m
[02:05:13] [0m[INFO] [1779732312.207619045]: [Perception] Post 1: x=-0.31 y=-0.45 dist=0.55 m[0m
[02:05:13] [0m[INFO] [1779732312.508547598]: [Perception] Post 1: x=-0.31 y=-0.45 dist=0.54 m[0m
[02:05:13] [0m[INFO] [1779732312.808639188]: [Perception] Post 1: x=-0.30 y=-0.45 dist=0.54 m[0m
[02:05:28] [0m[INFO] [1779732313.157671204]: [Perception] Post 1: x=-0.31 y=-0.45 dist=0.54 m[0m
[02:05:28] [0m[INFO] [1779732313.459243561]: [Perception] Post 1: x=-0.30 y=-0.45 dist=0.54 m[0m
[02:05:28] [0m[INFO] [1779732313.808137639]: [Perception] Post 1: x=-0.30 y=-0.45 dist=0.54 m[0m
[02:05:28] [0m[INFO] [1779732314.109189489]: [Perception] Post 1: x=-0.30 y=-0.45 dist=0.54 m[0m
[02:05:28] [0m[INFO] [1779732314.457458737]: [Perception] Post 1: x=-0.30 y=-0.45 dist=0.54 m[0m
[02:05:28] [0m[INFO] [1779732314.757686199]: [Perception] Post 1: x=-0.30 y=-0.45 dist=0.54 m[0m
[02:05:28] [0m[INFO] [1779732315.058148131]: [Perception] Post 1: x=-0.30 y=-0.45 dist=0.54 m[0m
[02:05:28] [0m[INFO] [1779732315.407312337]: [Perception] Post 1: x=-0.31 y=-0.45 dist=0.55 m[0m
[02:05:28] [0m[INFO] [1779732315.707340221]: [Perception] Post 1: x=-0.30 y=-0.45 dist=0.54 m[0m
[02:05:28] [0m[INFO] [1779732316.008830666]: [Perception] Post 1: x=-0.31 y=-0.45 dist=0.54 m[0m
[02:05:28] [0m[INFO] [1779732316.358158327]: [Perception] Post 1: x=-0.31 y=-0.45 dist=0.55 m[0m
[02:05:28] [0m[INFO] [1779732316.707913228]: [Perception] Post 1: x=-0.31 y=-0.45 dist=0.54 m[0m
[02:05:28] [0m[INFO] [1779732317.057980121]: [Perception] Post 1: x=-0.30 y=-0.45 dist=0.54 m[0m
[02:05:28] [0m[INFO] [1779732317.408378829]: [Perception] Post 1: x=-0.30 y=-0.45 dist=0.54 m[0m
[02:05:28] [0m[INFO] [1779732317.757800900]: [Perception] Post 1: x=-0.30 y=-0.45 dist=0.54 m[0m
[02:05:28] [0m[INFO] [1779732318.108321877]: [Perception] Post 1: x=-0.30 y=-0.45 dist=0.54 m[0m
[02:05:28] [0m[INFO] [1779732318.408573996]: [Perception] Post 1: x=-0.30 y=-0.45 dist=0.54 m[0m
[02:05:28] [0m[INFO] [1779732318.757654193]: [Perception] Post 1: x=-0.31 y=-0.45 dist=0.54 m[0m
[02:05:28] [0m[INFO] [1779732319.057973940]: [Perception] Post 1: x=-0.30 y=-0.45 dist=0.54 m[0m
[02:05:28] [0m[INFO] [1779732319.358844990]: [Perception] Post 1: x=-0.30 y=-0.45 dist=0.54 m[0m
[02:05:28] [0m[INFO] [1779732319.707912379]: [Perception] Post 1: x=-0.31 y=-0.45 dist=0.54 m[0m
[02:05:28] [0m[INFO] [1779732320.058432362]: [Perception] Post 1: x=-0.31 y=-0.45 dist=0.54 m[0m
[02:05:28] [0m[INFO] [1779732320.407453995]: [Perception] Post 1: x=-0.31 y=-0.45 dist=0.54 m[0m
[02:05:28] [0m[INFO] [1779732320.708419914]: [Perception] Post 1: x=-0.31 y=-0.45 dist=0.54 m[0m
[02:05:28] [0m[INFO] [1779732321.057338302]: [Perception] Post 1: x=-0.30 y=-0.45 dist=0.54 m[0m
[02:05:28] [0m[INFO] [1779732321.357634582]: [Perception] Post 1: x=-0.31 y=-0.45 dist=0.55 m[0m
[02:05:28] [0m[INFO] [1779732321.657844664]: [Perception] Post 1: x=-0.31 y=-0.45 dist=0.55 m[0m
[02:05:28] [0m[INFO] [1779732321.957955220]: [Perception] Post 1: x=-0.30 y=-0.45 dist=0.54 m[0m
[02:05:28] [0m[INFO] [1779732322.307790766]: [Perception] Post 1: x=-0.31 y=-0.45 dist=0.54 m[0m
[02:05:28] [0m[INFO] [1779732322.608749254]: [Perception] Post 1: x=-0.30 y=-0.45 dist=0.54 m[0m
[02:05:28] [0m[INFO] [1779732322.957965459]: [Perception] Post 1: x=-0.31 y=-0.45 dist=0.55 m[0m
[02:05:28] [0m[INFO] [1779732323.308323687]: [Perception] Post 1: x=-0.30 y=-0.45 dist=0.54 m[0m
[02:05:28] [0m[INFO] [1779732323.657884691]: [Perception] Post 1: x=-0.30 y=-0.45 dist=0.54 m[0m
[02:05:28] [0m[INFO] [1779732323.958545879]: [Perception] Post 1: x=-0.30 y=-0.45 dist=0.54 m[0m
[02:05:28] [0m[INFO] [1779732324.307896081]: [Perception] Post 1: x=-0.30 y=-0.45 dist=0.54 m[0m
[02:05:28] [0m[INFO] [1779732324.608563845]: [Perception] Post 1: x=-0.31 y=-0.45 dist=0.54 m[0m
[02:05:28] [0m[INFO] [1779732324.958215321]: [Perception] Post 1: x=-0.30 y=-0.45 dist=0.54 m[0m
[02:05:28] [0m[INFO] [1779732325.258720108]: [Perception] Post 1: x=-0.31 y=-0.45 dist=0.54 m[0m
[02:05:28] [0m[INFO] [1779732325.608695689]: [Perception] Post 1: x=-0.31 y=-0.45 dist=0.54 m[0m
[02:05:28] [0m[INFO] [1779732325.958274005]: [Perception] Post 1: x=-0.31 y=-0.45 dist=0.54 m[0m
[02:05:28] [0m[INFO] [1779732326.308501116]: [Perception] Post 1: x=-0.30 y=-0.45 dist=0.54 m[0m
[02:05:28] [0m[INFO] [1779732326.658295863]: [Perception] Post 1: x=-0.30 y=-0.45 dist=0.54 m[0m
[02:05:28] [0m[INFO] [1779732326.958568478]: [Perception] Post 1: x=-0.30 y=-0.45 dist=0.54 m[0m
[02:05:28] [0m[INFO] [1779732327.308303118]: [Perception] Post 1: x=-0.30 y=-0.45 dist=0.54 m[0m
[02:05:28] [0m[INFO] [1779732327.608698612]: [Perception] Post 1: x=-0.30 y=-0.45 dist=0.54 m[0m
[02:05:28] [0m[INFO] [1779732327.957536380]: [Perception] Post 1: x=-0.30 y=-0.45 dist=0.54 m[0m
[02:05:43] [0m[INFO] [1779732328.258270268]: [Perception] Post 1: x=-0.31 y=-0.45 dist=0.54 m[0m
[02:05:43] [0m[INFO] [1779732328.559091159]: [Perception] Post 1: x=-0.30 y=-0.45 dist=0.54 m[0m
[02:05:43] [0m[INFO] [1779732328.907565435]: [Perception] Post 1: x=-0.30 y=-0.45 dist=0.54 m[0m
[02:05:43] [0m[INFO] [1779732329.208560272]: [Perception] Post 1: x=-0.30 y=-0.45 dist=0.54 m[0m
[02:05:43] [0m[INFO] [1779732329.557346256]: [Perception] Post 1: x=-0.30 y=-0.45 dist=0.54 m[0m
[02:05:43] [0m[INFO] [1779732329.907466037]: [Perception] Post 1: x=-0.31 y=-0.45 dist=0.54 m[0m
[02:05:43] [0m[INFO] [1779732330.207555341]: [Perception] Post 1: x=-0.30 y=-0.45 dist=0.54 m[0m
[02:05:43] [0m[INFO] [1779732330.557837063]: [Perception] Post 1: x=-0.30 y=-0.45 dist=0.54 m[0m
[02:05:43] [0m[INFO] [1779732330.858631479]: [Perception] Post 1: x=-0.30 y=-0.45 dist=0.54 m[0m
[02:05:43] [0m[INFO] [1779732331.207688677]: [Perception] Post 1: x=-0.31 y=-0.45 dist=0.54 m[0m
[02:05:43] [0m[INFO] [1779732331.508603722]: [Perception] Post 1: x=-0.31 y=-0.45 dist=0.54 m[0m
[02:05:43] [0m[INFO] [1779732331.858843077]: [Perception] Post 1: x=-0.30 y=-0.45 dist=0.54 m[0m
[02:05:43] [0m[INFO] [1779732332.208157773]: [Perception] Post 1: x=-0.31 y=-0.45 dist=0.54 m[0m
[02:05:43] [0m[INFO] [1779732332.558133028]: [Perception] Post 1: x=-0.31 y=-0.45 dist=0.54 m[0m
[02:05:43] [0m[INFO] [1779732332.908516989]: [Perception] Post 1: x=-0.30 y=-0.45 dist=0.54 m[0m
[02:05:43] [0m[INFO] [1779732333.257508253]: [Perception] Post 1: x=-0.31 y=-0.45 dist=0.54 m[0m
[02:05:43] [0m[INFO] [1779732333.557610410]: [Perception] Post 1: x=-0.30 y=-0.45 dist=0.54 m[0m
[02:05:43] [0m[INFO] [1779732333.857967583]: [Perception] Post 1: x=-0.31 y=-0.45 dist=0.54 m[0m
[02:05:43] [0m[INFO] [1779732334.208447701]: [Perception] Post 1: x=-0.30 y=-0.45 dist=0.54 m[0m
[02:05:43] [0m[INFO] [1779732334.558024403]: [Perception] Post 1: x=-0.30 y=-0.45 dist=0.54 m[0m
[02:05:43] [0m[INFO] [1779732334.908521437]: [Perception] Post 1: x=-0.30 y=-0.45 dist=0.54 m[0m
[02:05:43] [0m[INFO] [1779732335.258745953]: [Perception] Post 1: x=-0.30 y=-0.45 dist=0.54 m[0m
[02:05:43] [0m[INFO] [1779732335.607737707]: [Perception] Post 1: x=-0.31 y=-0.45 dist=0.54 m[0m
[02:05:43] [0m[INFO] [1779732335.907800559]: [Perception] Post 1: x=-0.30 y=-0.45 dist=0.54 m[0m
[02:05:43] [0m[INFO] [1779732336.207957533]: [Perception] Post 1: x=-0.31 y=-0.45 dist=0.54 m[0m
[02:05:43] [0m[INFO] [1779732336.508421362]: [Perception] Post 1: x=-0.30 y=-0.45 dist=0.54 m[0m
[02:05:43] [0m[INFO] [1779732336.808559638]: [Perception] Post 1: x=-0.31 y=-0.45 dist=0.54 m[0m
[02:05:43] [0m[INFO] [1779732337.157969576]: [Perception] Post 1: x=-0.30 y=-0.45 dist=0.54 m[0m
[02:05:43] [0m[INFO] [1779732337.459341383]: [Perception] Post 1: x=-0.30 y=-0.45 dist=0.54 m[0m
[02:05:43] [0m[INFO] [1779732337.807911949]: [Perception] Post 1: x=-0.30 y=-0.45 dist=0.54 m[0m
[02:05:43] [0m[INFO] [1779732338.109210395]: [Perception] Post 1: x=-0.30 y=-0.45 dist=0.54 m[0m
[02:05:43] [0m[INFO] [1779732338.457578315]: [Perception] Post 1: x=-0.30 y=-0.45 dist=0.54 m[0m
[02:05:43] [0m[INFO] [1779732338.758470509]: [Perception] Post 1: x=-0.31 y=-0.45 dist=0.54 m[0m
[02:05:43] [0m[INFO] [1779732339.107494258]: [Perception] Post 1: x=-0.31 y=-0.45 dist=0.54 m[0m
[02:05:43] [0m[INFO] [1779732339.408021964]: [Perception] Post 1: x=-0.31 y=-0.45 dist=0.55 m[0m
[02:05:43] [0m[INFO] [1779732339.708060825]: [Perception] Post 1: x=-0.31 y=-0.45 dist=0.54 m[0m
[02:05:43] [0m[INFO] [1779732340.058510780]: [Perception] Post 1: x=-0.30 y=-0.45 dist=0.54 m[0m
[02:05:43] [0m[INFO] [1779732340.408655416]: [Perception] Post 1: x=-0.30 y=-0.45 dist=0.54 m[0m
[02:05:43] [0m[INFO] [1779732340.758582383]: [Perception] Post 1: x=-0.31 y=-0.45 dist=0.54 m[0m
[02:05:43] [0m[INFO] [1779732341.109223065]: [Perception] Post 1: x=-0.31 y=-0.45 dist=0.54 m[0m
[02:05:43] [0m[INFO] [1779732341.458364163]: [Perception] Post 1: x=-0.31 y=-0.45 dist=0.55 m[0m
[02:05:43] [0m[INFO] [1779732341.759197856]: [Perception] Post 1: x=-0.30 y=-0.45 dist=0.54 m[0m
[02:05:43] [0m[INFO] [1779732342.109261366]: [Perception] Post 1: x=-0.30 y=-0.45 dist=0.54 m[0m
[02:05:43] [0m[INFO] [1779732342.458667517]: [Perception] Post 1: x=-0.31 y=-0.45 dist=0.54 m[0m
[02:05:43] [0m[INFO] [1779732342.807262811]: [Perception] Post 1: x=-0.31 y=-0.45 dist=0.54 m[0m
[02:05:43] [0m[INFO] [1779732343.108888160]: [Perception] Post 1: x=-0.31 y=-0.45 dist=0.54 m[0m
[02:05:43] [0m[INFO] [1779732343.459285298]: [Perception] Post 1: x=-0.31 y=-0.45 dist=0.54 m[0m
[02:05:58] [0m[INFO] [1779732343.759326603]: [Perception] Post 1: x=-0.30 y=-0.45 dist=0.54 m[0m
[02:05:58] [0m[INFO] [1779732344.108312068]: [Perception] Post 1: x=-0.30 y=-0.45 dist=0.54 m[0m
[02:05:58] [0m[INFO] [1779732344.409008994]: [Perception] Post 1: x=-0.31 y=-0.45 dist=0.54 m[0m
[02:05:58] [0m[INFO] [1779732344.709612797]: [Perception] Post 1: x=-0.31 y=-0.45 dist=0.54 m[0m
[02:05:58] [0m[INFO] [1779732345.057711703]: [Perception] Post 1: x=-0.30 y=-0.45 dist=0.54 m[0m
[02:05:58] [0m[INFO] [1779732345.358136872]: [Perception] Post 1: x=-0.30 y=-0.45 dist=0.54 m[0m
[02:05:58] [0m[INFO] [1779732345.708449917]: [Perception] Post 1: x=-0.30 y=-0.45 dist=0.54 m[0m
[02:05:58] [0m[INFO] [1779732346.058623881]: [Perception] Post 1: x=-0.30 y=-0.45 dist=0.54 m[0m
[02:05:58] [0m[INFO] [1779732346.408556861]: [Perception] Post 1: x=-0.31 y=-0.45 dist=0.54 m[0m
[02:05:58] [0m[INFO] [1779732346.758152248]: [Perception] Post 1: x=-0.30 y=-0.45 dist=0.54 m[0m
[02:05:58] [0m[INFO] [1779732347.058573272]: [Perception] Post 1: x=-0.31 y=-0.45 dist=0.54 m[0m
[02:05:58] [0m[INFO] [1779732347.358739931]: [Perception] Post 1: x=-0.31 y=-0.45 dist=0.54 m[0m
[02:05:58] [0m[INFO] [1779732347.708405604]: [Perception] Post 1: x=-0.31 y=-0.45 dist=0.54 m[0m
[02:05:58] [0m[INFO] [1779732348.057313648]: [Perception] Post 1: x=-0.30 y=-0.45 dist=0.54 m[0m
[02:05:58] [0m[INFO] [1779732348.407463570]: [Perception] Post 1: x=-0.31 y=-0.45 dist=0.54 m[0m
[02:05:58] [0m[INFO] [1779732348.708357400]: [Perception] Post 1: x=-0.30 y=-0.45 dist=0.54 m[0m
[02:05:58] [0m[INFO] [1779732349.058088850]: [Perception] Post 1: x=-0.31 y=-0.45 dist=0.54 m[0m
[02:05:58] [0m[INFO] [1779732349.358650244]: [Perception] Post 1: x=-0.31 y=-0.45 dist=0.55 m[0m
[02:05:58] [0m[INFO] [1779732349.659172253]: [Perception] Post 1: x=-0.31 y=-0.45 dist=0.54 m[0m
[02:05:58] [0m[INFO] [1779732350.008364563]: [Perception] Post 1: x=-0.31 y=-0.45 dist=0.54 m[0m
[02:05:58] [0m[INFO] [1779732350.358131087]: [Perception] Post 1: x=-0.31 y=-0.45 dist=0.54 m[0m
[02:05:58] [0m[INFO] [1779732350.707843227]: [Perception] Post 1: x=-0.31 y=-0.45 dist=0.54 m[0m
[02:05:58] [0m[INFO] [1779732351.007976966]: [Perception] Post 1: x=-0.30 y=-0.45 dist=0.54 m[0m
[02:05:58] [0m[INFO] [1779732351.357639091]: [Perception] Post 1: x=-0.31 y=-0.45 dist=0.54 m[0m
[02:05:58] [0m[INFO] [1779732351.708005516]: [Perception] Post 1: x=-0.30 y=-0.45 dist=0.54 m[0m
[02:05:58] [0m[INFO] [1779732352.008126572]: [Perception] Post 1: x=-0.30 y=-0.45 dist=0.54 m[0m
[02:05:58] [0m[INFO] [1779732352.308762949]: [Perception] Post 1: x=-0.31 y=-0.45 dist=0.54 m[0m
[02:05:58] [0m[INFO] [1779732352.658302152]: [Perception] Post 1: x=-0.31 y=-0.45 dist=0.54 m[0m
[02:05:58] [0m[INFO] [1779732352.959464082]: [Perception] Post 1: x=-0.30 y=-0.45 dist=0.54 m[0m
[02:05:58] [0m[INFO] [1779732353.308451810]: [Perception] Post 1: x=-0.31 y=-0.45 dist=0.54 m[0m
[02:05:58] [0m[INFO] [1779732353.658898866]: [Perception] Post 1: x=-0.30 y=-0.45 dist=0.54 m[0m
[02:05:58] [0m[INFO] [1779732354.008322666]: [Perception] Post 1: x=-0.30 y=-0.45 dist=0.54 m[0m
[02:05:58] [0m[INFO] [1779732354.357668026]: [Perception] Post 1: x=-0.31 y=-0.45 dist=0.54 m[0m
[02:05:58] [0m[INFO] [1779732354.707052320]: [Perception] Post 1: x=-0.30 y=-0.45 dist=0.54 m[0m
[02:05:58] [0m[INFO] [1779732355.007768574]: [Perception] Post 1: x=-0.31 y=-0.45 dist=0.54 m[0m
[02:05:58] [0m[INFO] [1779732355.308501805]: [Perception] Post 1: x=-0.30 y=-0.45 dist=0.54 m[0m
[02:05:58] [0m[INFO] [1779732355.609219638]: [Perception] Post 1: x=-0.31 y=-0.45 dist=0.54 m[0m
[02:05:58] [0m[INFO] [1779732355.957888063]: [Perception] Post 1: x=-0.30 y=-0.45 dist=0.54 m[0m
[02:05:58] [0m[INFO] [1779732356.258038085]: [Perception] Post 1: x=-0.30 y=-0.45 dist=0.54 m[0m
[02:05:58] [0m[INFO] [1779732356.558508180]: [Perception] Post 1: x=-0.30 y=-0.45 dist=0.54 m[0m
[02:05:58] [0m[INFO] [1779732356.907819356]: [Perception] Post 1: x=-0.31 y=-0.45 dist=0.55 m[0m
[02:05:58] [0m[INFO] [1779732357.208093730]: [Perception] Post 1: x=-0.31 y=-0.45 dist=0.55 m[0m
[02:05:58] [0m[INFO] [1779732357.557792618]: [Perception] Post 1: x=-0.30 y=-0.45 dist=0.54 m[0m
[02:05:58] [0m[INFO] [1779732357.907319337]: [Perception] Post 1: x=-0.31 y=-0.45 dist=0.54 m[0m
[02:05:58] [0m[INFO] [1779732358.208384922]: [Perception] Post 1: x=-0.30 y=-0.45 dist=0.54 m[0m
[02:05:58] [0m[INFO] [1779732358.508459262]: [Perception] Post 1: x=-0.31 y=-0.45 dist=0.55 m[0m
[02:06:14] [0m[INFO] [1779732358.808476752]: [Perception] Post 1: x=-0.30 y=-0.45 dist=0.54 m[0m
[02:06:14] [0m[INFO] [1779732359.108497810]: [Perception] Post 1: x=-0.31 y=-0.45 dist=0.55 m[0m
[02:06:14] [0m[INFO] [1779732359.408955218]: [Perception] Post 1: x=-0.30 y=-0.45 dist=0.54 m[0m
[02:06:14] [0m[INFO] [1779732359.709318530]: [Perception] Post 1: x=-0.31 y=-0.45 dist=0.55 m[0m
[02:06:14] [0m[INFO] [1779732360.058583158]: [Perception] Post 1: x=-0.31 y=-0.45 dist=0.54 m[0m
[02:06:14] [0m[INFO] [1779732360.408497632]: [Perception] Post 1: x=-0.31 y=-0.45 dist=0.54 m[0m
[02:06:14] [0m[INFO] [1779732360.758523461]: [Perception] Post 1: x=-0.30 y=-0.45 dist=0.54 m[0m
[02:06:14] [0m[INFO] [1779732361.108046721]: [Perception] Post 1: x=-0.30 y=-0.45 dist=0.54 m[0m
[02:06:14] [0m[INFO] [1779732361.408724584]: [Perception] Post 1: x=-0.31 y=-0.45 dist=0.54 m[0m
[02:06:14] [0m[INFO] [1779732361.758930302]: [Perception] Post 1: x=-0.30 y=-0.45 dist=0.54 m[0m
[02:06:14] [0m[INFO] [1779732362.108275058]: [Perception] Post 1: x=-0.31 y=-0.45 dist=0.54 m[0m
[02:06:14] [0m[INFO] [1779732362.408937811]: [Perception] Post 1: x=-0.31 y=-0.45 dist=0.54 m[0m
[02:06:14] [0m[INFO] [1779732362.757386191]: [Perception] Post 1: x=-0.30 y=-0.45 dist=0.54 m[0m
[02:06:14] [0m[INFO] [1779732363.058706549]: [Perception] Post 1: x=-0.30 y=-0.45 dist=0.54 m[0m
[02:06:14] [0m[INFO] [1779732363.407902043]: [Perception] Post 1: x=-0.30 y=-0.45 dist=0.54 m[0m
[02:06:14] [0m[INFO] [1779732363.709061236]: [Perception] Post 1: x=-0.31 y=-0.45 dist=0.54 m[0m
[02:06:14] [0m[INFO] [1779732364.058074432]: [Perception] Post 1: x=-0.30 y=-0.45 dist=0.54 m[0m
[02:06:14] [0m[INFO] [1779732364.358072543]: [Perception] Post 1: x=-0.31 y=-0.45 dist=0.54 m[0m
[02:06:14] [0m[INFO] [1779732364.659358459]: [Perception] Post 1: x=-0.31 y=-0.45 dist=0.55 m[0m
[02:06:14] [0m[INFO] [1779732365.008941586]: [Perception] Post 1: x=-0.31 y=-0.45 dist=0.54 m[0m
[02:06:14] [0m[INFO] [1779732365.308991108]: [Perception] Post 1: x=-0.31 y=-0.45 dist=0.55 m[0m
[02:06:14] [0m[INFO] [1779732365.657965310]: [Perception] Post 1: x=-0.30 y=-0.45 dist=0.54 m[0m
[02:06:14] [0m[INFO] [1779732365.959071547]: [Perception] Post 1: x=-0.31 y=-0.45 dist=0.55 m[0m
[02:06:14] [0m[INFO] [1779732366.308514307]: [Perception] Post 1: x=-0.31 y=-0.45 dist=0.54 m[0m
[02:06:14] [0m[INFO] [1779732366.608800297]: [Perception] Post 1: x=-0.30 y=-0.45 dist=0.54 m[0m
[02:06:14] [0m[INFO] [1779732366.958301852]: [Perception] Post 1: x=-0.31 y=-0.45 dist=0.54 m[0m
[02:06:14] [0m[INFO] [1779732367.308029857]: [Perception] Post 1: x=-0.30 y=-0.45 dist=0.54 m[0m
[02:06:14] [0m[INFO] [1779732367.608104064]: [Perception] Post 1: x=-0.30 y=-0.45 dist=0.54 m[0m
[02:06:14] [0m[INFO] [1779732367.957778748]: [Perception] Post 1: x=-0.30 y=-0.45 dist=0.54 m[0m
[02:06:14] [0m[INFO] [1779732368.308169096]: [Perception] Post 1: x=-0.31 y=-0.45 dist=0.54 m[0m
[02:06:14] [0m[INFO] [1779732368.609555863]: [Perception] Post 1: x=-0.31 y=-0.45 dist=0.54 m[0m
[02:06:14] [0m[INFO] [1779732368.958010228]: [Perception] Post 1: x=-0.30 y=-0.45 dist=0.54 m[0m
[02:06:14] [0m[INFO] [1779732369.258474905]: [Perception] Post 1: x=-0.30 y=-0.45 dist=0.54 m[0m
[02:06:14] [0m[INFO] [1779732369.609145653]: [Perception] Post 1: x=-0.30 y=-0.45 dist=0.54 m[0m
[02:06:14] [0m[INFO] [1779732369.958137864]: [Perception] Post 1: x=-0.31 y=-0.45 dist=0.54 m[0m
[02:06:14] [0m[INFO] [1779732370.258996948]: [Perception] Post 1: x=-0.31 y=-0.45 dist=0.55 m[0m
[02:06:14] [0m[INFO] [1779732370.608485725]: [Perception] Post 1: x=-0.31 y=-0.45 dist=0.55 m[0m
[02:06:14] [0m[INFO] [1779732370.957892307]: [Perception] Post 1: x=-0.30 y=-0.45 dist=0.54 m[0m
[02:06:14] [0m[INFO] [1779732371.258465803]: [Perception] Post 1: x=-0.30 y=-0.45 dist=0.54 m[0m
[02:06:14] [0m[INFO] [1779732371.608799591]: [Perception] Post 1: x=-0.31 y=-0.45 dist=0.54 m[0m
[02:06:14] [0m[INFO] [1779732371.957705292]: [Perception] Post 1: x=-0.30 y=-0.45 dist=0.54 m[0m
[02:06:14] [0m[INFO] [1779732372.258459874]: [Perception] Post 1: x=-0.31 y=-0.45 dist=0.54 m[0m
[02:06:14] [0m[INFO] [1779732372.608572627]: [Perception] Post 1: x=-0.31 y=-0.45 dist=0.54 m[0m
[02:06:14] [0m[INFO] [1779732372.908746165]: [Perception] Post 1: x=-0.30 y=-0.45 dist=0.54 m[0m
[02:06:14] [0m[INFO] [1779732373.257995362]: [Perception] Post 1: x=-0.31 y=-0.45 dist=0.54 m[0m
[02:06:14] [0m[INFO] [1779732373.558513569]: [Perception] Post 1: x=-0.31 y=-0.45 dist=0.55 m[0m
[02:06:14] [0m[INFO] [1779732373.908063147]: [Perception] Post 1: x=-0.30 y=-0.45 dist=0.54 m[0m
[02:06:29] [0m[INFO] [1779732374.208269070]: [Perception] Post 1: x=-0.31 y=-0.45 dist=0.54 m[0m
[02:06:29] [0m[INFO] [1779732374.558766464]: [Perception] Post 1: x=-0.30 y=-0.45 dist=0.54 m[0m
[02:06:29] [0m[INFO] [1779732374.908563958]: [Perception] Post 1: x=-0.31 y=-0.45 dist=0.54 m[0m
[02:06:29] [0m[INFO] [1779732375.257813275]: [Perception] Post 1: x=-0.30 y=-0.45 dist=0.54 m[0m
[02:06:29] [0m[INFO] [1779732375.559070711]: [Perception] Post 1: x=-0.31 y=-0.45 dist=0.55 m[0m
[02:06:29] [0m[INFO] [1779732375.907952867]: [Perception] Post 1: x=-0.30 y=-0.45 dist=0.54 m[0m
[02:06:29] [0m[INFO] [1779732376.208265650]: [Perception] Post 1: x=-0.31 y=-0.45 dist=0.54 m[0m
[02:06:29] [0m[INFO] [1779732376.509374482]: [Perception] Post 1: x=-0.31 y=-0.45 dist=0.55 m[0m
[02:06:29] [0m[INFO] [1779732376.857777007]: [Perception] Post 1: x=-0.31 y=-0.45 dist=0.54 m[0m
[02:06:29] [0m[INFO] [1779732377.159145627]: [Perception] Post 1: x=-0.31 y=-0.45 dist=0.54 m[0m
[02:06:29] [0m[INFO] [1779732377.507920327]: [Perception] Post 1: x=-0.30 y=-0.45 dist=0.54 m[0m
[02:06:29] [0m[INFO] [1779732377.809326202]: [Perception] Post 1: x=-0.31 y=-0.45 dist=0.55 m[0m
[02:06:29] [0m[INFO] [1779732378.158230087]: [Perception] Post 1: x=-0.31 y=-0.45 dist=0.54 m[0m
[02:06:29] [0m[INFO] [1779732378.507861556]: [Perception] Post 1: x=-0.31 y=-0.45 dist=0.54 m[0m
[02:06:29] [0m[INFO] [1779732378.809157687]: [Perception] Post 1: x=-0.31 y=-0.45 dist=0.54 m[0m
[02:06:29] [0m[INFO] [1779732379.158999391]: [Perception] Post 1: x=-0.30 y=-0.45 dist=0.54 m[0m
[02:06:29] [0m[INFO] [1779732379.507479175]: [Perception] Post 1: x=-0.31 y=-0.45 dist=0.54 m[0m
[02:06:29] [0m[INFO] [1779732379.808525745]: [Perception] Post 1: x=-0.31 y=-0.45 dist=0.54 m[0m
[02:06:29] [0m[INFO] [1779732380.108994678]: [Perception] Post 1: x=-0.31 y=-0.45 dist=0.54 m[0m
[02:06:29] [0m[INFO] [1779732380.458637016]: [Perception] Post 1: x=-0.31 y=-0.45 dist=0.54 m[0m
[02:06:29] [0m[INFO] [1779732380.809024217]: [Perception] Post 1: x=-0.31 y=-0.45 dist=0.55 m[0m
[02:06:29] [0m[INFO] [1779732381.158505160]: [Perception] Post 1: x=-0.31 y=-0.45 dist=0.54 m[0m
[02:06:29] [0m[INFO] [1779732381.508065215]: [Perception] Post 1: x=-0.30 y=-0.45 dist=0.54 m[0m
[02:06:29] [0m[INFO] [1779732381.808181928]: [Perception] Post 1: x=-0.30 y=-0.45 dist=0.54 m[0m
[02:06:29] [0m[INFO] [1779732382.109143243]: [Perception] Post 1: x=-0.30 y=-0.45 dist=0.54 m[0m
[02:06:29] [0m[INFO] [1779732382.409410995]: [Perception] Post 1: x=-0.30 y=-0.45 dist=0.54 m[0m
[02:06:29] [0m[INFO] [1779732382.758023168]: [Perception] Post 1: x=-0.31 y=-0.45 dist=0.54 m[0m
[02:06:29] [0m[INFO] [1779732383.107499025]: [Perception] Post 1: x=-0.31 y=-0.45 dist=0.54 m[0m
[02:06:29] [0m[INFO] [1779732383.407506868]: [Perception] Post 1: x=-0.30 y=-0.45 dist=0.54 m[0m
[02:06:29] [0m[INFO] [1779732383.708438869]: [Perception] Post 1: x=-0.31 y=-0.45 dist=0.54 m[0m
[02:06:29] [0m[INFO] [1779732384.058369941]: [Perception] Post 1: x=-0.30 y=-0.45 dist=0.54 m[0m
[02:06:29] [0m[INFO] [1779732384.359051447]: [Perception] Post 1: x=-0.30 y=-0.45 dist=0.54 m[0m
[02:06:29] [0m[INFO] [1779732384.708375977]: [Perception] Post 1: x=-0.31 y=-0.45 dist=0.54 m[0m
[02:06:29] [0m[INFO] [1779732385.058609142]: [Perception] Post 1: x=-0.31 y=-0.45 dist=0.54 m[0m
[02:06:29] [0m[INFO] [1779732385.407455797]: [Perception] Post 1: x=-0.31 y=-0.45 dist=0.54 m[0m
[02:06:29] [0m[INFO] [1779732385.708835455]: [Perception] Post 1: x=-0.31 y=-0.45 dist=0.54 m[0m
[02:06:29] [0m[INFO] [1779732386.057850924]: [Perception] Post 1: x=-0.30 y=-0.45 dist=0.54 m[0m
[02:06:29] [0m[INFO] [1779732386.358566494]: [Perception] Post 1: x=-0.30 y=-0.45 dist=0.54 m[0m
[02:06:29] [0m[INFO] [1779732386.707730615]: [Perception] Post 1: x=-0.30 y=-0.45 dist=0.54 m[0m
[02:06:29] [0m[INFO] [1779732387.007937909]: [Perception] Post 1: x=-0.30 y=-0.45 dist=0.54 m[0m
[02:06:29] [0m[INFO] [1779732387.308031581]: [Perception] Post 1: x=-0.31 y=-0.45 dist=0.54 m[0m
[02:06:29] [0m[INFO] [1779732387.608224259]: [Perception] Post 1: x=-0.30 y=-0.45 dist=0.54 m[0m
[02:06:29] [0m[INFO] [1779732387.958102890]: [Perception] Post 1: x=-0.30 y=-0.45 dist=0.54 m[0m
[02:06:29] [0m[INFO] [1779732388.307463866]: [Perception] Post 1: x=-0.30 y=-0.45 dist=0.54 m[0m
[02:06:29] [0m[INFO] [1779732388.607511842]: [Perception] Post 1: x=-0.30 y=-0.45 dist=0.54 m[0m
[02:06:29] [0m[INFO] [1779732388.908492943]: [Perception] Post 1: x=-0.31 y=-0.45 dist=0.55 m[0m
[02:06:29] [0m[INFO] [1779732389.257352149]: [Perception] Post 1: x=-0.30 y=-0.45 dist=0.54 m[0m
[02:06:44] [0m[INFO] [1779732389.559120077]: [Perception] Post 1: x=-0.30 y=-0.45 dist=0.54 m[0m
[02:06:44] [0m[INFO] [1779732389.907744123]: [Perception] Post 1: x=-0.31 y=-0.45 dist=0.54 m[0m
[02:06:44] [0m[INFO] [1779732390.208415875]: [Perception] Post 1: x=-0.31 y=-0.45 dist=0.55 m[0m
[02:06:44] [0m[INFO] [1779732390.558512539]: [Perception] Post 1: x=-0.30 y=-0.45 dist=0.54 m[0m
[02:06:44] [0m[INFO] [1779732390.908837439]: [Perception] Post 1: x=-0.31 y=-0.45 dist=0.54 m[0m
[02:06:44] [0m[INFO] [1779732391.258635164]: [Perception] Post 1: x=-0.31 y=-0.45 dist=0.54 m[0m
[02:06:44] [0m[INFO] [1779732391.608587892]: [Perception] Post 1: x=-0.31 y=-0.45 dist=0.54 m[0m
[02:06:44] [0m[INFO] [1779732391.908670967]: [Perception] Post 1: x=-0.31 y=-0.45 dist=0.55 m[0m
[02:06:44] [0m[INFO] [1779732392.257610441]: [Perception] Post 1: x=-0.30 y=-0.45 dist=0.54 m[0m
[02:06:44] [0m[INFO] [1779732392.557834747]: [Perception] Post 1: x=-0.30 y=-0.45 dist=0.54 m[0m
[02:06:44] [0m[INFO] [1779732392.907985733]: [Perception] Post 1: x=-0.31 y=-0.45 dist=0.55 m[0m
[02:06:44] [0m[INFO] [1779732393.257687251]: [Perception] Post 1: x=-0.31 y=-0.45 dist=0.55 m[0m
[02:06:44] [0m[INFO] [1779732393.607597819]: [Perception] Post 1: x=-0.30 y=-0.45 dist=0.54 m[0m
[02:06:44] [0m[INFO] [1779732393.907862324]: [Perception] Post 1: x=-0.31 y=-0.45 dist=0.54 m[0m
[02:06:44] [0m[INFO] [1779732394.208518663]: [Perception] Post 1: x=-0.31 y=-0.45 dist=0.54 m[0m
[02:06:44] [0m[INFO] [1779732394.557541338]: [Perception] Post 1: x=-0.31 y=-0.45 dist=0.55 m[0m
[02:06:44] [0m[INFO] [1779732394.859095635]: [Perception] Post 1: x=-0.30 y=-0.45 dist=0.54 m[0m
[02:06:44] [0m[INFO] [1779732395.208209453]: [Perception] Post 1: x=-0.31 y=-0.45 dist=0.54 m[0m
[02:06:44] [0m[INFO] [1779732395.558375538]: [Perception] Post 1: x=-0.30 y=-0.45 dist=0.54 m[0m
[02:06:44] [0m[INFO] [1779732395.908087785]: [Perception] Post 1: x=-0.30 y=-0.45 dist=0.54 m[0m
[02:06:44] [0m[INFO] [1779732396.208234386]: [Perception] Post 1: x=-0.30 y=-0.45 dist=0.54 m[0m
[02:06:44] [0m[INFO] [1779732396.557424047]: [Perception] Post 1: x=-0.30 y=-0.45 dist=0.54 m[0m
[02:06:44] [0m[INFO] [1779732396.857599250]: [Perception] Post 1: x=-0.31 y=-0.45 dist=0.54 m[0m
[02:06:44] [0m[INFO] [1779732397.207709144]: [Perception] Post 1: x=-0.31 y=-0.45 dist=0.55 m[0m
[02:06:44] [0m[INFO] [1779732397.508349602]: [Perception] Post 1: x=-0.31 y=-0.45 dist=0.54 m[0m
[02:06:44] [0m[INFO] [1779732397.858532552]: [Perception] Post 1: x=-0.30 y=-0.45 dist=0.54 m[0m
[02:06:44] [0m[INFO] [1779732398.208343450]: [Perception] Post 1: x=-0.30 y=-0.45 dist=0.54 m[0m
[02:06:44] [0m[INFO] [1779732398.557932385]: [Perception] Post 1: x=-0.31 y=-0.45 dist=0.54 m[0m
[02:06:44] [0m[INFO] [1779732398.858063924]: [Perception] Post 1: x=-0.30 y=-0.45 dist=0.54 m[0m
[02:06:44] [0m[INFO] [1779732399.158230632]: [Perception] Post 1: x=-0.31 y=-0.45 dist=0.54 m[0m
[02:06:44] [0m[INFO] [1779732399.458605708]: [Perception] Post 1: x=-0.30 y=-0.45 dist=0.54 m[0m
[02:06:44] [0m[INFO] [1779732399.807694403]: [Perception] Post 1: x=-0.31 y=-0.45 dist=0.54 m[0m
[02:06:44] [0m[INFO] [1779732400.157429337]: [Perception] Post 1: x=-0.31 y=-0.45 dist=0.54 m[0m
[02:06:44] [0m[INFO] [1779732400.457982574]: [Perception] Post 1: x=-0.31 y=-0.45 dist=0.55 m[0m
[02:06:44] [0m[INFO] [1779732400.808159786]: [Perception] Post 1: x=-0.30 y=-0.45 dist=0.54 m[0m
[02:06:44] [0m[INFO] [1779732401.157750619]: [Perception] Post 1: x=-0.31 y=-0.45 dist=0.55 m[0m
[02:06:44] [0m[INFO] [1779732401.507437656]: [Perception] Post 1: x=-0.31 y=-0.45 dist=0.54 m[0m
[02:06:44] [0m[INFO] [1779732401.808385923]: [Perception] Post 1: x=-0.31 y=-0.45 dist=0.54 m[0m
[02:06:44] [0m[INFO] [1779732402.157508517]: [Perception] Post 1: x=-0.30 y=-0.45 dist=0.54 m[0m
[02:06:44] [0m[INFO] [1779732402.457613905]: [Perception] Post 1: x=-0.30 y=-0.45 dist=0.54 m[0m
[02:06:44] [0m[INFO] [1779732402.759079682]: [Perception] Post 1: x=-0.31 y=-0.45 dist=0.54 m[0m
[02:06:44] [0m[INFO] [1779732403.108398636]: [Perception] Post 1: x=-0.31 y=-0.45 dist=0.55 m[0m
[02:06:44] [0m[INFO] [1779732403.408485265]: [Perception] Post 1: x=-0.30 y=-0.45 dist=0.54 m[0m
[02:06:44] [0m[INFO] [1779732403.709301518]: [Perception] Post 1: x=-0.31 y=-0.45 dist=0.54 m[0m
[02:06:44] [0m[INFO] [1779732404.057344579]: [Perception] Post 1: x=-0.30 y=-0.45 dist=0.54 m[0m
[02:06:44] [0m[INFO] [1779732404.357820088]: [Perception] Post 1: x=-0.30 y=-0.45 dist=0.54 m[0m
[02:07:00] [0m[INFO] [1779732404.708123157]: [Perception] Post 1: x=-0.31 y=-0.45 dist=0.54 m[0m
[02:07:00] [0m[INFO] [1779732405.008346094]: [Perception] Post 1: x=-0.30 y=-0.45 dist=0.54 m[0m
[02:07:00] [0m[INFO] [1779732405.358628579]: [Perception] Post 1: x=-0.31 y=-0.45 dist=0.54 m[0m
[02:07:00] [0m[INFO] [1779732405.707627051]: [Perception] Post 1: x=-0.30 y=-0.45 dist=0.54 m[0m
[02:07:00] [0m[INFO] [1779732406.057774499]: [Perception] Post 1: x=-0.30 y=-0.45 dist=0.54 m[0m
[02:07:00] [0m[INFO] [1779732406.358184704]: [Perception] Post 1: x=-0.30 y=-0.45 dist=0.54 m[0m
[02:07:00] [0m[INFO] [1779732406.708117032]: [Perception] Post 1: x=-0.31 y=-0.45 dist=0.54 m[0m
[02:07:00] [0m[INFO] [1779732407.057421797]: [Perception] Post 1: x=-0.30 y=-0.45 dist=0.54 m[0m
[02:07:00] [0m[INFO] [1779732407.357581266]: [Perception] Post 1: x=-0.30 y=-0.45 dist=0.54 m[0m
[02:07:00] [0m[INFO] [1779732407.657732466]: [Perception] Post 1: x=-0.30 y=-0.45 dist=0.54 m[0m
[02:07:00] [0m[INFO] [1779732408.008000418]: [Perception] Post 1: x=-0.30 y=-0.45 dist=0.54 m[0m
[02:07:00] [0m[INFO] [1779732408.357645356]: [Perception] Post 1: x=-0.31 y=-0.45 dist=0.54 m[0m
[02:07:00] [0m[INFO] [1779732408.658443360]: [Perception] Post 1: x=-0.31 y=-0.45 dist=0.54 m[0m
[02:07:00] [0m[INFO] [1779732409.007708904]: [Perception] Post 1: x=-0.30 y=-0.45 dist=0.54 m[0m
[02:07:00] [0m[INFO] [1779732409.307809171]: [Perception] Post 1: x=-0.30 y=-0.45 dist=0.54 m[0m
[02:07:00] [0m[INFO] [1779732409.657374150]: [Perception] Post 1: x=-0.31 y=-0.45 dist=0.54 m[0m
[02:07:00] [0m[INFO] [1779732410.007505189]: [Perception] Post 1: x=-0.31 y=-0.45 dist=0.55 m[0m
[02:07:00] [0m[INFO] [1779732410.307882255]: [Perception] Post 1: x=-0.30 y=-0.45 dist=0.54 m[0m
[02:07:00] [0m[INFO] [1779732410.658583218]: [Perception] Post 1: x=-0.30 y=-0.45 dist=0.54 m[0m
[02:07:00] [0m[INFO] [1779732411.008225119]: [Perception] Post 1: x=-0.31 y=-0.45 dist=0.55 m[0m
[02:07:00] [0m[INFO] [1779732411.309060234]: [Perception] Post 1: x=-0.30 y=-0.45 dist=0.54 m[0m
[02:07:00] [0m[INFO] [1779732411.658085058]: [Perception] Post 1: x=-0.30 y=-0.45 dist=0.54 m[0m
[02:07:00] [0m[INFO] [1779732411.958134305]: [Perception] Post 1: x=-0.31 y=-0.45 dist=0.55 m[0m
[02:07:00] [0m[INFO] [1779732412.307511504]: [Perception] Post 1: x=-0.30 y=-0.45 dist=0.54 m[0m
[02:07:00] [0m[INFO] [1779732412.657597322]: [Perception] Post 1: x=-0.30 y=-0.45 dist=0.54 m[0m
[02:07:00] [0m[INFO] [1779732413.008180068]: [Perception] Post 1: x=-0.31 y=-0.45 dist=0.54 m[0m
[02:07:00] [0m[INFO] [1779732413.308309885]: [Perception] Post 1: x=-0.31 y=-0.45 dist=0.55 m[0m
[02:07:00] [0m[INFO] [1779732413.657368109]: [Perception] Post 1: x=-0.31 y=-0.45 dist=0.54 m[0m
[02:07:00] [0m[INFO] [1779732413.957426118]: [Perception] Post 1: x=-0.31 y=-0.45 dist=0.54 m[0m
[02:07:00] [0m[INFO] [1779732414.258026993]: [Perception] Post 1: x=-0.31 y=-0.45 dist=0.54 m[0m
[02:07:00] [0m[INFO] [1779732414.608839161]: [Perception] Post 1: x=-0.30 y=-0.45 dist=0.54 m[0m
[02:07:00] [0m[INFO] [1779732414.957793954]: [Perception] Post 1: x=-0.31 y=-0.45 dist=0.54 m[0m
[02:07:00] [0m[INFO] [1779732415.307304503]: [Perception] Post 1: x=-0.30 y=-0.45 dist=0.54 m[0m
[02:07:00] [0m[INFO] [1779732415.607453472]: [Perception] Post 1: x=-0.31 y=-0.45 dist=0.55 m[0m
[02:07:00] [0m[INFO] [1779732415.958434828]: [Perception] Post 1: x=-0.31 y=-0.45 dist=0.55 m[0m
[02:07:00] [0m[INFO] [1779732416.307580108]: [Perception] Post 1: x=-0.30 y=-0.45 dist=0.54 m[0m
[02:07:00] [0m[INFO] [1779732416.607677818]: [Perception] Post 1: x=-0.31 y=-0.45 dist=0.54 m[0m
[02:07:00] [0m[INFO] [1779732416.957434123]: [Perception] Post 1: x=-0.31 y=-0.45 dist=0.54 m[0m
[02:07:00] [0m[INFO] [1779732417.308245335]: [Perception] Post 1: x=-0.31 y=-0.45 dist=0.54 m[0m
[02:07:00] [0m[INFO] [1779732417.658088306]: [Perception] Post 1: x=-0.31 y=-0.45 dist=0.54 m[0m
[02:07:00] [0m[INFO] [1779732418.007256426]: [Perception] Post 1: x=-0.30 y=-0.45 dist=0.54 m[0m
[02:07:00] [0m[INFO] [1779732418.308452066]: [Perception] Post 1: x=-0.31 y=-0.45 dist=0.55 m[0m
[02:07:00] [0m[INFO] [1779732418.657688443]: [Perception] Post 1: x=-0.30 y=-0.45 dist=0.54 m[0m
[02:07:00] [0m[INFO] [1779732419.007383007]: [Perception] Post 1: x=-0.30 y=-0.45 dist=0.54 m[0m
[02:07:00] [0m[INFO] [1779732419.307388876]: [Perception] Post 1: x=-0.30 y=-0.45 dist=0.54 m[0m
[02:07:00] [0m[INFO] [1779732419.657478435]: [Perception] Post 1: x=-0.31 y=-0.45 dist=0.54 m[0m
[02:07:00] [0m[INFO] [1779732420.007375942]: [Perception] Post 1: x=-0.30 y=-0.45 dist=0.54 m[0m
[02:07:15] [0m[INFO] [1779732420.307804739]: [Perception] Post 1: x=-0.30 y=-0.45 dist=0.54 m[0m
[02:07:15] [0m[INFO] [1779732420.657833093]: [Perception] Post 1: x=-0.30 y=-0.45 dist=0.54 m[0m
[02:07:15] [0m[INFO] [1779732420.958061876]: [Perception] Post 1: x=-0.30 y=-0.45 dist=0.54 m[0m
[02:07:15] [0m[INFO] [1779732421.307718935]: [Perception] Post 1: x=-0.30 y=-0.45 dist=0.54 m[0m
[02:07:15] [0m[INFO] [1779732421.657614655]: [Perception] Post 1: x=-0.31 y=-0.45 dist=0.54 m[0m
[02:07:15] [0m[INFO] [1779732421.957597991]: [Perception] Post 1: x=-0.30 y=-0.45 dist=0.54 m[0m
[02:07:15] [0m[INFO] [1779732422.257658362]: [Perception] Post 1: x=-0.31 y=-0.45 dist=0.54 m[0m
[02:07:15] [0m[INFO] [1779732422.558127482]: [Perception] Post 1: x=-0.31 y=-0.45 dist=0.55 m[0m
[02:07:15] [0m[INFO] [1779732422.858142673]: [Perception] Post 1: x=-0.31 y=-0.45 dist=0.54 m[0m
[02:07:15] [0m[INFO] [1779732423.207684009]: [Perception] Post 1: x=-0.31 y=-0.45 dist=0.54 m[0m
[02:07:15] [0m[INFO] [1779732423.508406794]: [Perception] Post 1: x=-0.30 y=-0.45 dist=0.54 m[0m
[02:07:15] [0m[INFO] [1779732423.858217264]: [Perception] Post 1: x=-0.30 y=-0.45 dist=0.54 m[0m
[02:07:15] [0m[INFO] [1779732424.207490878]: [Perception] Post 1: x=-0.31 y=-0.45 dist=0.54 m[0m
[02:07:15] [0m[INFO] [1779732424.557318007]: [Perception] Post 1: x=-0.30 y=-0.45 dist=0.54 m[0m
[02:07:15] [0m[INFO] [1779732424.857380183]: [Perception] Post 1: x=-0.30 y=-0.45 dist=0.54 m[0m
[02:07:15] [0m[INFO] [1779732425.157822664]: [Perception] Post 1: x=-0.31 y=-0.45 dist=0.54 m[0m
[02:07:15] [0m[INFO] [1779732425.507471960]: [Perception] Post 1: x=-0.31 y=-0.45 dist=0.55 m[0m
[02:07:15] [0m[INFO] [1779732425.807814260]: [Perception] Post 1: x=-0.30 y=-0.45 dist=0.54 m[0m
[02:07:15] [0m[INFO] [1779732426.158414763]: [Perception] Post 1: x=-0.31 y=-0.45 dist=0.55 m[0m
[02:07:15] [0m[INFO] [1779732426.507662278]: [Perception] Post 1: x=-0.31 y=-0.45 dist=0.54 m[0m
[02:07:15] [0m[INFO] [1779732426.808097132]: [Perception] Post 1: x=-0.30 y=-0.45 dist=0.54 m[0m
[02:07:15] [0m[INFO] [1779732427.157449142]: [Perception] Post 1: x=-0.30 y=-0.45 dist=0.54 m[0m
[02:07:15] [0m[INFO] [1779732427.458438280]: [Perception] Post 1: x=-0.31 y=-0.45 dist=0.54 m[0m
[02:07:15] [0m[INFO] [1779732427.807624520]: [Perception] Post 1: x=-0.30 y=-0.45 dist=0.54 m[0m
[02:07:15] [0m[INFO] [1779732428.107958012]: [Perception] Post 1: x=-0.31 y=-0.45 dist=0.55 m[0m
[02:07:15] [0m[INFO] [1779732428.457387344]: [Perception] Post 1: x=-0.30 y=-0.45 dist=0.54 m[0m
[02:07:15] [0m[INFO] [1779732428.757617846]: [Perception] Post 1: x=-0.30 y=-0.45 dist=0.54 m[0m
[02:07:15] [0m[INFO] [1779732429.058869821]: [Perception] Post 1: x=-0.31 y=-0.45 dist=0.55 m[0m
[02:07:15] [0m[INFO] [1779732429.407398360]: [Perception] Post 1: x=-0.31 y=-0.45 dist=0.55 m[0m
[02:07:15] [0m[INFO] [1779732429.707706980]: [Perception] Post 1: x=-0.31 y=-0.45 dist=0.55 m[0m
[02:07:15] [0m[INFO] [1779732430.007729973]: [Perception] Post 1: x=-0.31 y=-0.45 dist=0.54 m[0m
[02:07:15] [0m[INFO] [1779732430.357604346]: [Perception] Post 1: x=-0.31 y=-0.45 dist=0.54 m[0m
[02:07:15] [0m[INFO] [1779732430.658225005]: [Perception] Post 1: x=-0.30 y=-0.45 dist=0.54 m[0m
[02:07:15] [0m[INFO] [1779732431.007487883]: [Perception] Post 1: x=-0.31 y=-0.45 dist=0.54 m[0m
[02:07:15] [0m[INFO] [1779732431.308222269]: [Perception] Post 1: x=-0.30 y=-0.45 dist=0.54 m[0m
[02:07:15] [0m[INFO] [1779732431.657741396]: [Perception] Post 1: x=-0.30 y=-0.45 dist=0.54 m[0m
[02:07:15] [0m[INFO] [1779732431.958318169]: [Perception] Post 1: x=-0.31 y=-0.45 dist=0.54 m[0m
[02:07:15] [0m[INFO] [1779732432.308147471]: [Perception] Post 1: x=-0.30 y=-0.45 dist=0.54 m[0m
[02:07:15] [0m[INFO] [1779732432.657624890]: [Perception] Post 1: x=-0.30 y=-0.45 dist=0.54 m[0m
[02:07:15] [0m[INFO] [1779732432.957893491]: [Perception] Post 1: x=-0.30 y=-0.45 dist=0.54 m[0m
[02:07:15] [0m[INFO] [1779732433.307557304]: [Perception] Post 1: x=-0.30 y=-0.45 dist=0.54 m[0m
[02:07:15] [0m[INFO] [1779732433.607786426]: [Perception] Post 1: x=-0.31 y=-0.45 dist=0.54 m[0m
[02:07:15] [0m[INFO] [1779732433.957593007]: [Perception] Post 1: x=-0.30 y=-0.45 dist=0.54 m[0m
[02:07:15] [0m[INFO] [1779732434.258019146]: [Perception] Post 1: x=-0.31 y=-0.45 dist=0.54 m[0m
[02:07:15] [0m[INFO] [1779732434.608381590]: [Perception] Post 1: x=-0.30 y=-0.45 dist=0.54 m[0m
[02:07:15] [0m[INFO] [1779732434.957669931]: [Perception] Post 1: x=-0.31 y=-0.45 dist=0.54 m[0m
[02:07:30] [0m[INFO] [1779732435.257776570]: [Perception] Post 1: x=-0.30 y=-0.45 dist=0.54 m[0m
[02:07:30] [0m[INFO] [1779732435.607776417]: [Perception] Post 1: x=-0.31 y=-0.45 dist=0.55 m[0m
[02:07:30] [0m[INFO] [1779732435.957372674]: [Perception] Post 1: x=-0.30 y=-0.45 dist=0.54 m[0m
[02:07:30] [0m[INFO] [1779732436.257580528]: [Perception] Post 1: x=-0.30 y=-0.45 dist=0.54 m[0m
[02:07:30] [0m[INFO] [1779732436.558084590]: [Perception] Post 1: x=-0.31 y=-0.45 dist=0.54 m[0m
[02:07:30] [0m[INFO] [1779732436.858542426]: [Perception] Post 1: x=-0.31 y=-0.45 dist=0.54 m[0m
[02:07:30] [0m[INFO] [1779732437.207513204]: [Perception] Post 1: x=-0.30 y=-0.45 dist=0.54 m[0m
[02:07:30] [0m[INFO] [1779732437.508608573]: [Perception] Post 1: x=-0.31 y=-0.45 dist=0.54 m[0m
[02:07:30] [0m[INFO] [1779732437.857290140]: [Perception] Post 1: x=-0.30 y=-0.45 dist=0.54 m[0m
[02:07:30] [0m[INFO] [1779732438.157439795]: [Perception] Post 1: x=-0.30 y=-0.45 dist=0.54 m[0m
[02:07:30] [0m[INFO] [1779732438.457757392]: [Perception] Post 1: x=-0.30 y=-0.45 dist=0.54 m[0m
[02:07:30] [0m[INFO] [1779732438.758796214]: [Perception] Post 1: x=-0.31 y=-0.45 dist=0.54 m[0m
[02:07:30] [0m[INFO] [1779732439.107577616]: [Perception] Post 1: x=-0.30 y=-0.45 dist=0.54 m[0m
[02:07:30] [0m[INFO] [1779732439.408581785]: [Perception] Post 1: x=-0.30 y=-0.45 dist=0.54 m[0m
[02:07:30] [0m[INFO] [1779732439.758316836]: [Perception] Post 1: x=-0.31 y=-0.45 dist=0.54 m[0m
[02:07:30] [0m[INFO] [1779732440.107620716]: [Perception] Post 1: x=-0.30 y=-0.45 dist=0.54 m[0m
[02:07:30] [0m[INFO] [1779732440.457396543]: [Perception] Post 1: x=-0.31 y=-0.45 dist=0.54 m[0m
[02:07:30] [0m[INFO] [1779732440.758823877]: [Perception] Post 1: x=-0.30 y=-0.45 dist=0.54 m[0m
[02:07:30] [0m[INFO] [1779732441.107606905]: [Perception] Post 1: x=-0.30 y=-0.45 dist=0.54 m[0m
[02:07:30] [0m[INFO] [1779732441.407830720]: [Perception] Post 1: x=-0.30 y=-0.45 dist=0.54 m[0m
[02:07:30] [0m[INFO] [1779732441.757350514]: [Perception] Post 1: x=-0.30 y=-0.45 dist=0.54 m[0m
[02:07:30] [0m[INFO] [1779732442.058511166]: [Perception] Post 1: x=-0.30 y=-0.45 dist=0.54 m[0m
[02:07:30] [0m[INFO] [1779732442.407539745]: [Perception] Post 1: x=-0.30 y=-0.45 dist=0.54 m[0m
[02:07:30] [0m[INFO] [1779732442.707856112]: [Perception] Post 1: x=-0.30 y=-0.45 dist=0.54 m[0m
[02:07:30] [0m[INFO] [1779732443.057533160]: [Perception] Post 1: x=-0.31 y=-0.45 dist=0.55 m[0m
[02:07:30] [0m[INFO] [1779732443.358286982]: [Perception] Post 1: x=-0.30 y=-0.45 dist=0.54 m[0m
[02:07:30] [0m[INFO] [1779732443.707361103]: [Perception] Post 1: x=-0.30 y=-0.45 dist=0.54 m[0m
[02:07:30] [0m[INFO] [1779732444.007497805]: [Perception] Post 1: x=-0.30 y=-0.45 dist=0.54 m[0m
[02:07:30] [0m[INFO] [1779732444.307798701]: [Perception] Post 1: x=-0.31 y=-0.45 dist=0.54 m[0m
[02:07:30] [0m[INFO] [1779732444.608329365]: [Perception] Post 1: x=-0.31 y=-0.45 dist=0.55 m[0m
[02:07:30] [0m[INFO] [1779732444.958248827]: [Perception] Post 1: x=-0.30 y=-0.45 dist=0.54 m[0m
[02:07:30] [0m[INFO] [1779732445.308123064]: [Perception] Post 1: x=-0.30 y=-0.45 dist=0.54 m[0m
[02:07:30] [0m[INFO] [1779732445.657591127]: [Perception] Post 1: x=-0.30 y=-0.45 dist=0.54 m[0m
[02:07:30] [0m[INFO] [1779732445.957648857]: [Perception] Post 1: x=-0.31 y=-0.45 dist=0.54 m[0m
[02:07:30] [0m[INFO] [1779732446.258822334]: [Perception] Post 1: x=-0.31 y=-0.45 dist=0.54 m[0m
[02:07:30] [0m[INFO] [1779732446.607362871]: [Perception] Post 1: x=-0.30 y=-0.45 dist=0.54 m[0m
[02:07:30] [0m[INFO] [1779732446.907571908]: [Perception] Post 1: x=-0.31 y=-0.45 dist=0.54 m[0m
[02:07:30] [0m[INFO] [1779732447.257496211]: [Perception] Post 1: x=-0.30 y=-0.45 dist=0.54 m[0m
[02:07:30] [0m[INFO] [1779732447.557601608]: [Perception] Post 1: x=-0.30 y=-0.45 dist=0.54 m[0m
[02:07:30] [0m[INFO] [1779732447.858418531]: [Perception] Post 1: x=-0.30 y=-0.45 dist=0.54 m[0m
[02:07:30] [0m[INFO] [1779732448.207217096]: [Perception] Post 1: x=-0.31 y=-0.45 dist=0.55 m[0m
[02:07:30] [0m[INFO] [1779732448.507483391]: [Perception] Post 1: x=-0.30 y=-0.45 dist=0.54 m[0m
[02:07:30] [0m[INFO] [1779732448.807966929]: [Perception] Post 1: x=-0.31 y=-0.45 dist=0.55 m[0m
[02:07:30] [0m[INFO] [1779732449.157378205]: [Perception] Post 1: x=-0.31 y=-0.45 dist=0.54 m[0m
[02:07:30] [0m[INFO] [1779732449.457405443]: [Perception] Post 1: x=-0.31 y=-0.45 dist=0.54 m[0m
[02:07:30] [0m[INFO] [1779732449.758406231]: [Perception] Post 1: x=-0.30 y=-0.45 dist=0.54 m[0m
[02:07:30] [0m[INFO] [1779732450.107569608]: [Perception] Post 1: x=-0.31 y=-0.45 dist=0.55 m[0m
[02:07:45] [0m[INFO] [1779732450.407761404]: [Perception] Post 1: x=-0.30 y=-0.45 dist=0.54 m[0m
[02:07:45] [0m[INFO] [1779732450.757461995]: [Perception] Post 1: x=-0.30 y=-0.45 dist=0.54 m[0m
[02:07:45] [0m[INFO] [1779732451.057685824]: [Perception] Post 1: x=-0.30 y=-0.45 dist=0.54 m[0m
[02:07:45] [0m[INFO] [1779732451.358486963]: [Perception] Post 1: x=-0.31 y=-0.45 dist=0.54 m[0m
[02:07:45] [0m[INFO] [1779732451.707749994]: [Perception] Post 1: x=-0.30 y=-0.45 dist=0.54 m[0m
[02:07:45] [0m[INFO] [1779732452.057690597]: [Perception] Post 1: x=-0.31 y=-0.45 dist=0.54 m[0m
[02:07:45] [0m[INFO] [1779732452.357989952]: [Perception] Post 1: x=-0.31 y=-0.45 dist=0.54 m[0m
[02:07:45] [0m[INFO] [1779732452.707713190]: [Perception] Post 1: x=-0.30 y=-0.45 dist=0.54 m[0m
[02:07:45] [0m[INFO] [1779732453.007729015]: [Perception] Post 1: x=-0.30 y=-0.45 dist=0.54 m[0m
[02:07:45] [0m[INFO] [1779732453.307971876]: [Perception] Post 1: x=-0.30 y=-0.45 dist=0.54 m[0m
[02:07:45] [0m[INFO] [1779732453.657378477]: [Perception] Post 1: x=-0.31 y=-0.45 dist=0.54 m[0m
[02:07:45] [0m[INFO] [1779732453.957583440]: [Perception] Post 1: x=-0.30 y=-0.45 dist=0.54 m[0m
[02:07:45] [0m[INFO] [1779732454.258057852]: [Perception] Post 1: x=-0.30 y=-0.45 dist=0.54 m[0m
[02:07:45] [0m[INFO] [1779732454.608027323]: [Perception] Post 1: x=-0.31 y=-0.45 dist=0.54 m[0m
[02:07:45] [0m[INFO] [1779732454.957897503]: [Perception] Post 1: x=-0.31 y=-0.45 dist=0.54 m[0m
[02:07:45] [0m[INFO] [1779732455.257904416]: [Perception] Post 1: x=-0.30 y=-0.45 dist=0.54 m[0m
[02:07:45] [0m[INFO] [1779732455.558400248]: [Perception] Post 1: x=-0.30 y=-0.45 dist=0.54 m[0m
[02:07:45] [0m[INFO] [1779732455.907822832]: [Perception] Post 1: x=-0.31 y=-0.45 dist=0.54 m[0m
[02:07:45] [0m[INFO] [1779732456.257479491]: [Perception] Post 1: x=-0.31 y=-0.45 dist=0.55 m[0m
[02:07:45] [0m[INFO] [1779732456.607695664]: [Perception] Post 1: x=-0.30 y=-0.45 dist=0.54 m[0m
[02:07:45] [0m[INFO] [1779732456.908158834]: [Perception] Post 1: x=-0.30 y=-0.45 dist=0.54 m[0m
[02:07:45] [0m[INFO] [1779732457.257684807]: [Perception] Post 1: x=-0.31 y=-0.45 dist=0.54 m[0m
[02:07:45] [0m[INFO] [1779732457.608028974]: [Perception] Post 1: x=-0.30 y=-0.45 dist=0.54 m[0m
[02:07:45] [0m[INFO] [1779732457.908445323]: [Perception] Post 1: x=-0.31 y=-0.45 dist=0.55 m[0m
[02:07:45] [0m[INFO] [1779732458.258253684]: [Perception] Post 1: x=-0.30 y=-0.45 dist=0.54 m[0m
[02:07:45] [0m[INFO] [1779732458.607372782]: [Perception] Post 1: x=-0.30 y=-0.45 dist=0.54 m[0m
[02:07:45] [0m[INFO] [1779732458.957419333]: [Perception] Post 1: x=-0.31 y=-0.45 dist=0.54 m[0m
[02:07:45] [0m[INFO] [1779732459.258253861]: [Perception] Post 1: x=-0.31 y=-0.45 dist=0.55 m[0m
[02:07:45] [0m[INFO] [1779732459.607440995]: [Perception] Post 1: x=-0.30 y=-0.45 dist=0.54 m[0m
[02:07:45] [0m[INFO] [1779732459.907729155]: [Perception] Post 1: x=-0.31 y=-0.45 dist=0.54 m[0m
[02:07:45] [0m[INFO] [1779732460.208270328]: [Perception] Post 1: x=-0.31 y=-0.45 dist=0.54 m[0m
[02:07:45] [0m[INFO] [1779732460.557946893]: [Perception] Post 1: x=-0.31 y=-0.45 dist=0.54 m[0m
[02:07:45] [0m[INFO] [1779732460.858002137]: [Perception] Post 1: x=-0.31 y=-0.45 dist=0.54 m[0m
[02:07:45] [0m[INFO] [1779732461.208988005]: [Perception] Post 1: x=-0.31 y=-0.45 dist=0.54 m[0m
[02:07:45] [0m[INFO] [1779732461.557988750]: [Perception] Post 1: x=-0.31 y=-0.45 dist=0.54 m[0m
[02:07:45] [0m[INFO] [1779732461.858160661]: [Perception] Post 1: x=-0.31 y=-0.45 dist=0.54 m[0m
[02:07:45] [0m[INFO] [1779732462.158423045]: [Perception] Post 1: x=-0.30 y=-0.45 dist=0.54 m[0m
[02:07:45] [0m[INFO] [1779732462.508474871]: [Perception] Post 1: x=-0.30 y=-0.45 dist=0.54 m[0m
[02:07:45] [0m[INFO] [1779732462.858175361]: [Perception] Post 1: x=-0.30 y=-0.45 dist=0.54 m[0m
[02:07:45] [0m[INFO] [1779732463.159070915]: [Perception] Post 1: x=-0.30 y=-0.45 dist=0.54 m[0m
[02:07:45] [0m[INFO] [1779732463.507626529]: [Perception] Post 1: x=-0.30 y=-0.45 dist=0.54 m[0m
[02:07:45] [0m[INFO] [1779732463.809086172]: [Perception] Post 1: x=-0.30 y=-0.45 dist=0.54 m[0m
[02:07:45] [0m[INFO] [1779732464.157523766]: [Perception] Post 1: x=-0.31 y=-0.45 dist=0.54 m[0m
[02:07:45] [0m[INFO] [1779732464.458144816]: [Perception] Post 1: x=-0.30 y=-0.45 dist=0.54 m[0m
[02:07:45] [0m[INFO] [1779732464.807482581]: [Perception] Post 1: x=-0.31 y=-0.45 dist=0.54 m[0m
[02:07:45] [0m[INFO] [1779732465.107684717]: [Perception] Post 1: x=-0.30 y=-0.45 dist=0.54 m[0m
[02:08:01] [0m[INFO] [1779732465.457437750]: [Perception] Post 1: x=-0.31 y=-0.45 dist=0.55 m[0m
[02:08:01] [0m[INFO] [1779732465.807626373]: [Perception] Post 1: x=-0.30 y=-0.45 dist=0.54 m[0m
[02:08:01] [0m[INFO] [1779732466.158299819]: [Perception] Post 1: x=-0.31 y=-0.45 dist=0.54 m[0m
[02:08:01] [0m[INFO] [1779732466.458439564]: [Perception] Post 1: x=-0.30 y=-0.45 dist=0.54 m[0m
[02:08:01] [0m[INFO] [1779732466.807172474]: [Perception] Post 1: x=-0.30 y=-0.45 dist=0.54 m[0m
[02:08:01] [0m[INFO] [1779732467.107426883]: [Perception] Post 1: x=-0.31 y=-0.45 dist=0.55 m[0m
[02:08:01] [0m[INFO] [1779732467.407756243]: [Perception] Post 1: x=-0.31 y=-0.45 dist=0.54 m[0m
[02:08:01] [0m[INFO] [1779732467.757693180]: [Perception] Post 1: x=-0.30 y=-0.45 dist=0.54 m[0m
[02:08:01] [0m[INFO] [1779732468.058531864]: [Perception] Post 1: x=-0.31 y=-0.45 dist=0.55 m[0m
[02:08:01] [0m[INFO] [1779732468.407555325]: [Perception] Post 1: x=-0.30 y=-0.45 dist=0.54 m[0m
[02:08:01] [0m[INFO] [1779732468.707828987]: [Perception] Post 1: x=-0.31 y=-0.45 dist=0.54 m[0m
[02:08:01] [0m[INFO] [1779732469.058644767]: [Perception] Post 1: x=-0.31 y=-0.45 dist=0.54 m[0m
[02:08:01] [0m[INFO] [1779732469.407114300]: [Perception] Post 1: x=-0.30 y=-0.45 dist=0.54 m[0m
[02:08:01] [0m[INFO] [1779732469.709626541]: [Perception] Post 1: x=-0.31 y=-0.45 dist=0.54 m[0m
[02:08:01] [0m[INFO] [1779732470.057432027]: [Perception] Post 1: x=-0.30 y=-0.45 dist=0.54 m[0m
[02:08:01] [0m[INFO] [1779732470.357470422]: [Perception] Post 1: x=-0.30 y=-0.45 dist=0.54 m[0m
[02:08:01] [0m[INFO] [1779732470.708353756]: [Perception] Post 1: x=-0.30 y=-0.45 dist=0.54 m[0m
[02:08:01] [0m[INFO] [1779732471.057520979]: [Perception] Post 1: x=-0.31 y=-0.45 dist=0.54 m[0m
[02:08:01] [0m[INFO] [1779732471.408072942]: [Perception] Post 1: x=-0.30 y=-0.45 dist=0.54 m[0m
[02:08:01] [0m[INFO] [1779732471.757289575]: [Perception] Post 1: x=-0.31 y=-0.45 dist=0.55 m[0m
[02:08:01] [0m[INFO] [1779732472.058547015]: [Perception] Post 1: x=-0.31 y=-0.45 dist=0.55 m[0m
[02:08:01] [0m[INFO] [1779732472.408768649]: [Perception] Post 1: x=-0.30 y=-0.45 dist=0.54 m[0m
[02:08:01] [0m[INFO] [1779732472.757582728]: [Perception] Post 1: x=-0.31 y=-0.45 dist=0.55 m[0m
[02:08:01] [0m[INFO] [1779732473.057591949]: [Perception] Post 1: x=-0.31 y=-0.45 dist=0.54 m[0m
[02:08:01] [0m[INFO] [1779732473.358730304]: [Perception] Post 1: x=-0.30 y=-0.45 dist=0.54 m[0m
[02:08:01] [0m[INFO] [1779732473.659331468]: [Perception] Post 1: x=-0.31 y=-0.45 dist=0.54 m[0m
[02:08:01] [0m[INFO] [1779732474.008516635]: [Perception] Post 1: x=-0.30 y=-0.45 dist=0.54 m[0m
[02:08:01] [0m[INFO] [1779732474.357545392]: [Perception] Post 1: x=-0.30 y=-0.45 dist=0.54 m[0m
[02:08:01] [0m[INFO] [1779732474.658851394]: [Perception] Post 1: x=-0.30 y=-0.45 dist=0.54 m[0m
[02:08:01] [0m[INFO] [1779732475.007792708]: [Perception] Post 1: x=-0.31 y=-0.45 dist=0.55 m[0m
[02:08:01] [0m[INFO] [1779732475.307864957]: [Perception] Post 1: x=-0.31 y=-0.45 dist=0.54 m[0m
[02:08:01] [0m[INFO] [1779732475.657420959]: [Perception] Post 1: x=-0.30 y=-0.45 dist=0.54 m[0m
[02:08:01] [0m[INFO] [1779732475.958512101]: [Perception] Post 1: x=-0.30 y=-0.45 dist=0.54 m[0m
[02:08:01] [0m[INFO] [1779732476.307689187]: [Perception] Post 1: x=-0.31 y=-0.45 dist=0.54 m[0m
[02:08:01] [0m[INFO] [1779732476.658513176]: [Perception] Post 1: x=-0.31 y=-0.45 dist=0.54 m[0m
[02:08:01] [0m[INFO] [1779732477.008206624]: [Perception] Post 1: x=-0.30 y=-0.45 dist=0.54 m[0m
[02:08:01] [0m[INFO] [1779732477.357458069]: [Perception] Post 1: x=-0.30 y=-0.45 dist=0.54 m[0m
[02:08:01] [0m[INFO] [1779732477.658307187]: [Perception] Post 1: x=-0.30 y=-0.45 dist=0.54 m[0m
[02:08:01] [0m[INFO] [1779732477.959022180]: [Perception] Post 1: x=-0.31 y=-0.45 dist=0.55 m[0m
[02:08:01] [0m[INFO] [1779732478.308919796]: [Perception] Post 1: x=-0.31 y=-0.45 dist=0.54 m[0m
[02:08:01] [0m[INFO] [1779732478.658019775]: [Perception] Post 1: x=-0.31 y=-0.45 dist=0.55 m[0m
[02:08:01] [0m[INFO] [1779732478.958525560]: [Perception] Post 1: x=-0.31 y=-0.45 dist=0.54 m[0m
[02:08:01] [0m[INFO] [1779732479.307860420]: [Perception] Post 1: x=-0.30 y=-0.45 dist=0.54 m[0m
[02:08:01] [0m[INFO] [1779732479.608148376]: [Perception] Post 1: x=-0.30 y=-0.45 dist=0.54 m[0m
[02:08:01] [0m[INFO] [1779732479.958371998]: [Perception] Post 1: x=-0.31 y=-0.45 dist=0.54 m[0m
[02:08:01] [0m[INFO] [1779732480.307617015]: [Perception] Post 1: x=-0.30 y=-0.45 dist=0.54 m[0m
[02:08:01] [0m[INFO] [1779732480.658024616]: [Perception] Post 1: x=-0.31 y=-0.45 dist=0.54 m[0m
[02:08:16] [0m[INFO] [1779732481.007670611]: [Perception] Post 1: x=-0.31 y=-0.45 dist=0.55 m[0m
[02:08:16] [0m[INFO] [1779732481.307669656]: [Perception] Post 1: x=-0.31 y=-0.45 dist=0.54 m[0m
[02:08:16] [0m[INFO] [1779732481.608064068]: [Perception] Post 1: x=-0.30 y=-0.45 dist=0.54 m[0m
[02:08:16] [0m[INFO] [1779732481.958397358]: [Perception] Post 1: x=-0.31 y=-0.45 dist=0.55 m[0m
[02:08:16] [0m[INFO] [1779732482.307464918]: [Perception] Post 1: x=-0.31 y=-0.45 dist=0.54 m[0m
[02:08:16] [0m[INFO] [1779732482.608324957]: [Perception] Post 1: x=-0.31 y=-0.45 dist=0.54 m[0m
[02:08:16] [0m[INFO] [1779732482.957288762]: [Perception] Post 1: x=-0.30 y=-0.45 dist=0.54 m[0m
[02:08:16] [0m[INFO] [1779732483.258007064]: [Perception] Post 1: x=-0.30 y=-0.45 dist=0.54 m[0m
[02:08:16] [0m[INFO] [1779732483.558148837]: [Perception] Post 1: x=-0.31 y=-0.45 dist=0.54 m[0m
[02:08:16] [0m[INFO] [1779732483.858365977]: [Perception] Post 1: x=-0.31 y=-0.45 dist=0.54 m[0m
[02:08:16] [0m[INFO] [1779732484.207791213]: [Perception] Post 1: x=-0.30 y=-0.45 dist=0.54 m[0m
[02:08:16] [0m[INFO] [1779732484.508063326]: [Perception] Post 1: x=-0.30 y=-0.45 dist=0.54 m[0m
[02:08:16] [0m[INFO] [1779732484.808560919]: [Perception] Post 1: x=-0.31 y=-0.45 dist=0.54 m[0m
[02:08:16] [0m[INFO] [1779732485.157687836]: [Perception] Post 1: x=-0.30 y=-0.45 dist=0.54 m[0m
[02:08:16] [0m[INFO] [1779732485.508081248]: [Perception] Post 1: x=-0.30 y=-0.45 dist=0.54 m[0m
[02:08:16] [0m[INFO] [1779732485.857844112]: [Perception] Post 1: x=-0.31 y=-0.45 dist=0.54 m[0m
[02:08:16] [0m[INFO] [1779732486.208516836]: [Perception] Post 1: x=-0.30 y=-0.45 dist=0.54 m[0m
[02:08:16] [0m[INFO] [1779732486.508939903]: [Perception] Post 1: x=-0.31 y=-0.45 dist=0.54 m[0m
[02:08:16] [0m[INFO] [1779732486.857446955]: [Perception] Post 1: x=-0.31 y=-0.45 dist=0.54 m[0m
[02:08:16] [0m[INFO] [1779732487.158506086]: [Perception] Post 1: x=-0.31 y=-0.45 dist=0.54 m[0m
[02:08:16] [0m[INFO] [1779732487.508504947]: [Perception] Post 1: x=-0.30 y=-0.45 dist=0.54 m[0m
[02:08:16] [0m[INFO] [1779732487.857662534]: [Perception] Post 1: x=-0.30 y=-0.45 dist=0.54 m[0m
[02:08:16] [0m[INFO] [1779732488.207522485]: [Perception] Post 1: x=-0.30 y=-0.45 dist=0.54 m[0m
[02:08:16] [0m[INFO] [1779732488.507685215]: [Perception] Post 1: x=-0.30 y=-0.45 dist=0.54 m[0m
[02:08:16] [0m[INFO] [1779732488.858479822]: [Perception] Post 1: x=-0.30 y=-0.45 dist=0.54 m[0m
[02:08:16] [0m[INFO] [1779732489.207648944]: [Perception] Post 1: x=-0.31 y=-0.45 dist=0.54 m[0m
[02:08:16] [0m[INFO] [1779732489.508038908]: [Perception] Post 1: x=-0.30 y=-0.45 dist=0.54 m[0m
[02:08:16] [0m[INFO] [1779732489.857556294]: [Perception] Post 1: x=-0.30 y=-0.45 dist=0.54 m[0m
[02:08:16] [0m[INFO] [1779732490.158156115]: [Perception] Post 1: x=-0.30 y=-0.45 dist=0.54 m[0m
[02:08:16] [0m[INFO] [1779732490.509037118]: [Perception] Post 1: x=-0.31 y=-0.45 dist=0.54 m[0m
[02:08:16] [0m[INFO] [1779732490.857380619]: [Perception] Post 1: x=-0.30 y=-0.45 dist=0.54 m[0m
[02:08:16] [0m[INFO] [1779732491.158165619]: [Perception] Post 1: x=-0.30 y=-0.45 dist=0.54 m[0m
[02:08:16] [0m[INFO] [1779732491.508116373]: [Perception] Post 1: x=-0.31 y=-0.45 dist=0.54 m[0m
[02:08:16] [0m[INFO] [1779732491.857371472]: [Perception] Post 1: x=-0.30 y=-0.45 dist=0.54 m[0m
[02:08:16] [0m[INFO] [1779732492.207538664]: [Perception] Post 1: x=-0.30 y=-0.45 dist=0.54 m[0m
[02:08:16] [0m[INFO] [1779732492.557685927]: [Perception] Post 1: x=-0.30 y=-0.45 dist=0.54 m[0m
[02:08:16] [0m[INFO] [1779732492.858573784]: [Perception] Post 1: x=-0.31 y=-0.45 dist=0.55 m[0m
[02:08:16] [0m[INFO] [1779732493.207804742]: [Perception] Post 1: x=-0.30 y=-0.45 dist=0.54 m[0m
[02:08:16] [0m[INFO] [1779732493.557693752]: [Perception] Post 1: x=-0.31 y=-0.45 dist=0.54 m[0m
[02:08:16] [0m[INFO] [1779732493.858325551]: [Perception] Post 1: x=-0.31 y=-0.45 dist=0.54 m[0m
[02:08:16] [0m[INFO] [1779732494.208349665]: [Perception] Post 1: x=-0.30 y=-0.45 dist=0.54 m[0m
[02:08:16] [0m[INFO] [1779732494.558020814]: [Perception] Post 1: x=-0.30 y=-0.45 dist=0.54 m[0m
[02:08:16] [0m[INFO] [1779732494.908587065]: [Perception] Post 1: x=-0.31 y=-0.45 dist=0.54 m[0m
[02:08:16] [0m[INFO] [1779732495.257608121]: [Perception] Post 1: x=-0.30 y=-0.45 dist=0.54 m[0m
[02:08:16] [0m[INFO] [1779732495.557835983]: [Perception] Post 1: x=-0.30 y=-0.45 dist=0.54 m[0m
[02:08:16] [0m[INFO] [1779732495.907822068]: [Perception] Post 1: x=-0.30 y=-0.45 dist=0.54 m[0m
[02:08:31] [0m[INFO] [1779732496.259022360]: [Perception] Post 1: x=-0.30 y=-0.45 dist=0.54 m[0m
[02:08:31] [0m[INFO] [1779732496.607981013]: [Perception] Post 1: x=-0.30 y=-0.45 dist=0.54 m[0m
[02:08:31] [0m[INFO] [1779732496.958160917]: [Perception] Post 1: x=-0.30 y=-0.45 dist=0.54 m[0m
[02:08:31] [0m[INFO] [1779732497.308068097]: [Perception] Post 1: x=-0.30 y=-0.45 dist=0.54 m[0m
[02:08:31] [0m[INFO] [1779732497.609011226]: [Perception] Post 1: x=-0.31 y=-0.45 dist=0.54 m[0m
[02:08:31] [0m[INFO] [1779732497.957243248]: [Perception] Post 1: x=-0.31 y=-0.45 dist=0.55 m[0m
[02:08:31] [0m[INFO] [1779732498.307990212]: [Perception] Post 1: x=-0.31 y=-0.45 dist=0.54 m[0m
[02:08:31] [0m[INFO] [1779732498.657498734]: [Perception] Post 1: x=-0.30 y=-0.45 dist=0.54 m[0m
[02:08:31] [0m[INFO] [1779732499.007356283]: [Perception] Post 1: x=-0.30 y=-0.45 dist=0.54 m[0m
[02:08:31] [0m[INFO] [1779732499.308061792]: [Perception] Post 1: x=-0.30 y=-0.45 dist=0.54 m[0m
[02:08:31] [0m[INFO] [1779732499.657895176]: [Perception] Post 1: x=-0.30 y=-0.45 dist=0.54 m[0m
[02:08:31] [0m[INFO] [1779732500.008344153]: [Perception] Post 1: x=-0.31 y=-0.45 dist=0.54 m[0m
[02:08:31] [0m[INFO] [1779732500.357522668]: [Perception] Post 1: x=-0.30 y=-0.45 dist=0.54 m[0m
[02:08:31] [0m[INFO] [1779732500.657665993]: [Perception] Post 1: x=-0.30 y=-0.45 dist=0.54 m[0m
[02:08:31] [0m[INFO] [1779732500.958081249]: [Perception] Post 1: x=-0.31 y=-0.45 dist=0.54 m[0m
[02:08:31] [0m[INFO] [1779732501.307633952]: [Perception] Post 1: x=-0.31 y=-0.45 dist=0.54 m[0m
[02:08:31] [0m[INFO] [1779732501.608149477]: [Perception] Post 1: x=-0.31 y=-0.45 dist=0.54 m[0m
[02:08:31] [0m[INFO] [1779732501.957410869]: [Perception] Post 1: x=-0.30 y=-0.45 dist=0.54 m[0m
[02:08:31] [0m[INFO] [1779732502.257711084]: [Perception] Post 1: x=-0.31 y=-0.45 dist=0.54 m[0m
[02:08:31] [0m[INFO] [1779732502.557993128]: [Perception] Post 1: x=-0.30 y=-0.45 dist=0.54 m[0m
[02:08:31] [0m[INFO] [1779732502.907622010]: [Perception] Post 1: x=-0.31 y=-0.45 dist=0.54 m[0m
[02:08:31] [0m[INFO] [1779732503.208011846]: [Perception] Post 1: x=-0.31 y=-0.45 dist=0.55 m[0m
[02:08:31] [0m[INFO] [1779732503.509073618]: [Perception] Post 1: x=-0.31 y=-0.45 dist=0.54 m[0m
[02:08:31] [0m[INFO] [1779732503.857725575]: [Perception] Post 1: x=-0.30 y=-0.45 dist=0.54 m[0m
[02:08:31] [0m[INFO] [1779732504.208979500]: [Perception] Post 1: x=-0.31 y=-0.45 dist=0.54 m[0m
[02:08:31] [0m[INFO] [1779732504.558574929]: [Perception] Post 1: x=-0.31 y=-0.45 dist=0.54 m[0m
[02:08:31] [0m[INFO] [1779732504.908373412]: [Perception] Post 1: x=-0.31 y=-0.45 dist=0.54 m[0m
[02:08:31] [0m[INFO] [1779732505.208428425]: [Perception] Post 1: x=-0.30 y=-0.45 dist=0.54 m[0m
[02:08:31] [0m[INFO] [1779732505.509133680]: [Perception] Post 1: x=-0.30 y=-0.45 dist=0.54 m[0m
[02:08:31] [0m[INFO] [1779732505.857788742]: [Perception] Post 1: x=-0.30 y=-0.45 dist=0.54 m[0m
[02:08:31] [0m[INFO] [1779732506.208585620]: [Perception] Post 1: x=-0.30 y=-0.45 dist=0.54 m[0m
[02:08:31] [0m[INFO] [1779732506.558525247]: [Perception] Post 1: x=-0.30 y=-0.45 dist=0.54 m[0m
[02:08:31] [0m[INFO] [1779732506.858932754]: [Perception] Post 1: x=-0.30 y=-0.45 dist=0.54 m[0m
[02:08:31] [0m[INFO] [1779732507.208257421]: [Perception] Post 1: x=-0.30 y=-0.45 dist=0.54 m[0m
[02:08:31] [0m[INFO] [1779732507.509113631]: [Perception] Post 1: x=-0.30 y=-0.45 dist=0.54 m[0m
[02:08:31] [0m[INFO] [1779732507.858107477]: [Perception] Post 1: x=-0.31 y=-0.45 dist=0.54 m[0m
[02:08:31] [0m[INFO] [1779732508.207563318]: [Perception] Post 1: x=-0.31 y=-0.45 dist=0.54 m[0m
[02:08:31] [0m[INFO] [1779732508.557830658]: [Perception] Post 1: x=-0.30 y=-0.45 dist=0.54 m[0m
[02:08:31] [0m[INFO] [1779732508.857941647]: [Perception] Post 1: x=-0.31 y=-0.45 dist=0.54 m[0m
[02:08:31] [0m[INFO] [1779732509.158085049]: [Perception] Post 1: x=-0.30 y=-0.45 dist=0.54 m[0m
[02:08:31] [0m[INFO] [1779732509.458493479]: [Perception] Post 1: x=-0.31 y=-0.45 dist=0.54 m[0m
[02:08:31] [0m[INFO] [1779732509.808450152]: [Perception] Post 1: x=-0.30 y=-0.45 dist=0.54 m[0m
[02:08:31] [0m[INFO] [1779732510.158242938]: [Perception] Post 1: x=-0.30 y=-0.45 dist=0.54 m[0m
[02:08:31] [0m[INFO] [1779732510.508510495]: [Perception] Post 1: x=-0.31 y=-0.45 dist=0.54 m[0m
[02:08:31] [0m[INFO] [1779732510.858773582]: [Perception] Post 1: x=-0.31 y=-0.45 dist=0.55 m[0m
[02:08:31] [0m[INFO] [1779732511.208992999]: [Perception] Post 1: x=-0.30 y=-0.45 dist=0.54 m[0m
[02:08:31] [0m[INFO] [1779732511.558465609]: [Perception] Post 1: x=-0.31 y=-0.45 dist=0.54 m[0m
